/* Generated by fontgen.py (Montserrat Medium + Font Awesome 5), size 18 px, bpp 4 */
#ifdef LV_LVGL_H_INCLUDE_SIMPLE
#include "lvgl.h"
#else
#include "lvgl.h"
#endif

static LV_ATTRIBUTE_LARGE_CONST const uint8_t glyph_bitmap[] = {
    0x9f, 0x68, 0xf6, 0x8f, 0x57, 0xf5, 0x6f, 0x46, 0xf3, 0x5f, 0x35, 0xf2, 0x4f, 0x20, 0x0, 0x2,
    0x9, 0xf6, 0x7e, 0x50, 0xd9, 0x9, 0xdd, 0x90, 0x9d, 0xc9, 0x8, 0xdc, 0x80, 0x8c, 0xc8, 0x8,
    0xc0, 0x0, 0x0, 0xe5, 0x0, 0x4f, 0x0, 0x0, 0x0, 0x1f, 0x30, 0x6, 0xd0, 0x0, 0x0, 0x3,
    0xf1, 0x0, 0x8b, 0x0, 0x0, 0xef, 0xff, 0xff, 0xff, 0xff, 0xf3, 0x8, 0x8b, 0xe8, 0x88, 0xec,
    0x88, 0x10, 0x0, 0x8b, 0x0, 0xd, 0x60, 0x0, 0x0, 0xa, 0x90, 0x0, 0xf4, 0x0, 0x0, 0x0,
    0xc7, 0x0, 0x2f, 0x20, 0x0, 0x8f, 0xff, 0xff, 0xff, 0xff, 0xf9, 0x4, 0x89, 0xfa, 0x88, 0xbe,
    0x88, 0x50, 0x0, 0x2f, 0x20, 0x7, 0xc0, 0x0, 0x0, 0x4, 0xf0, 0x0, 0x9b, 0x0, 0x0, 0x0,
    0x5e, 0x0, 0xa, 0x90, 0x0, 0x0, 0x0, 0x0, 0x7, 0x20, 0x0, 0x0, 0x0, 0x0, 0xd4, 0x0,
    0x0, 0x0, 0x0, 0xd, 0x40, 0x0, 0x0, 0x2, 0x9d, 0xff, 0xd9, 0x20, 0x3, 0xef, 0xae, 0xbb,
    0xfb, 0x0, 0xbf, 0x30, 0xd4, 0x2, 0x40, 0xe, 0xd0, 0xd, 0x40, 0x0, 0x0, 0xcf, 0x30, 0xd4,
    0x0, 0x0, 0x5, 0xff, 0xae, 0x50, 0x0, 0x0, 0x4, 0xcf, 0xff, 0xc6, 0x0, 0x0, 0x0, 0x2e,
    0xbe, 0xfb, 0x0, 0x0, 0x0, 0xd4, 0x1b, 0xf4, 0x0, 0x0, 0xd, 0x40, 0x6f, 0x60, 0xa3, 0x0,
    0xd4, 0xa, 0xf4, 0x1e, 0xfc, 0x9e, 0xbd, 0xfa, 0x0, 0x17, 0xce, 0xff, 0xc6, 0x0, 0x0, 0x0,
    0xd, 0x40, 0x0, 0x0, 0x0, 0x0, 0xd4, 0x0, 0x0, 0x2, 0xbe, 0xc3, 0x0, 0x0, 0x2e, 0x40,
    0x0, 0xce, 0x9d, 0xe1, 0x0, 0xc, 0x90, 0x0, 0x3f, 0x30, 0x1e, 0x50, 0x7, 0xd1, 0x0, 0x4,
    0xd0, 0x0, 0xa7, 0x2, 0xe4, 0x0, 0x0, 0x3e, 0x0, 0xb, 0x60, 0xc9, 0x0, 0x0, 0x0, 0xd7,
    0x4, 0xe1, 0x7d, 0x10, 0x0, 0x0, 0x3, 0xdf, 0xe5, 0x2e, 0x42, 0xae, 0xb3, 0x0, 0x0, 0x10,
    0xb, 0x90, 0xc9, 0x37, 0xe1, 0x0, 0x0, 0x6, 0xd1, 0x3e, 0x0, 0xc, 0x50, 0x0, 0x2, 0xe4,
    0x5, 0xd0, 0x0, 0xa7, 0x0, 0x0, 0xba, 0x0, 0x3f, 0x20, 0x1e, 0x60, 0x0, 0x6e, 0x10, 0x0,
    0xcd, 0x9d, 0xe1, 0x0, 0x2e, 0x50, 0x0, 0x2, 0xbe, 0xc3, 0x0, 0x0, 0x4, 0xce, 0xd9, 0x10,
    0x0, 0x0, 0x3, 0xfe, 0x9b, 0xf8, 0x0, 0x0, 0x0, 0x8f, 0x20, 0xa, 0xd0, 0x0, 0x0, 0x9,
    0xf1, 0x0, 0xbb, 0x0, 0x0, 0x0, 0x3f, 0x91, 0x9f, 0x40, 0x0, 0x0, 0x0, 0x8f, 0xee, 0x40,
    0x0, 0x0, 0x0, 0x2c, 0xff, 0x90, 0x0, 0x0, 0x0, 0x3e, 0xb2, 0x8f, 0x90, 0x1d, 0x40, 0xd,
    0xc0, 0x0, 0x7f, 0xa6, 0xf2, 0x2, 0xf8, 0x0, 0x0, 0x7f, 0xfb, 0x0, 0x1f, 0xd1, 0x0, 0x2,
    0xdf, 0xb0, 0x0, 0x8f, 0xea, 0x9b, 0xfe, 0x8f, 0xb0, 0x0, 0x5b, 0xef, 0xd8, 0x10, 0x68, 0x0,
    0xd9, 0xd9, 0xc9, 0xc8, 0xc8, 0x0, 0x6f, 0x40, 0xd, 0xc0, 0x4, 0xf6, 0x0, 0x8f, 0x20, 0xc,
    0xd0, 0x0, 0xfa, 0x0, 0x2f, 0x80, 0x3, 0xf7, 0x0, 0x4f, 0x60, 0x4, 0xf6, 0x0, 0x3f, 0x70,
    0x2, 0xf8, 0x0, 0xf, 0xa0, 0x0, 0xcd, 0x0, 0x8, 0xf2, 0x0, 0x4f, 0x60, 0x0, 0xdc, 0x0,
    0x6, 0xf4, 0x3f, 0x70, 0x0, 0xbe, 0x10, 0x5, 0xf5, 0x0, 0x1f, 0xa0, 0x0, 0xcd, 0x0, 0x9,
    0xf1, 0x0, 0x7f, 0x30, 0x6, 0xf4, 0x0, 0x5f, 0x50, 0x5, 0xf5, 0x0, 0x6f, 0x40, 0x7, 0xf3,
    0x0, 0x9f, 0x10, 0xc, 0xd0, 0x1, 0xfa, 0x0, 0x5f, 0x50, 0xb, 0xe1, 0x3, 0xf7, 0x0, 0x0,
    0xe, 0x20, 0x4, 0x60, 0xe2, 0x46, 0x4d, 0xce, 0xbe, 0x60, 0x1d, 0xfe, 0x30, 0x4d, 0xce, 0xbe,
    0x64, 0x60, 0xe2, 0x46, 0x0, 0xe, 0x20, 0x0, 0x0, 0x8, 0xf0, 0x0, 0x0, 0x0, 0x8f, 0x0,
    0x0, 0x0, 0x8, 0xf0, 0x0, 0xc, 0xff, 0xff, 0xff, 0xf4, 0x78, 0x8c, 0xf8, 0x88, 0x20, 0x0,
    0x8f, 0x0, 0x0, 0x0, 0x8, 0xf0, 0x0, 0x0, 0x0, 0x8f, 0x0, 0x0, 0xc, 0xd1, 0x1f, 0xf3,
    0x8, 0xe0, 0xa, 0x90, 0xe, 0x40, 0x88, 0x88, 0x7f, 0xff, 0xfd, 0x9, 0xa0, 0x2f, 0xf3, 0xc,
    0xc1, 0x0, 0x0, 0x0, 0x57, 0x0, 0x0, 0x0, 0xda, 0x0, 0x0, 0x4, 0xf5, 0x0, 0x0, 0x9,
    0xe0, 0x0, 0x0, 0xe, 0xa0, 0x0, 0x0, 0x4f, 0x50, 0x0, 0x0, 0x9e, 0x0, 0x0, 0x0, 0xe9,
    0x0, 0x0, 0x4, 0xf4, 0x0, 0x0, 0x9, 0xe0, 0x0, 0x0, 0xe, 0x90, 0x0, 0x0, 0x4f, 0x40,
    0x0, 0x0, 0xae, 0x0, 0x0, 0x0, 0xe9, 0x0, 0x0, 0x5, 0xf4, 0x0, 0x0, 0xa, 0xe0, 0x0,
    0x0, 0x1e, 0x90, 0x0, 0x0, 0x5f, 0x30, 0x0, 0x0, 0x0, 0x4, 0xbe, 0xeb, 0x40, 0x0, 0x0,
    0x6f, 0xe9, 0x9e, 0xf6, 0x0, 0x3, 0xfc, 0x10, 0x1, 0xcf, 0x30, 0x9, 0xf3, 0x0, 0x0, 0x3f,
    0x90, 0xe, 0xd0, 0x0, 0x0, 0xd, 0xe0, 0x1f, 0xb0, 0x0, 0x0, 0xb, 0xf1, 0x2f, 0xa0, 0x0,
    0x0, 0xa, 0xf2, 0x1f, 0xb0, 0x0, 0x0, 0xb, 0xf1, 0xe, 0xd0, 0x0, 0x0, 0xd, 0xe0, 0x9,
    0xf3, 0x0, 0x0, 0x3f, 0x90, 0x3, 0xfc, 0x10, 0x1, 0xcf, 0x30, 0x0, 0x6f, 0xe9, 0x9e, 0xf6,
    0x0, 0x0, 0x4, 0xbe, 0xeb, 0x40, 0x0, 0xdf, 0xff, 0xc7, 0x89, 0xfc, 0x0, 0xf, 0xc0, 0x0,
    0xfc, 0x0, 0xf, 0xc0, 0x0, 0xfc, 0x0, 0xf, 0xc0, 0x0, 0xfc, 0x0, 0xf, 0xc0, 0x0, 0xfc,
    0x0, 0xf, 0xc0, 0x0, 0xfc, 0x0, 0xf, 0xc0, 0x2, 0x8d, 0xee, 0xb5, 0x0, 0x4e, 0xfb, 0x9a,
    0xef, 0x70, 0x3c, 0x20, 0x0, 0x2e, 0xf1, 0x0, 0x0, 0x0, 0xa, 0xf2, 0x0, 0x0, 0x0, 0xb,
    0xf1, 0x0, 0x0, 0x0, 0x3f, 0xb0, 0x0, 0x0, 0x2, 0xee, 0x20, 0x0, 0x0, 0x2d, 0xf4, 0x0,
    0x0, 0x2, 0xde, 0x40, 0x0, 0x0, 0x2d, 0xe4, 0x0, 0x0, 0x2, 0xde, 0x40, 0x0, 0x0, 0x2d,
    0xfc, 0x88, 0x88, 0x86, 0x5f, 0xff, 0xff, 0xff, 0xfb, 0x5f, 0xff, 0xff, 0xff, 0xf0, 0x38, 0x88,
    0x88, 0xbf, 0xb0, 0x0, 0x0, 0x1, 0xed, 0x10, 0x0, 0x0, 0xc, 0xf3, 0x0, 0x0, 0x0, 0x9f,
    0x60, 0x0, 0x0, 0x5, 0xfe, 0x62, 0x0, 0x0, 0x6, 0xde, 0xfe, 0x60, 0x0, 0x0, 0x0, 0x4e,
    0xf2, 0x0, 0x0, 0x0, 0x7, 0xf6, 0x0, 0x0, 0x0, 0x6, 0xf6, 0x58, 0x10, 0x0, 0x1c, 0xf3,
    0xaf, 0xea, 0x9a, 0xef, 0x80, 0x5, 0xbe, 0xfe, 0xb5, 0x0, 0x0, 0x0, 0x0, 0x4f, 0xa0, 0x0,
    0x0, 0x0, 0x2, 0xed, 0x10, 0x0, 0x0, 0x0, 0xc, 0xe3, 0x0, 0x0, 0x0, 0x0, 0x9f, 0x60,
    0x0, 0x0, 0x0, 0x5, 0xf9, 0x0, 0x0, 0x0, 0x0, 0x3e, 0xc0, 0x3, 0xc5, 0x0, 0x1, 0xde,
    0x20, 0x4, 0xf7, 0x0, 0xa, 0xf4, 0x0, 0x4, 0xf7, 0x0, 0x4f, 0xff, 0xff, 0xff, 0xff, 0xfc,
    0x39, 0x99, 0x99, 0x9b, 0xfc, 0x98, 0x0, 0x0, 0x0, 0x5, 0xf7, 0x0, 0x0, 0x0, 0x0, 0x5,
    0xf7, 0x0, 0x0, 0x0, 0x0, 0x5, 0xf7, 0x0, 0x2, 0xff, 0xff, 0xff, 0xf0, 0x4, 0xfb, 0x88,
    0x88, 0x80, 0x6, 0xf5, 0x0, 0x0, 0x0, 0x7, 0xf3, 0x0, 0x0, 0x0, 0x9, 0xf2, 0x0, 0x0,
    0x0, 0xa, 0xff, 0xfe, 0xc7, 0x0, 0x6, 0x88, 0x9a, 0xef, 0xc0, 0x0, 0x0, 0x0, 0xa, 0xf6,
    0x0, 0x0, 0x0, 0x3, 0xfa, 0x0, 0x0, 0x0, 0x3, 0xfa, 0x2a, 0x20, 0x0, 0xa, 0xf6, 0x7f,
    0xfb, 0x9a, 0xdf, 0xb0, 0x4, 0xad, 0xfe, 0xc7, 0x0, 0x0, 0x2, 0x8d, 0xee, 0xc6, 0x0, 0x4,
    0xef, 0xb9, 0xad, 0x90, 0x1, 0xee, 0x30, 0x0, 0x1, 0x0, 0x8f, 0x40, 0x0, 0x0, 0x0, 0xd,
    0xd0, 0x0, 0x0, 0x0, 0x0, 0xfb, 0x2a, 0xef, 0xd7, 0x0, 0x2f, 0xce, 0xd9, 0xad, 0xfb, 0x1,
    0xff, 0xa0, 0x0, 0xa, 0xf5, 0xe, 0xf3, 0x0, 0x0, 0x3f, 0x90, 0xbf, 0x30, 0x0, 0x3, 0xf8,
    0x5, 0xfa, 0x0, 0x0, 0xaf, 0x40, 0x9, 0xfd, 0x99, 0xdf, 0xa0, 0x0, 0x5, 0xbe, 0xec, 0x60,
    0x0, 0x7f, 0xff, 0xff, 0xff, 0xff, 0x17, 0xfa, 0x88, 0x88, 0x9f, 0xe0, 0x7f, 0x40, 0x0, 0x6,
    0xf7, 0x6, 0xd4, 0x0, 0x0, 0xcf, 0x10, 0x0, 0x0, 0x0, 0x4f, 0x90, 0x0, 0x0, 0x0, 0xa,
    0xf3, 0x0, 0x0, 0x0, 0x2, 0xfb, 0x0, 0x0, 0x0, 0x0, 0x8f, 0x50, 0x0, 0x0, 0x0, 0x1e,
    0xd0, 0x0, 0x0, 0x0, 0x6, 0xf7, 0x0, 0x0, 0x0, 0x0, 0xde, 0x10, 0x0, 0x0, 0x0, 0x5f,
    0x90, 0x0, 0x0, 0x0, 0xb, 0xf3, 0x0, 0x0, 0x0, 0x0, 0x29, 0xdf, 0xec, 0x60, 0x0, 0x2e,
    0xfc, 0x9a, 0xef, 0xa0, 0x9, 0xf7, 0x0, 0x1, 0xcf, 0x30, 0xbf, 0x10, 0x0, 0x7, 0xf5, 0x8,
    0xf6, 0x0, 0x0, 0xcf, 0x20, 0x1c, 0xfc, 0x9a, 0xef, 0x70, 0x1, 0x9f, 0xff, 0xff, 0xe4, 0x0,
    0xaf, 0x93, 0x11, 0x5d, 0xf4, 0x1f, 0xc0, 0x0, 0x0, 0x3f, 0xa2, 0xfa, 0x0, 0x0, 0x1, 0xfb,
    0xe, 0xe3, 0x0, 0x0, 0x9f, 0x80, 0x5f, 0xfb, 0x9a, 0xdf, 0xd1, 0x0, 0x3a, 0xdf, 0xec, 0x71,
    0x0, 0x0, 0x6c, 0xee, 0xc6, 0x0, 0x0, 0x9f, 0xda, 0x9d, 0xfa, 0x0, 0x3f, 0xb0, 0x0, 0x8,
    0xf6, 0x7, 0xf5, 0x0, 0x0, 0xf, 0xc0, 0x6f, 0x60, 0x0, 0x2, 0xff, 0x12, 0xfe, 0x51, 0x14,
    0xdf, 0xf3, 0x5, 0xef, 0xff, 0xfb, 0x9f, 0x30, 0x1, 0x68, 0x74, 0xa, 0xf2, 0x0, 0x0, 0x0,
    0x0, 0xde, 0x0, 0x0, 0x0, 0x0, 0x4f, 0xa0, 0x1, 0x0, 0x0, 0x3e, 0xe2, 0x0, 0x7d, 0xa9,
    0xbf, 0xe5, 0x0, 0x5, 0xce, 0xfd, 0x92, 0x0, 0x0, 0x9, 0xa0, 0x2f, 0xf3, 0xc, 0xc1, 0x0,
    0x0, 0x0, 0x0, 0x0, 0x0, 0x0, 0x0, 0x9, 0xa0, 0x2f, 0xf3, 0xc, 0xc1, 0x9, 0xa0, 0x2f,
    0xf3, 0xc, 0xc1, 0x0, 0x0, 0x0, 0x0, 0x0, 0x0, 0x0, 0x0, 0x0, 0x0, 0xc, 0xd1, 0x1f,
    0xf3, 0x8, 0xe0, 0xa, 0x90, 0xe, 0x40, 0x0, 0x0, 0x0, 0x0, 0x10, 0x0, 0x0, 0x38, 0xe4,
    0x0, 0x16, 0xcf, 0xe8, 0x13, 0x9e, 0xfa, 0x50, 0x0, 0xcf, 0x81, 0x0, 0x0, 0x7, 0xef, 0xa4,
    0x0, 0x0, 0x1, 0x6c, 0xfd, 0x82, 0x0, 0x0, 0x3, 0x8e, 0xf3, 0x0, 0x0, 0x0, 0x5, 0x20,
    0xcf, 0xff, 0xff, 0xff, 0x47, 0x88, 0x88, 0x88, 0x82, 0x0, 0x0, 0x0, 0x0, 0x0, 0x0, 0x0,
    0x0, 0x0, 0x78, 0x88, 0x88, 0x88, 0x2c, 0xff, 0xff, 0xff, 0xf4, 0x10, 0x0, 0x0, 0x0, 0xc,
    0xb5, 0x0, 0x0, 0x0, 0x5b, 0xfe, 0x83, 0x0, 0x0, 0x2, 0x8d, 0xfc, 0x60, 0x0, 0x0, 0x4,
    0xdf, 0x40, 0x0, 0x27, 0xdf, 0xc2, 0x5, 0xbf, 0xe8, 0x30, 0xb, 0xfb, 0x50, 0x0, 0x0, 0x62,
    0x0, 0x0, 0x0, 0x0, 0x2, 0x9d, 0xfe, 0xb5, 0x0, 0x4e, 0xfb, 0x9a, 0xff, 0x80, 0x5c, 0x20,
    0x0, 0x3e, 0xe0, 0x0, 0x0, 0x0, 0xc, 0xf1, 0x0, 0x0, 0x0, 0x1e, 0xd0, 0x0, 0x0, 0x1,
    0xbf, 0x50, 0x0, 0x0, 0x1b, 0xf6, 0x0, 0x0, 0x0, 0x8f, 0x70, 0x0, 0x0, 0x0, 0xce, 0x0,
    0x0, 0x0, 0x0, 0x0, 0x0, 0x0, 0x0, 0x0, 0x11, 0x0, 0x0, 0x0, 0x1, 0xee, 0x10, 0x0,
    0x0, 0x0, 0xcd, 0x10, 0x0, 0x0, 0x0, 0x3, 0x8c, 0xef, 0xeb, 0x71, 0x0, 0x0, 0x0, 0x0,
    0x9f, 0xfc, 0xa9, 0xad, 0xfe, 0x60, 0x0, 0x0, 0x1c, 0xf8, 0x20, 0x0, 0x0, 0x3a, 0xf9, 0x0,
    0x0, 0x9f, 0x40, 0x3b, 0xee, 0xa2, 0xbc, 0x6f, 0x60, 0x4, 0xf6, 0x4, 0xff, 0xb9, 0xde, 0xdc,
    0x8, 0xe1, 0xa, 0xc0, 0xd, 0xe3, 0x0, 0xa, 0xfc, 0x1, 0xe6, 0xe, 0x70, 0x4f, 0x70, 0x0,
    0x1, 0xec, 0x0, 0xa9, 0x1f, 0x40, 0x6f, 0x40, 0x0, 0x0, 0xbc, 0x0, 0x8b, 0x2f, 0x30, 0x6f,
    0x30, 0x0, 0x0, 0xbc, 0x0, 0x8b, 0x1f, 0x40, 0x4f, 0x60, 0x0, 0x0, 0xec, 0x0, 0x99, 0xe,
    0x70, 0xd, 0xd1, 0x0, 0x8, 0xfd, 0x0, 0xd6, 0xa, 0xc0, 0x4, 0xfe, 0x87, 0xbe, 0xaf, 0x8a,
    0xe1, 0x4, 0xf6, 0x0, 0x3b, 0xee, 0xb3, 0x1b, 0xfc, 0x30, 0x0, 0x9e, 0x40, 0x0, 0x0, 0x0,
    0x0, 0x0, 0x0, 0x0, 0x1c, 0xf8, 0x10, 0x0, 0x0, 0x30, 0x0, 0x0, 0x0, 0x0, 0x9f, 0xfc,
    0xa9, 0xae, 0xf1, 0x0, 0x0, 0x0, 0x0, 0x3, 0x9c, 0xef, 0xd9, 0x30, 0x0, 0x0, 0x0, 0x0,
    0x8, 0xfa, 0x0, 0x0, 0x0, 0x0, 0x0, 0x1e, 0xff, 0x20, 0x0, 0x0, 0x0, 0x0, 0x6f, 0x7f,
    0x90, 0x0, 0x0, 0x0, 0x0, 0xdd, 0xb, 0xe1, 0x0, 0x0, 0x0, 0x4, 0xf6, 0x4, 0xf7, 0x0,
    0x0, 0x0, 0xb, 0xe1, 0x0, 0xcd, 0x0, 0x0, 0x0, 0x3f, 0x80, 0x0, 0x6f, 0x50, 0x0, 0x0,
    0x9f, 0x20, 0x0, 0xe, 0xc0, 0x0, 0x1, 0xef, 0xff, 0xff, 0xff, 0xf3, 0x0, 0x7, 0xf8, 0x88,
    0x88, 0x88, 0xfa, 0x0, 0xd, 0xc0, 0x0, 0x0, 0x0, 0xaf, 0x20, 0x5f, 0x60, 0x0, 0x0, 0x0,
    0x4f, 0x80, 0xcf, 0x10, 0x0, 0x0, 0x0, 0xd, 0xe1, 0x2f, 0xff, 0xff, 0xfd, 0xb4, 0x0, 0x2f,
    0xd8, 0x88, 0x9b, 0xff, 0x70, 0x2f, 0xa0, 0x0, 0x0, 0x2e, 0xe0, 0x2f, 0xa0, 0x0, 0x0, 0xc,
    0xf0, 0x2f, 0xa0, 0x0, 0x0, 0x2e, 0xc0, 0x2f, 0xd8, 0x88, 0x9a, 0xfe, 0x30, 0x2f, 0xff, 0xff,
    0xff, 0xfd, 0x50, 0x2f, 0xa0, 0x0, 0x1, 0x4d, 0xf3, 0x2f, 0xa0, 0x0, 0x0, 0x4, 0xf9, 0x2f,
    0xa0, 0x0, 0x0, 0x2, 0xfa, 0x2f, 0xa0, 0x0, 0x0, 0x8, 0xf8, 0x2f, 0xd8, 0x88, 0x89, 0xdf,
    0xe2, 0x2f, 0xff, 0xff, 0xff, 0xd9, 0x20, 0x0, 0x0, 0x4a, 0xdf, 0xeb, 0x50, 0x0, 0x1, 0xaf,
    0xeb, 0x9a, 0xef, 0xa1, 0x0, 0xbf, 0xa1, 0x0, 0x1, 0x9c, 0x10, 0x6f, 0xa0, 0x0, 0x0, 0x0,
    0x10, 0xc, 0xf2, 0x0, 0x0, 0x0, 0x0, 0x0, 0xfc, 0x0, 0x0, 0x0, 0x0, 0x0, 0x2f, 0xa0,
    0x0, 0x0, 0x0, 0x0, 0x0, 0xfc, 0x0, 0x0, 0x0, 0x0, 0x0, 0xc, 0xf1, 0x0, 0x0, 0x0,
    0x0, 0x0, 0x6f, 0xa0, 0x0, 0x0, 0x0, 0x0, 0x0, 0xbf, 0x91, 0x0, 0x0, 0x8b, 0x10, 0x1,
    0xbf, 0xeb, 0x9a, 0xef, 0xb1, 0x0, 0x0, 0x5a, 0xdf, 0xeb, 0x50, 0x0, 0x2f, 0xff, 0xff, 0xed,
    0xa4, 0x0, 0x2, 0xfd, 0x88, 0x89, 0xbf, 0xfa, 0x10, 0x2f, 0xa0, 0x0, 0x0, 0x2b, 0xfa, 0x2,
    0xfa, 0x0, 0x0, 0x0, 0xb, 0xf4, 0x2f, 0xa0, 0x0, 0x0, 0x0, 0x3f, 0xa2, 0xfa, 0x0, 0x0,
    0x0, 0x0, 0xed, 0x2f, 0xa0, 0x0, 0x0, 0x0, 0xc, 0xf2, 0xfa, 0x0, 0x0, 0x0, 0x0, 0xed,
    0x2f, 0xa0, 0x0, 0x0, 0x0, 0x3f, 0xa2, 0xfa, 0x0, 0x0, 0x0, 0xb, 0xf4, 0x2f, 0xa0, 0x0,
    0x0, 0x1a, 0xfa, 0x2, 0xfd, 0x88, 0x89, 0xbf, 0xfa, 0x10, 0x2f, 0xff, 0xff, 0xfd, 0xa4, 0x0,
    0x0, 0x2f, 0xff, 0xff, 0xff, 0xfc, 0x2, 0xfd, 0x88, 0x88, 0x88, 0x70, 0x2f, 0xa0, 0x0, 0x0,
    0x0, 0x2, 0xfa, 0x0, 0x0, 0x0, 0x0, 0x2f, 0xa0, 0x0, 0x0, 0x0, 0x2, 0xfd, 0x88, 0x88,
    0x88, 0x0, 0x2f, 0xff, 0xff, 0xff, 0xf0, 0x2, 0xfa, 0x0, 0x0, 0x0, 0x0, 0x2f, 0xa0, 0x0,
    0x0, 0x0, 0x2, 0xfa, 0x0, 0x0, 0x0, 0x0, 0x2f, 0xa0, 0x0, 0x0, 0x0, 0x2, 0xfd, 0x88,
    0x88, 0x88, 0x80, 0x2f, 0xff, 0xff, 0xff, 0xff, 0x0, 0x2f, 0xff, 0xff, 0xff, 0xfc, 0x2f, 0xd8,
    0x88, 0x88, 0x87, 0x2f, 0xa0, 0x0, 0x0, 0x0, 0x2f, 0xa0, 0x0, 0x0, 0x0, 0x2f, 0xa0, 0x0,
    0x0, 0x0, 0x2f, 0xa0, 0x0, 0x0, 0x0, 0x2f, 0xff, 0xff, 0xff, 0xf0, 0x2f, 0xd8, 0x88, 0x88,
    0x80, 0x2f, 0xa0, 0x0, 0x0, 0x0, 0x2f, 0xa0, 0x0, 0x0, 0x0, 0x2f, 0xa0, 0x0, 0x0, 0x0,
    0x2f, 0xa0, 0x0, 0x0, 0x0, 0x2f, 0xa0, 0x0, 0x0, 0x0, 0x0, 0x0, 0x4a, 0xdf, 0xeb, 0x60,
    0x0, 0x1, 0xaf, 0xfb, 0x9a, 0xdf, 0xc2, 0x0, 0xbf, 0xa1, 0x0, 0x0, 0x6c, 0x10, 0x6f, 0xa0,
    0x0, 0x0, 0x0, 0x0, 0xc, 0xf1, 0x0, 0x0, 0x0, 0x0, 0x0, 0xfc, 0x0, 0x0, 0x0, 0x0,
    0x0, 0x2f, 0xa0, 0x0, 0x0, 0x0, 0x39, 0x30, 0xfc, 0x0, 0x0, 0x0, 0x6, 0xf5, 0xc, 0xf1,
    0x0, 0x0, 0x0, 0x6f, 0x50, 0x6f, 0xa0, 0x0, 0x0, 0x6, 0xf5, 0x0, 0xbf, 0xa1, 0x0, 0x0,
    0x8f, 0x50, 0x1, 0xaf, 0xfb, 0x9a, 0xdf, 0xe3, 0x0, 0x0, 0x4a, 0xdf, 0xeb, 0x71, 0x0, 0x2f,
    0xa0, 0x0, 0x0, 0x1, 0xfb, 0x2f, 0xa0, 0x0, 0x0, 0x1, 0xfb, 0x2f, 0xa0, 0x0, 0x0, 0x1,
    0xfb, 0x2f, 0xa0, 0x0, 0x0, 0x1, 0xfb, 0x2f, 0xa0, 0x0, 0x0, 0x1, 0xfb, 0x2f, 0xd8, 0x88,
    0x88, 0x89, 0xfb, 0x2f, 0xff, 0xff, 0xff, 0xff, 0xfb, 0x2f, 0xa0, 0x0, 0x0, 0x1, 0xfb, 0x2f,
    0xa0, 0x0, 0x0, 0x1, 0xfb, 0x2f, 0xa0, 0x0, 0x0, 0x1, 0xfb, 0x2f, 0xa0, 0x0, 0x0, 0x1,
    0xfb, 0x2f, 0xa0, 0x0, 0x0, 0x1, 0xfb, 0x2f, 0xa0, 0x0, 0x0, 0x1, 0xfb, 0x2f, 0xa2, 0xfa,
    0x2f, 0xa2, 0xfa, 0x2f, 0xa2, 0xfa, 0x2f, 0xa2, 0xfa, 0x2f, 0xa2, 0xfa, 0x2f, 0xa2, 0xfa, 0x2f,
    0xa0, 0x0, 0xdf, 0xff, 0xff, 0x70, 0x8, 0x88, 0x8b, 0xf7, 0x0, 0x0, 0x0, 0x5f, 0x70, 0x0,
    0x0, 0x5, 0xf7, 0x0, 0x0, 0x0, 0x5f, 0x70, 0x0, 0x0, 0x5, 0xf7, 0x0, 0x0, 0x0, 0x5f,
    0x70, 0x0, 0x0, 0x5, 0xf7, 0x0, 0x0, 0x0, 0x5f, 0x70, 0x0, 0x0, 0x6, 0xf6, 0x9, 0x60,
    0x0, 0xbf, 0x30, 0xcf, 0xc9, 0xcf, 0xb0, 0x1, 0x8d, 0xfe, 0x91, 0x0, 0x2f, 0xa0, 0x0, 0x0,
    0x1d, 0xe3, 0x2f, 0xa0, 0x0, 0x1, 0xcf, 0x40, 0x2f, 0xa0, 0x0, 0x1b, 0xf5, 0x0, 0x2f, 0xa0,
    0x0, 0xbf, 0x60, 0x0, 0x2f, 0xa0, 0xa, 0xf7, 0x0, 0x0, 0x2f, 0xa0, 0x9f, 0x90, 0x0, 0x0,
    0x2f, 0xa8, 0xff, 0xa0, 0x0, 0x0, 0x2f, 0xef, 0xcc, 0xf7, 0x0, 0x0, 0x2f, 0xfc, 0x12, 0xdf,
    0x40, 0x0, 0x2f, 0xd1, 0x0, 0x3e, 0xe2, 0x0, 0x2f, 0xa0, 0x0, 0x5, 0xfd, 0x10, 0x2f, 0xa0,
    0x0, 0x0, 0x7f, 0xb0, 0x2f, 0xa0, 0x0, 0x0, 0x9, 0xf8, 0x2f, 0xa0, 0x0, 0x0, 0x0, 0x2f,
    0xa0, 0x0, 0x0, 0x0, 0x2f, 0xa0, 0x0, 0x0, 0x0, 0x2f, 0xa0, 0x0, 0x0, 0x0, 0x2f, 0xa0,
    0x0, 0x0, 0x0, 0x2f, 0xa0, 0x0, 0x0, 0x0, 0x2f, 0xa0, 0x0, 0x0, 0x0, 0x2f, 0xa0, 0x0,
    0x0, 0x0, 0x2f, 0xa0, 0x0, 0x0, 0x0, 0x2f, 0xa0, 0x0, 0x0, 0x0, 0x2f, 0xa0, 0x0, 0x0,
    0x0, 0x2f, 0xd9, 0x99, 0x99, 0x95, 0x2f, 0xff, 0xff, 0xff, 0xf8, 0x2f, 0xa0, 0x0, 0x0, 0x0,
    0x0, 0x7f, 0x42, 0xff, 0x30, 0x0, 0x0, 0x0, 0x1e, 0xf4, 0x2f, 0xfc, 0x0, 0x0, 0x0, 0x9,
    0xff, 0x42, 0xff, 0xf6, 0x0, 0x0, 0x3, 0xfe, 0xf4, 0x2f, 0xad, 0xe1, 0x0, 0x0, 0xbe, 0x8f,
    0x42, 0xf9, 0x4f, 0x80, 0x0, 0x5f, 0x77, 0xf4, 0x2f, 0x90, 0xbf, 0x20, 0xd, 0xd0, 0x7f, 0x42,
    0xf9, 0x2, 0xfa, 0x7, 0xf4, 0x7, 0xf4, 0x2f, 0x90, 0x8, 0xf5, 0xea, 0x0, 0x7f, 0x42, 0xf9,
    0x0, 0x1e, 0xff, 0x20, 0x7, 0xf4, 0x2f, 0x90, 0x0, 0x6f, 0x80, 0x0, 0x6f, 0x42, 0xf9, 0x0,
    0x0, 0x61, 0x0, 0x6, 0xf4, 0x2f, 0x90, 0x0, 0x0, 0x0, 0x0, 0x6f, 0x40, 0x2f, 0xb0, 0x0,
    0x0, 0x1, 0xfb, 0x2f, 0xf8, 0x0, 0x0, 0x1, 0xfb, 0x2f, 0xff, 0x50, 0x0, 0x1, 0xfb, 0x2f,
    0xdf, 0xe2, 0x0, 0x1, 0xfb, 0x2f, 0xa7, 0xfc, 0x10, 0x1, 0xfb, 0x2f, 0xa0, 0xaf, 0x90, 0x1,
    0xfb, 0x2f, 0xa0, 0x1c, 0xf6, 0x1, 0xfb, 0x2f, 0xa0, 0x2, 0xef, 0x31, 0xfb, 0x2f, 0xa0, 0x0,
    0x5f, 0xd2, 0xfb, 0x2f, 0xa0, 0x0, 0x8, 0xfc, 0xfb, 0x2f, 0xa0, 0x0, 0x0, 0xbf, 0xfb, 0x2f,
    0xa0, 0x0, 0x0, 0x1d, 0xfb, 0x2f, 0xa0, 0x0, 0x0, 0x3, 0xeb, 0x0, 0x0, 0x4a, 0xdf, 0xdb,
    0x50, 0x0, 0x0, 0x1, 0xaf, 0xeb, 0x9a, 0xef, 0xc2, 0x0, 0x0, 0xbf, 0xa1, 0x0, 0x1, 0x8f,
    0xc1, 0x0, 0x6f, 0xa0, 0x0, 0x0, 0x0, 0x8f, 0x80, 0xc, 0xf2, 0x0, 0x0, 0x0, 0x1, 0xee,
    0x0, 0xfc, 0x0, 0x0, 0x0, 0x0, 0xa, 0xf2, 0x2f, 0xa0, 0x0, 0x0, 0x0, 0x0, 0x9f, 0x30,
    0xfc, 0x0, 0x0, 0x0, 0x0, 0xa, 0xf2, 0xc, 0xf1, 0x0, 0x0, 0x0, 0x1, 0xee, 0x0, 0x6f,
    0xa0, 0x0, 0x0, 0x0, 0x8f, 0x80, 0x0, 0xbf, 0x91, 0x0, 0x1, 0x8f, 0xc1, 0x0, 0x1, 0xaf,
    0xeb, 0x9a, 0xef, 0xc2, 0x0, 0x0, 0x0, 0x4a, 0xdf, 0xdb, 0x50, 0x0, 0x0, 0x2f, 0xff, 0xff,
    0xec, 0x71, 0x0, 0x2f, 0xd8, 0x89, 0xad, 0xfd, 0x10, 0x2f, 0xa0, 0x0, 0x0, 0x8f, 0x90, 0x2f,
    0xa0, 0x0, 0x0, 0xe, 0xe0, 0x2f, 0xa0, 0x0, 0x0, 0xc, 0xf1, 0x2f, 0xa0, 0x0, 0x0, 0xe,
    0xe0, 0x2f, 0xa0, 0x0, 0x0, 0x8f, 0x90, 0x2f, 0xd8, 0x88, 0xad, 0xfd, 0x10, 0x2f, 0xff, 0xff,
    0xec, 0x71, 0x0, 0x2f, 0xa0, 0x0, 0x0, 0x0, 0x0, 0x2f, 0xa0, 0x0, 0x0, 0x0, 0x0, 0x2f,
    0xa0, 0x0, 0x0, 0x0, 0x0, 0x2f, 0xa0, 0x0, 0x0, 0x0, 0x0, 0x0, 0x0, 0x4a, 0xdf, 0xdb,
    0x50, 0x0, 0x0, 0x1, 0xaf, 0xeb, 0x9a, 0xef, 0xb2, 0x0, 0x0, 0xbf, 0xa1, 0x0, 0x1, 0x8f,
    0xc1, 0x0, 0x6f, 0xa0, 0x0, 0x0, 0x0, 0x8f, 0x80, 0xc, 0xf2, 0x0, 0x0, 0x0, 0x1, 0xee,
    0x0, 0xfc, 0x0, 0x0, 0x0, 0x0, 0xa, 0xf2, 0x2f, 0xa0, 0x0, 0x0, 0x0, 0x0, 0x9f, 0x30,
    0xfc, 0x0, 0x0, 0x0, 0x0, 0xa, 0xf2, 0xd, 0xf1, 0x0, 0x0, 0x0, 0x1, 0xee, 0x0, 0x7f,
    0xa0, 0x0, 0x0, 0x0, 0x8f, 0x80, 0x0, 0xcf, 0x91, 0x0, 0x1, 0x8f, 0xd1, 0x0, 0x2, 0xcf,
    0xeb, 0x9a, 0xef, 0xd2, 0x0, 0x0, 0x0, 0x6c, 0xef, 0xfd, 0x71, 0x0, 0x0, 0x0, 0x0, 0x0,
    0x6f, 0xd5, 0x12, 0x96, 0x0, 0x0, 0x0, 0x0, 0x4e, 0xff, 0xff, 0x60, 0x0, 0x0, 0x0, 0x0,
    0x16, 0x87, 0x20, 0x2f, 0xff, 0xff, 0xec, 0x71, 0x0, 0x2f, 0xd8, 0x89, 0xad, 0xfd, 0x10, 0x2f,
    0xa0, 0x0, 0x0, 0x8f, 0x90, 0x2f, 0xa0, 0x0, 0x0, 0xe, 0xe0, 0x2f, 0xa0, 0x0, 0x0, 0xc,
    0xf1, 0x2f, 0xa0, 0x0, 0x0, 0xe, 0xe0, 0x2f, 0xa0, 0x0, 0x0, 0x8f, 0x90, 0x2f, 0xd8, 0x89,
    0xad, 0xfd, 0x10, 0x2f, 0xff, 0xff, 0xff, 0x91, 0x0, 0x2f, 0xa0, 0x0, 0x2e, 0xd1, 0x0, 0x2f,
    0xa0, 0x0, 0x6, 0xf9, 0x0, 0x2f, 0xa0, 0x0, 0x0, 0xaf, 0x40, 0x2f, 0xa0, 0x0, 0x0, 0x1e,
    0xd1, 0x0, 0x29, 0xdf, 0xec, 0x82, 0x0, 0x3e, 0xfb, 0x99, 0xdf, 0xb0, 0xb, 0xf4, 0x0, 0x0,
    0x44, 0x0, 0xed, 0x0, 0x0, 0x0, 0x0, 0xc, 0xf3, 0x0, 0x0, 0x0, 0x0, 0x5f, 0xfa, 0x62,
    0x0, 0x0, 0x0, 0x4b, 0xff, 0xfd, 0x70, 0x0, 0x0, 0x1, 0x59, 0xef, 0xb0, 0x0, 0x0, 0x0,
    0x1, 0xbf, 0x40, 0x0, 0x0, 0x0, 0x6, 0xf6, 0xb, 0x40, 0x0, 0x0, 0xbf, 0x31, 0xdf, 0xda,
    0x9a, 0xef, 0x90, 0x1, 0x6b, 0xef, 0xeb, 0x60, 0x0, 0xef, 0xff, 0xff, 0xff, 0xff, 0x88, 0x88,
    0x8c, 0xfa, 0x88, 0x84, 0x0, 0x0, 0x9f, 0x30, 0x0, 0x0, 0x0, 0x9, 0xf3, 0x0, 0x0, 0x0,
    0x0, 0x9f, 0x30, 0x0, 0x0, 0x0, 0x9, 0xf3, 0x0, 0x0, 0x0, 0x0, 0x9f, 0x30, 0x0, 0x0,
    0x0, 0x9, 0xf3, 0x0, 0x0, 0x0, 0x0, 0x9f, 0x30, 0x0, 0x0, 0x0, 0x9, 0xf3, 0x0, 0x0,
    0x0, 0x0, 0x9f, 0x30, 0x0, 0x0, 0x0, 0x9, 0xf3, 0x0, 0x0, 0x0, 0x0, 0x9f, 0x30, 0x0,
    0x0, 0x3f, 0x90, 0x0, 0x0, 0x5, 0xf7, 0x3f, 0x90, 0x0, 0x0, 0x5, 0xf7, 0x3f, 0x90, 0x0,
    0x0, 0x5, 0xf7, 0x3f, 0x90, 0x0, 0x0, 0x5, 0xf7, 0x3f, 0x90, 0x0, 0x0, 0x5, 0xf7, 0x3f,
    0x90, 0x0, 0x0, 0x5, 0xf7, 0x3f, 0x90, 0x0, 0x0, 0x5, 0xf7, 0x3f, 0x90, 0x0, 0x0, 0x5,
    0xf6, 0x2f, 0xa0, 0x0, 0x0, 0x6, 0xf5, 0xe, 0xe0, 0x0, 0x0, 0xb, 0xf2, 0x8, 0xf9, 0x0,
    0x0, 0x6f, 0xb0, 0x0, 0xbf, 0xd9, 0x9c, 0xfd, 0x20, 0x0, 0x7, 0xce, 0xfd, 0x81, 0x0, 0xcf,
    0x20, 0x0, 0x0, 0x0, 0x3f, 0x96, 0xf8, 0x0, 0x0, 0x0, 0x9, 0xf3, 0xe, 0xe1, 0x0, 0x0,
    0x1, 0xec, 0x0, 0x8f, 0x60, 0x0, 0x0, 0x7f, 0x50, 0x2, 0xfc, 0x0, 0x0, 0xd, 0xd0, 0x0,
    0xa, 0xf4, 0x0, 0x5, 0xf7, 0x0, 0x0, 0x4f, 0xa0, 0x0, 0xbf, 0x10, 0x0, 0x0, 0xcf, 0x20,
    0x3f, 0xa0, 0x0, 0x0, 0x6, 0xf8, 0x9, 0xf3, 0x0, 0x0, 0x0, 0x1e, 0xe1, 0xec, 0x0, 0x0,
    0x0, 0x0, 0x8f, 0xcf, 0x60, 0x0, 0x0, 0x0, 0x2, 0xff, 0xe0, 0x0, 0x0, 0x0, 0x0, 0xa,
    0xf8, 0x0, 0x0, 0x0, 0x4f, 0x90, 0x0, 0x0, 0xc, 0xf3, 0x0, 0x0, 0x3, 0xf8, 0xe, 0xe0,
    0x0, 0x0, 0x2f, 0xf8, 0x0, 0x0, 0x8, 0xf3, 0x9, 0xf4, 0x0, 0x0, 0x7f, 0xfd, 0x0, 0x0,
    0xc, 0xd0, 0x4, 0xf8, 0x0, 0x0, 0xcd, 0x9f, 0x30, 0x0, 0x2f, 0x80, 0x0, 0xed, 0x0, 0x2,
    0xf8, 0x4f, 0x80, 0x0, 0x7f, 0x30, 0x0, 0xaf, 0x30, 0x7, 0xf3, 0xe, 0xc0, 0x0, 0xce, 0x0,
    0x0, 0x5f, 0x80, 0xc, 0xd0, 0x9, 0xf2, 0x2, 0xf9, 0x0, 0x0, 0x1e, 0xd0, 0x2f, 0x80, 0x4,
    0xf7, 0x7, 0xf4, 0x0, 0x0, 0xa, 0xf2, 0x7f, 0x30, 0x0, 0xec, 0xc, 0xe0, 0x0, 0x0, 0x5,
    0xf7, 0xcd, 0x0, 0x0, 0x9f, 0x4f, 0x90, 0x0, 0x0, 0x1, 0xfd, 0xf8, 0x0, 0x0, 0x4f, 0xdf,
    0x40, 0x0, 0x0, 0x0, 0xbf, 0xf3, 0x0, 0x0, 0xe, 0xfe, 0x0, 0x0, 0x0, 0x0, 0x6f, 0xd0,
    0x0, 0x0, 0x9, 0xfa, 0x0, 0x0, 0x3f, 0xd1, 0x0, 0x0, 0xb, 0xf3, 0x7, 0xf9, 0x0, 0x0,
    0x7f, 0x80, 0x0, 0xbf, 0x50, 0x2, 0xfc, 0x0, 0x0, 0x2e, 0xe1, 0xc, 0xe2, 0x0, 0x0, 0x5,
    0xfb, 0x8f, 0x60, 0x0, 0x0, 0x0, 0xaf, 0xfb, 0x0, 0x0, 0x0, 0x0, 0x3f, 0xf5, 0x0, 0x0,
    0x0, 0x0, 0xcf, 0xed, 0x10, 0x0, 0x0, 0x8, 0xf7, 0x6f, 0xa0, 0x0, 0x0, 0x4f, 0xb0, 0xa,
    0xf6, 0x0, 0x1, 0xde, 0x20, 0x1, 0xde, 0x20, 0xa, 0xf5, 0x0, 0x0, 0x4f, 0xc0, 0x6f, 0xa0,
    0x0, 0x0, 0x8, 0xf8, 0xc, 0xf2, 0x0, 0x0, 0x0, 0x5f, 0x60, 0x3f, 0xb0, 0x0, 0x0, 0x1d,
    0xc0, 0x0, 0x9f, 0x50, 0x0, 0x8, 0xf4, 0x0, 0x1, 0xed, 0x0, 0x2, 0xfa, 0x0, 0x0, 0x7,
    0xf7, 0x0, 0xaf, 0x20, 0x0, 0x0, 0xc, 0xe2, 0x4f, 0x80, 0x0, 0x0, 0x0, 0x4f, 0xad, 0xd1,
    0x0, 0x0, 0x0, 0x0, 0xaf, 0xf5, 0x0, 0x0, 0x0, 0x0, 0x2, 0xfc, 0x0, 0x0, 0x0, 0x0,
    0x0, 0x1f, 0xb0, 0x0, 0x0, 0x0, 0x0, 0x1, 0xfb, 0x0, 0x0, 0x0, 0x0, 0x0, 0x1f, 0xb0,
    0x0, 0x0, 0x0, 0x0, 0x1, 0xfb, 0x0, 0x0, 0x0, 0x1f, 0xff, 0xff, 0xff, 0xff, 0xf1, 0x18,
    0x88, 0x88, 0x88, 0xcf, 0xc0, 0x0, 0x0, 0x0, 0x2, 0xee, 0x20, 0x0, 0x0, 0x0, 0xc, 0xf5,
    0x0, 0x0, 0x0, 0x0, 0x9f, 0x80, 0x0, 0x0, 0x0, 0x5, 0xfb, 0x0, 0x0, 0x0, 0x0, 0x3e,
    0xe1, 0x0, 0x0, 0x0, 0x1, 0xdf, 0x40, 0x0, 0x0, 0x0, 0xa, 0xf7, 0x0, 0x0, 0x0, 0x0,
    0x7f, 0xa0, 0x0, 0x0, 0x0, 0x4, 0xfd, 0x10, 0x0, 0x0, 0x0, 0x1e, 0xfb, 0x88, 0x88, 0x88,
    0x82, 0x3f, 0xff, 0xff, 0xff, 0xff, 0xf4, 0x2f, 0xff, 0xa2, 0xfd, 0x86, 0x2f, 0x90, 0x2, 0xf9,
    0x0, 0x2f, 0x90, 0x2, 0xf9, 0x0, 0x2f, 0x90, 0x2, 0xf9, 0x0, 0x2f, 0x90, 0x2, 0xf9, 0x0,
    0x2f, 0x90, 0x2, 0xf9, 0x0, 0x2f, 0x90, 0x2, 0xf9, 0x0, 0x2f, 0x90, 0x2, 0xf9, 0x0, 0x2f,
    0xd8, 0x62, 0xff, 0xfa, 0x57, 0x0, 0x0, 0x0, 0x5f, 0x30, 0x0, 0x0, 0x1e, 0x80, 0x0, 0x0,
    0xa, 0xd0, 0x0, 0x0, 0x5, 0xf3, 0x0, 0x0, 0x1, 0xe9, 0x0, 0x0, 0x0, 0xae, 0x0, 0x0,
    0x0, 0x5f, 0x40, 0x0, 0x0, 0xe, 0x90, 0x0, 0x0, 0xa, 0xe0, 0x0, 0x0, 0x4, 0xf4, 0x0,
    0x0, 0x0, 0xe9, 0x0, 0x0, 0x0, 0x9e, 0x0, 0x0, 0x0, 0x4f, 0x40, 0x0, 0x0, 0xe, 0xa0,
    0x0, 0x0, 0x9, 0xe0, 0x0, 0x0, 0x4, 0xf5, 0x0, 0x0, 0x0, 0xea, 0xaf, 0xff, 0x26, 0x8d,
    0xf2, 0x0, 0x9f, 0x20, 0x9, 0xf2, 0x0, 0x9f, 0x20, 0x9, 0xf2, 0x0, 0x9f, 0x20, 0x9, 0xf2,
    0x0, 0x9f, 0x20, 0x9, 0xf2, 0x0, 0x9f, 0x20, 0x9, 0xf2, 0x0, 0x9f, 0x20, 0x9, 0xf2, 0x0,
    0x9f, 0x20, 0x9, 0xf2, 0x68, 0xdf, 0x2a, 0xff, 0xf2, 0x0, 0xa, 0xf2, 0x0, 0x0, 0x1, 0xfe,
    0x80, 0x0, 0x0, 0x7d, 0x6e, 0x0, 0x0, 0xd, 0x81, 0xe5, 0x0, 0x4, 0xf2, 0x9, 0xb0, 0x0,
    0xab, 0x0, 0x3f, 0x20, 0x1f, 0x50, 0x0, 0xc8, 0x7, 0xe0, 0x0, 0x6, 0xe0, 0x88, 0x88, 0x88,
    0x88, 0x8f, 0xff, 0xff, 0xff, 0xff, 0x48, 0x40, 0x0, 0xaf, 0x40, 0x0, 0x7f, 0x40, 0x1, 0x7c,
    0xef, 0xc6, 0x0, 0x9, 0xfc, 0x9a, 0xef, 0x80, 0x2, 0x30, 0x0, 0x1d, 0xe0, 0x0, 0x0, 0x0,
    0x9, 0xf2, 0x1, 0x9d, 0xff, 0xff, 0xf3, 0xa, 0xfc, 0x98, 0x8c, 0xf3, 0xf, 0xb0, 0x0, 0x8,
    0xf3, 0xf, 0xc0, 0x0, 0x2d, 0xf3, 0x9, 0xfc, 0x9a, 0xed, 0xf3, 0x1, 0x8d, 0xfd, 0x77, 0xf3,
    0x5f, 0x50, 0x0, 0x0, 0x0, 0x5, 0xf5, 0x0, 0x0, 0x0, 0x0, 0x5f, 0x50, 0x0, 0x0, 0x0,
    0x5, 0xf5, 0x0, 0x0, 0x0, 0x0, 0x5f, 0x55, 0xcf, 0xea, 0x20, 0x5, 0xfc, 0xfb, 0x9b, 0xfe,
    0x40, 0x5f, 0xf5, 0x0, 0x4, 0xfd, 0x5, 0xfa, 0x0, 0x0, 0x8, 0xf4, 0x5f, 0x60, 0x0, 0x0,
    0x4f, 0x75, 0xf6, 0x0, 0x0, 0x4, 0xf7, 0x5f, 0xa0, 0x0, 0x0, 0x8f, 0x45, 0xff, 0x50, 0x0,
    0x4f, 0xd0, 0x5f, 0xcf, 0xb9, 0xbf, 0xe4, 0x5, 0xf5, 0x6c, 0xfe, 0xa2, 0x0, 0x0, 0x7, 0xce,
    0xea, 0x20, 0x1, 0xcf, 0xc9, 0xaf, 0xe3, 0x9, 0xf7, 0x0, 0x3, 0xd4, 0x1f, 0xc0, 0x0, 0x0,
    0x0, 0x3f, 0x80, 0x0, 0x0, 0x0, 0x3f, 0x80, 0x0, 0x0, 0x0, 0x1f, 0xc0, 0x0, 0x0, 0x0,
    0x9, 0xf7, 0x0, 0x2, 0xb3, 0x1, 0xcf, 0xc9, 0xae, 0xf4, 0x0, 0x7, 0xce, 0xea, 0x30, 0x0,
    0x0, 0x0, 0x0, 0x1f, 0xa0, 0x0, 0x0, 0x0, 0x1, 0xfa, 0x0, 0x0, 0x0, 0x0, 0x1f, 0xa0,
    0x0, 0x0, 0x0, 0x1, 0xfa, 0x0, 0x18, 0xdf, 0xd8, 0x2f, 0xa0, 0x1d, 0xfc, 0x9a, 0xfc, 0xfa,
    0xa, 0xf7, 0x0, 0x2, 0xef, 0xa1, 0xfc, 0x0, 0x0, 0x6, 0xfa, 0x3f, 0x80, 0x0, 0x0, 0x2f,
    0xa3, 0xf8, 0x0, 0x0, 0x2, 0xfa, 0x1f, 0xc0, 0x0, 0x0, 0x6f, 0xa0, 0xaf, 0x70, 0x0, 0x2e,
    0xfa, 0x1, 0xdf, 0xc9, 0xaf, 0xcf, 0xa0, 0x1, 0x8d, 0xfd, 0x81, 0xfa, 0x0, 0x18, 0xdf, 0xd8,
    0x10, 0x0, 0x1d, 0xfb, 0x9b, 0xfd, 0x10, 0x9, 0xf4, 0x0, 0x4, 0xea, 0x1, 0xfa, 0x0, 0x0,
    0x8, 0xf1, 0x3f, 0xff, 0xff, 0xff, 0xff, 0x33, 0xfc, 0x88, 0x88, 0x88, 0x82, 0x1f, 0xc0, 0x0,
    0x0, 0x0, 0x0, 0x9f, 0x70, 0x0, 0x7, 0x10, 0x1, 0xcf, 0xd9, 0x9d, 0xf6, 0x0, 0x0, 0x7c,
    0xee, 0xb5, 0x0, 0x0, 0x19, 0xee, 0x90, 0xa, 0xfb, 0xa9, 0x0, 0xfb, 0x0, 0x0, 0x2f, 0x90,
    0x0, 0xbf, 0xff, 0xff, 0x56, 0x9f, 0xd8, 0x83, 0x2, 0xf9, 0x0, 0x0, 0x2f, 0x90, 0x0, 0x2,
    0xf9, 0x0, 0x0, 0x2f, 0x90, 0x0, 0x2, 0xf9, 0x0, 0x0, 0x2f, 0x90, 0x0, 0x2, 0xf9, 0x0,
    0x0, 0x2f, 0x90, 0x0, 0x0, 0x18, 0xdf, 0xd9, 0x1d, 0xc0, 0x1d, 0xfd, 0x9a, 0xed, 0xec, 0xa,
    0xf8, 0x0, 0x2, 0xdf, 0xc1, 0xfc, 0x0, 0x0, 0x4, 0xfc, 0x3f, 0x90, 0x0, 0x0, 0xf, 0xc3,
    0xf8, 0x0, 0x0, 0x0, 0xfc, 0x1f, 0xc0, 0x0, 0x0, 0x4f, 0xc0, 0x9f, 0x80, 0x0, 0x2d, 0xfc,
    0x1, 0xdf, 0xd9, 0xae, 0xdf, 0xb0, 0x1, 0x8d, 0xfe, 0x92, 0xfb, 0x0, 0x0, 0x0, 0x0, 0x3f,
    0x90, 0x27, 0x10, 0x0, 0x1b, 0xf4, 0x7, 0xfe, 0xb9, 0xad, 0xfa, 0x0, 0x5, 0xad, 0xfe, 0xc6,
    0x0, 0x5f, 0x50, 0x0, 0x0, 0x0, 0x5f, 0x50, 0x0, 0x0, 0x0, 0x5f, 0x50, 0x0, 0x0, 0x0,
    0x5f, 0x50, 0x0, 0x0, 0x0, 0x5f, 0x67, 0xcf, 0xea, 0x10, 0x5f, 0xdf, 0xb9, 0xcf, 0xd1, 0x5f,
    0xf3, 0x0, 0x9, 0xf6, 0x5f, 0x90, 0x0, 0x3, 0xf9, 0x5f, 0x60, 0x0, 0x1, 0xfa, 0x5f, 0x50,
    0x0, 0x0, 0xfa, 0x5f, 0x50, 0x0, 0x0, 0xfa, 0x5f, 0x50, 0x0, 0x0, 0xfa, 0x5f, 0x50, 0x0,
    0x0, 0xfa, 0x5f, 0x50, 0x0, 0x0, 0xfa, 0x6e, 0x67, 0xf8, 0x2, 0x0, 0x0, 0x5f, 0x55, 0xf5,
    0x5f, 0x55, 0xf5, 0x5f, 0x55, 0xf5, 0x5f, 0x55, 0xf5, 0x5f, 0x55, 0xf5, 0x0, 0x5, 0xe7, 0x0,
    0x6, 0xf9, 0x0, 0x0, 0x20, 0x0, 0x0, 0x0, 0x0, 0x4, 0xf7, 0x0, 0x4, 0xf7, 0x0, 0x4,
    0xf7, 0x0, 0x4, 0xf7, 0x0, 0x4, 0xf7, 0x0, 0x4, 0xf7, 0x0, 0x4, 0xf7, 0x0, 0x4, 0xf7,
    0x0, 0x4, 0xf7, 0x0, 0x4, 0xf7, 0x0, 0x4, 0xf7, 0x0, 0x6, 0xf5, 0x4a, 0x8e, 0xe1, 0x5d,
    0xec, 0x30, 0x5f, 0x50, 0x0, 0x0, 0x0, 0x5f, 0x50, 0x0, 0x0, 0x0, 0x5f, 0x50, 0x0, 0x0,
    0x0, 0x5f, 0x50, 0x0, 0x0, 0x0, 0x5f, 0x50, 0x0, 0x2d, 0xe3, 0x5f, 0x50, 0x2, 0xdf, 0x40,
    0x5f, 0x50, 0x2d, 0xf4, 0x0, 0x5f, 0x52, 0xdf, 0x50, 0x0, 0x5f, 0x8e, 0xfd, 0x10, 0x0, 0x5f,
    0xff, 0xbf, 0x90, 0x0, 0x5f, 0xe4, 0xc, 0xf6, 0x0, 0x5f, 0x60, 0x2, 0xee, 0x30, 0x5f, 0x50,
    0x0, 0x4f, 0xd1, 0x5f, 0x50, 0x0, 0x7, 0xfa, 0x5f, 0x55, 0xf5, 0x5f, 0x55, 0xf5, 0x5f, 0x55,
    0xf5, 0x5f, 0x55, 0xf5, 0x5f, 0x55, 0xf5, 0x5f, 0x55, 0xf5, 0x5f, 0x55, 0xf5, 0x5f, 0x57, 0xdf,
    0xd8, 0x1, 0x8d, 0xfd, 0x81, 0x5, 0xfd, 0xfa, 0x9d, 0xfa, 0xcf, 0xb9, 0xdf, 0xb0, 0x5f, 0xf3,
    0x0, 0x1d, 0xff, 0x40, 0x0, 0xcf, 0x35, 0xf9, 0x0, 0x0, 0x7f, 0xa0, 0x0, 0x6, 0xf6, 0x5f,
    0x60, 0x0, 0x5, 0xf7, 0x0, 0x0, 0x4f, 0x75, 0xf5, 0x0, 0x0, 0x5f, 0x60, 0x0, 0x4, 0xf7,
    0x5f, 0x50, 0x0, 0x5, 0xf6, 0x0, 0x0, 0x4f, 0x75, 0xf5, 0x0, 0x0, 0x5f, 0x60, 0x0, 0x4,
    0xf7, 0x5f, 0x50, 0x0, 0x5, 0xf6, 0x0, 0x0, 0x4f, 0x75, 0xf5, 0x0, 0x0, 0x5f, 0x60, 0x0,
    0x4, 0xf7, 0x5f, 0x57, 0xdf, 0xea, 0x10, 0x5f, 0xdf, 0xb9, 0xcf, 0xd1, 0x5f, 0xf3, 0x0, 0x9,
    0xf6, 0x5f, 0x90, 0x0, 0x3, 0xf9, 0x5f, 0x60, 0x0, 0x1, 0xfa, 0x5f, 0x50, 0x0, 0x0, 0xfa,
    0x5f, 0x50, 0x0, 0x0, 0xfa, 0x5f, 0x50, 0x0, 0x0, 0xfa, 0x5f, 0x50, 0x0, 0x0, 0xfa, 0x5f,
    0x50, 0x0, 0x0, 0xfa, 0x0, 0x17, 0xde, 0xea, 0x30, 0x0, 0x1c, 0xfc, 0x9a, 0xff, 0x50, 0x9,
    0xf7, 0x0, 0x2, 0xee, 0x11, 0xfc, 0x0, 0x0, 0x6, 0xf7, 0x3f, 0x80, 0x0, 0x0, 0x2f, 0x93,
    0xf8, 0x0, 0x0, 0x2, 0xf9, 0x1f, 0xc0, 0x0, 0x0, 0x6f, 0x70, 0x9f, 0x70, 0x0, 0x2e, 0xe1,
    0x1, 0xcf, 0xc9, 0xaf, 0xf5, 0x0, 0x1, 0x7d, 0xfe, 0xa3, 0x0, 0x5f, 0x45, 0xcf, 0xea, 0x20,
    0x5, 0xfb, 0xfc, 0x9b, 0xfe, 0x40, 0x5f, 0xf5, 0x0, 0x4, 0xfd, 0x5, 0xfa, 0x0, 0x0, 0x8,
    0xf4, 0x5f, 0x60, 0x0, 0x0, 0x4f, 0x75, 0xf6, 0x0, 0x0, 0x4, 0xf7, 0x5f, 0xa0, 0x0, 0x0,
    0x8f, 0x45, 0xff, 0x50, 0x0, 0x4f, 0xd0, 0x5f, 0xcf, 0xb9, 0xbf, 0xe4, 0x5, 0xf5, 0x6c, 0xfe,
    0xa2, 0x0, 0x5f, 0x50, 0x0, 0x0, 0x0, 0x5, 0xf5, 0x0, 0x0, 0x0, 0x0, 0x5f, 0x50, 0x0,
    0x0, 0x0, 0x5, 0xf5, 0x0, 0x0, 0x0, 0x0, 0x0, 0x18, 0xdf, 0xd8, 0x1f, 0xa0, 0x1d, 0xfc,
    0x9a, 0xfb, 0xfa, 0xa, 0xf7, 0x0, 0x3, 0xef, 0xa1, 0xfc, 0x0, 0x0, 0x6, 0xfa, 0x3f, 0x80,
    0x0, 0x0, 0x2f, 0xa3, 0xf8, 0x0, 0x0, 0x2, 0xfa, 0x1f, 0xc0, 0x0, 0x0, 0x6f, 0xa0, 0xaf,
    0x70, 0x0, 0x2e, 0xfa, 0x1, 0xdf, 0xc9, 0xaf, 0xcf, 0xa0, 0x1, 0x8d, 0xfd, 0x82, 0xfa, 0x0,
    0x0, 0x0, 0x0, 0x1f, 0xa0, 0x0, 0x0, 0x0, 0x1, 0xfa, 0x0, 0x0, 0x0, 0x0, 0x1f, 0xa0,
    0x0, 0x0, 0x0, 0x1, 0xfa, 0x5f, 0x57, 0xdb, 0x5f, 0xdf, 0xb7, 0x5f, 0xf4, 0x0, 0x5f, 0x90,
    0x0, 0x5f, 0x60, 0x0, 0x5f, 0x50, 0x0, 0x5f, 0x50, 0x0, 0x5f, 0x50, 0x0, 0x5f, 0x50, 0x0,
    0x5f, 0x50, 0x0, 0x1, 0x8d, 0xed, 0xb6, 0x0, 0xcf, 0xb9, 0xae, 0xd0, 0x3f, 0x90, 0x0, 0x2,
    0x3, 0xfb, 0x10, 0x0, 0x0, 0xa, 0xfe, 0xb8, 0x40, 0x0, 0x5, 0x9c, 0xef, 0xc1, 0x0, 0x0,
    0x1, 0x9f, 0x60, 0x50, 0x0, 0x6, 0xf7, 0x5f, 0xda, 0x9a, 0xfe, 0x20, 0x6b, 0xef, 0xd9, 0x20,
    0x2, 0xf9, 0x0, 0x0, 0x2f, 0x90, 0x0, 0xbf, 0xff, 0xff, 0x56, 0x9f, 0xd8, 0x83, 0x2, 0xf9,
    0x0, 0x0, 0x2f, 0x90, 0x0, 0x2, 0xf9, 0x0, 0x0, 0x2f, 0x90, 0x0, 0x2, 0xf9, 0x0, 0x0,
    0xf, 0xb0, 0x0, 0x0, 0xbf, 0xa8, 0x90, 0x2, 0xae, 0xe9, 0x7f, 0x40, 0x0, 0x3, 0xf8, 0x7f,
    0x40, 0x0, 0x3, 0xf8, 0x7f, 0x40, 0x0, 0x3, 0xf8, 0x7f, 0x40, 0x0, 0x3, 0xf8, 0x7f, 0x40,
    0x0, 0x3, 0xf8, 0x7f, 0x40, 0x0, 0x4, 0xf8, 0x6f, 0x60, 0x0, 0x7, 0xf8, 0x3f, 0xc1, 0x0,
    0x2e, 0xf8, 0xa, 0xfd, 0x9a, 0xed, 0xf8, 0x0, 0x8d, 0xfd, 0x83, 0xf8, 0xce, 0x10, 0x0, 0x0,
    0xcd, 0x6, 0xf6, 0x0, 0x0, 0x4f, 0x70, 0x1e, 0xc0, 0x0, 0xa, 0xe1, 0x0, 0x9f, 0x30, 0x1,
    0xf9, 0x0, 0x2, 0xf9, 0x0, 0x7f, 0x30, 0x0, 0xb, 0xe1, 0xd, 0xc0, 0x0, 0x0, 0x5f, 0x65,
    0xf5, 0x0, 0x0, 0x0, 0xdc, 0xbe, 0x0, 0x0, 0x0, 0x7, 0xff, 0x80, 0x0, 0x0, 0x0, 0x1f,
    0xf2, 0x0, 0x0, 0xbe, 0x0, 0x0, 0xc, 0xf1, 0x0, 0x0, 0xad, 0x5, 0xf4, 0x0, 0x2, 0xff,
    0x60, 0x0, 0x1e, 0x80, 0x1e, 0x90, 0x0, 0x8f, 0xeb, 0x0, 0x5, 0xf3, 0x0, 0xae, 0x0, 0xd,
    0xb8, 0xf1, 0x0, 0xbc, 0x0, 0x4, 0xf5, 0x3, 0xf5, 0x2f, 0x70, 0x1f, 0x70, 0x0, 0xe, 0xa0,
    0x9e, 0x10, 0xcc, 0x6, 0xf2, 0x0, 0x0, 0x9e, 0x1e, 0x90, 0x6, 0xf2, 0xcb, 0x0, 0x0, 0x3,
    0xfa, 0xf4, 0x0, 0x1f, 0x9f, 0x60, 0x0, 0x0, 0xd, 0xfd, 0x0, 0x0, 0xaf, 0xf1, 0x0, 0x0,
    0x0, 0x8f, 0x70, 0x0, 0x5, 0xfa, 0x0, 0x0, 0x3f, 0xb0, 0x0, 0xb, 0xe2, 0x7, 0xf7, 0x0,
    0x7f, 0x60, 0x0, 0xbf, 0x33, 0xfa, 0x0, 0x0, 0x2e, 0xdd, 0xd1, 0x0, 0x0, 0x5, 0xff, 0x30,
    0x0, 0x0, 0x6, 0xff, 0x50, 0x0, 0x0, 0x3f, 0xbc, 0xe2, 0x0, 0x1, 0xde, 0x12, 0xec, 0x0,
    0xa, 0xf4, 0x0, 0x6f, 0x80, 0x6f, 0x80, 0x0, 0xa, 0xf5, 0xc, 0xe1, 0x0, 0x0, 0xc, 0xd0,
    0x6, 0xf6, 0x0, 0x0, 0x3f, 0x70, 0x1, 0xec, 0x0, 0x0, 0x9f, 0x10, 0x0, 0x9f, 0x30, 0x1,
    0xe9, 0x0, 0x0, 0x3f, 0x90, 0x6, 0xf3, 0x0, 0x0, 0xc, 0xe1, 0xc, 0xc0, 0x0, 0x0, 0x5,
    0xf6, 0x3f, 0x60, 0x0, 0x0, 0x0, 0xec, 0x9e, 0x10, 0x0, 0x0, 0x0, 0x8f, 0xf8, 0x0, 0x0,
    0x0, 0x0, 0x2f, 0xf2, 0x0, 0x0, 0x0, 0x0, 0xe, 0xb0, 0x0, 0x0, 0x1, 0x0, 0x6f, 0x40,
    0x0, 0x0, 0x2e, 0x99, 0xfb, 0x0, 0x0, 0x0, 0x1a, 0xee, 0xa1, 0x0, 0x0, 0x0, 0x3f, 0xff,
    0xff, 0xff, 0x81, 0x88, 0x88, 0x8e, 0xf5, 0x0, 0x0, 0x6, 0xf9, 0x0, 0x0, 0x3, 0xec, 0x0,
    0x0, 0x1, 0xde, 0x20, 0x0, 0x0, 0xbf, 0x40, 0x0, 0x0, 0x8f, 0x70, 0x0, 0x0, 0x4f, 0xa0,
    0x0, 0x0, 0x2e, 0xf9, 0x88, 0x88, 0x64, 0xff, 0xff, 0xff, 0xfb, 0x0, 0x7d, 0xf0, 0x4f, 0xd9,
    0x7, 0xf4, 0x0, 0x8f, 0x30, 0x8, 0xf3, 0x0, 0x8f, 0x30, 0x8, 0xf3, 0x0, 0x9f, 0x30, 0x9e,
    0xe1, 0xf, 0xfa, 0x0, 0xa, 0xf2, 0x0, 0x8f, 0x30, 0x8, 0xf3, 0x0, 0x8f, 0x30, 0x8, 0xf3,
    0x0, 0x7f, 0x40, 0x4, 0xfd, 0x80, 0x8, 0xef, 0x2f, 0x72, 0xf7, 0x2f, 0x72, 0xf7, 0x2f, 0x72,
    0xf7, 0x2f, 0x72, 0xf7, 0x2f, 0x72, 0xf7, 0x2f, 0x72, 0xf7, 0x2f, 0x72, 0xf7, 0x2f, 0x72, 0xf7,
    0x2f, 0x72, 0xf7, 0xae, 0xa1, 0x0, 0x6c, 0xf9, 0x0, 0x0, 0xec, 0x0, 0x0, 0xdd, 0x0, 0x0,
    0xdd, 0x0, 0x0, 0xdd, 0x0, 0x0, 0xdd, 0x0, 0x0, 0xde, 0x0, 0x0, 0xaf, 0xa2, 0x0, 0x6f,
    0xf4, 0x0, 0xce, 0x10, 0x0, 0xdd, 0x0, 0x0, 0xdd, 0x0, 0x0, 0xdd, 0x0, 0x0, 0xdd, 0x0,
    0x0, 0xec, 0x0, 0x6c, 0xf9, 0x0, 0xae, 0xa1, 0x0, 0x2b, 0xeb, 0x30, 0xc, 0x5a, 0xd7, 0xdf,
    0xab, 0xf2, 0xd4, 0x0, 0x7d, 0xe6, 0x0, 0x0, 0x0, 0x39, 0xdf, 0xec, 0x81, 0x0, 0x6, 0xff,
    0xb9, 0xac, 0xf2, 0x0, 0x1f, 0xe2, 0x0, 0x0, 0x20, 0x0, 0x6f, 0x70, 0x0, 0x0, 0x0, 0x0,
    0x7f, 0x40, 0x0, 0x0, 0x0, 0x48, 0xcf, 0xa8, 0x88, 0x81, 0x0, 0x7f, 0xff, 0xff, 0xff, 0xf1,
    0x0, 0x0, 0x8f, 0x40, 0x0, 0x0, 0x0, 0x0, 0x8f, 0x40, 0x0, 0x0, 0x0, 0x0, 0x8f, 0x40,
    0x0, 0x0, 0x0, 0x0, 0x8f, 0x40, 0x0, 0x0, 0x0, 0x48, 0xcf, 0xa8, 0x88, 0x88, 0x81, 0x7f,
    0xff, 0xff, 0xff, 0xff, 0xf1, 0x0, 0x38, 0x61, 0x0, 0x6f, 0xff, 0xd1, 0xe, 0x71, 0x3c, 0x72,
    0xd0, 0x0, 0x5a, 0x1e, 0x20, 0x9, 0x90, 0xae, 0x9b, 0xf3, 0x1, 0xae, 0xd5, 0x0, 0x0, 0x8,
    0xf0, 0x0, 0x0, 0x0, 0x8f, 0x0, 0x0, 0x0, 0x8, 0xf0, 0x0, 0xc, 0xff, 0xff, 0xff, 0xf4,
    0x78, 0x8c, 0xf8, 0x88, 0x20, 0x0, 0x8f, 0x0, 0x0, 0x0, 0x8, 0xf0, 0x0, 0x0, 0x0, 0x8f,
    0x0, 0x0, 0x0, 0x0, 0x0, 0x0, 0x7, 0x88, 0x88, 0x88, 0x82, 0xcf, 0xff, 0xff, 0xff, 0x40,
    0x5c, 0x3c, 0xf8, 0x7e, 0x40, 0x0, 0x0, 0x0, 0x0, 0x48, 0x40, 0x0, 0x0, 0x0, 0x0, 0x0,
    0x5f, 0xa0, 0x0, 0x0, 0x0, 0x0, 0x0, 0x4f, 0x70, 0x0, 0x0, 0x0, 0x0, 0x0, 0x0, 0x0,
    0x0, 0x0, 0x0, 0x0, 0x0, 0x4a, 0xdf, 0xdb, 0x50, 0x0, 0x0, 0x1, 0xaf, 0xeb, 0x9a, 0xef,
    0xc2, 0x0, 0x0, 0xbf, 0xa1, 0x0, 0x1, 0x8f, 0xc1, 0x0, 0x6f, 0xa0, 0x0, 0x0, 0x0, 0x8f,
    0x80, 0xc, 0xf2, 0x0, 0x0, 0x0, 0x1, 0xee, 0x0, 0xfc, 0x0, 0x0, 0x0, 0x0, 0xa, 0xf2,
    0x2f, 0xa0, 0x0, 0x0, 0x0, 0x0, 0x9f, 0x30, 0xfc, 0x0, 0x0, 0x0, 0x0, 0xa, 0xf2, 0xc,
    0xf1, 0x0, 0x0, 0x0, 0x1, 0xee, 0x0, 0x6f, 0xa0, 0x0, 0x0, 0x0, 0x8f, 0x80, 0x0, 0xbf,
    0x91, 0x0, 0x1, 0x8f, 0xc1, 0x0, 0x1, 0xaf, 0xeb, 0x9a, 0xef, 0xc2, 0x0, 0x0, 0x0, 0x4a,
    0xdf, 0xdb, 0x50, 0x0, 0x0, 0x4, 0x20, 0x0, 0x60, 0xc, 0xe2, 0x9, 0xf5, 0x1, 0xdd, 0x9f,
    0x70, 0x0, 0x2e, 0xf8, 0x0, 0x0, 0x8f, 0xed, 0x20, 0x8, 0xf7, 0x2d, 0xd2, 0xa, 0x70, 0x2,
    0xc3, 0x0, 0x0, 0x0, 0x0, 0x0, 0x0, 0x0, 0x38, 0x50, 0x0, 0x0, 0x0, 0x3e, 0xb1, 0x0,
    0x0, 0x0, 0x3e, 0x90, 0x0, 0x0, 0x0, 0x0, 0x0, 0x0, 0x0, 0x0, 0x17, 0xde, 0xea, 0x30,
    0x0, 0x1c, 0xfc, 0x9a, 0xff, 0x50, 0x9, 0xf7, 0x0, 0x2, 0xee, 0x11, 0xfc, 0x0, 0x0, 0x6,
    0xf7, 0x3f, 0x80, 0x0, 0x0, 0x2f, 0x93, 0xf8, 0x0, 0x0, 0x2, 0xf9, 0x1f, 0xc0, 0x0, 0x0,
    0x6f, 0x70, 0x9f, 0x70, 0x0, 0x2e, 0xe1, 0x1, 0xcf, 0xc9, 0xaf, 0xf5, 0x0, 0x1, 0x7d, 0xfe,
    0xa3, 0x0, 0x0, 0x0, 0x8, 0xfa, 0x0, 0x0, 0x0, 0x0, 0x0, 0x1e, 0xff, 0x20, 0x0, 0x0,
    0x0, 0x0, 0x6f, 0x7f, 0x90, 0x0, 0x0, 0x0, 0x0, 0xdd, 0xb, 0xe1, 0x0, 0x0, 0x0, 0x4,
    0xf6, 0x4, 0xf7, 0x0, 0x0, 0x0, 0xb, 0xe1, 0x0, 0xcd, 0x0, 0x0, 0x0, 0x3f, 0x80, 0x0,
    0x6f, 0x50, 0x0, 0x0, 0x9f, 0x20, 0x0, 0xe, 0xc0, 0x0, 0x1, 0xef, 0xff, 0xff, 0xff, 0xf3,
    0x0, 0x7, 0xf8, 0x88, 0x88, 0x88, 0xfa, 0x0, 0xd, 0xc0, 0x0, 0x0, 0x0, 0xaf, 0x20, 0x5f,
    0x60, 0x0, 0x0, 0x0, 0x4f, 0xa0, 0xcf, 0x10, 0x0, 0x0, 0x0, 0x1f, 0xf1, 0x0, 0x0, 0x0,
    0x0, 0x0, 0xb7, 0x0, 0x0, 0x0, 0x0, 0x0, 0x2, 0xf2, 0x0, 0x0, 0x0, 0x0, 0x0, 0x1,
    0xfc, 0x95, 0x0, 0x0, 0x0, 0x0, 0x0, 0x7e, 0xd5, 0x1, 0x7c, 0xef, 0xc6, 0x0, 0x9, 0xfc,
    0x9a, 0xef, 0x80, 0x2, 0x30, 0x0, 0x1d, 0xe0, 0x0, 0x0, 0x0, 0x9, 0xf2, 0x1, 0x9d, 0xff,
    0xff, 0xf3, 0xa, 0xfc, 0x98, 0x8c, 0xf3, 0xf, 0xb0, 0x0, 0x8, 0xf3, 0xf, 0xc0, 0x0, 0x2d,
    0xf3, 0x9, 0xfc, 0x9a, 0xed, 0xf3, 0x1, 0x8d, 0xfd, 0x8f, 0xf3, 0x0, 0x0, 0x0, 0xb7, 0x0,
    0x0, 0x0, 0x2, 0xf2, 0x0, 0x0, 0x0, 0x1, 0xfc, 0x95, 0x0, 0x0, 0x0, 0x7e, 0xd5, 0x0,
    0x0, 0x0, 0x0, 0x68, 0x30, 0x0, 0x0, 0x0, 0x0, 0x7f, 0x70, 0x0, 0x0, 0x0, 0x0, 0x7e,
    0x50, 0x0, 0x0, 0x0, 0x0, 0x0, 0x0, 0x0, 0x0, 0x0, 0x0, 0x4a, 0xdf, 0xeb, 0x50, 0x0,
    0x1, 0xaf, 0xeb, 0x9a, 0xef, 0xa1, 0x0, 0xbf, 0xa1, 0x0, 0x1, 0x9c, 0x10, 0x6f, 0xa0, 0x0,
    0x0, 0x0, 0x10, 0xc, 0xf2, 0x0, 0x0, 0x0, 0x0, 0x0, 0xfc, 0x0, 0x0, 0x0, 0x0, 0x0,
    0x2f, 0xa0, 0x0, 0x0, 0x0, 0x0, 0x0, 0xfc, 0x0, 0x0, 0x0, 0x0, 0x0, 0xc, 0xf1, 0x0,
    0x0, 0x0, 0x0, 0x0, 0x6f, 0xa0, 0x0, 0x0, 0x0, 0x0, 0x0, 0xbf, 0x91, 0x0, 0x0, 0x8b,
    0x10, 0x1, 0xbf, 0xeb, 0x9a, 0xef, 0xb1, 0x0, 0x0, 0x5a, 0xdf, 0xeb, 0x50, 0x0, 0x0, 0x0,
    0x0, 0x58, 0x30, 0x0, 0x0, 0x6, 0xf8, 0x0, 0x0, 0x0, 0x6f, 0x50, 0x0, 0x0, 0x0, 0x0,
    0x0, 0x0, 0x0, 0x7, 0xce, 0xea, 0x20, 0x1, 0xcf, 0xc9, 0xaf, 0xe3, 0x9, 0xf7, 0x0, 0x3,
    0xd4, 0x1f, 0xc0, 0x0, 0x0, 0x0, 0x3f, 0x80, 0x0, 0x0, 0x0, 0x3f, 0x80, 0x0, 0x0, 0x0,
    0x1f, 0xc0, 0x0, 0x0, 0x0, 0x9, 0xf7, 0x0, 0x2, 0xb3, 0x1, 0xcf, 0xc9, 0xae, 0xf4, 0x0,
    0x7, 0xce, 0xea, 0x30, 0x2f, 0xff, 0xff, 0xff, 0xfc, 0x2, 0xfd, 0x88, 0x88, 0x88, 0x70, 0x2f,
    0xa0, 0x0, 0x0, 0x0, 0x2, 0xfa, 0x0, 0x0, 0x0, 0x0, 0x2f, 0xa0, 0x0, 0x0, 0x0, 0x2,
    0xfd, 0x88, 0x88, 0x88, 0x0, 0x2f, 0xff, 0xff, 0xff, 0xf0, 0x2, 0xfa, 0x0, 0x0, 0x0, 0x0,
    0x2f, 0xa0, 0x0, 0x0, 0x0, 0x2, 0xfa, 0x0, 0x0, 0x0, 0x0, 0x2f, 0xa0, 0x0, 0x0, 0x0,
    0x2, 0xfd, 0x88, 0x88, 0x89, 0xa0, 0x2f, 0xff, 0xff, 0xff, 0xff, 0x0, 0x0, 0x0, 0x0, 0xd5,
    0x0, 0x0, 0x0, 0x0, 0x4e, 0x0, 0x0, 0x0, 0x0, 0x3, 0xfb, 0xa3, 0x0, 0x0, 0x0, 0x9,
    0xed, 0x30, 0x0, 0x18, 0xdf, 0xd8, 0x10, 0x0, 0x1d, 0xfb, 0x9b, 0xfd, 0x10, 0x9, 0xf4, 0x0,
    0x4, 0xea, 0x1, 0xfa, 0x0, 0x0, 0x8, 0xf1, 0x3f, 0xff, 0xff, 0xff, 0xff, 0x33, 0xfc, 0x88,
    0x88, 0x88, 0x82, 0x1f, 0xc0, 0x0, 0x0, 0x0, 0x0, 0x9f, 0x70, 0x0, 0x7, 0x10, 0x1, 0xcf,
    0xd9, 0x9d, 0xf6, 0x0, 0x0, 0x7c, 0xef, 0xf5, 0x0, 0x0, 0x0, 0x0, 0xb5, 0x0, 0x0, 0x0,
    0x0, 0x3e, 0x0, 0x0, 0x0, 0x0, 0x3, 0xfb, 0x93, 0x0, 0x0, 0x0, 0x9, 0xed, 0x30, 0x0,
    0xfc, 0x0, 0x0, 0x0, 0x0, 0xf, 0xc0, 0x0, 0x0, 0x0, 0x0, 0xfc, 0x0, 0x0, 0x0, 0x0,
    0xf, 0xc1, 0xa3, 0x0, 0x0, 0x0, 0xff, 0xdd, 0x30, 0x0, 0x0, 0xf, 0xfa, 0x10, 0x0, 0x0,
    0x1a, 0xff, 0x0, 0x0, 0x0, 0x9, 0xdf, 0xc0, 0x0, 0x0, 0x0, 0x11, 0xfc, 0x0, 0x0, 0x0,
    0x0, 0xf, 0xc0, 0x0, 0x0, 0x0, 0x0, 0xfc, 0x0, 0x0, 0x0, 0x0, 0xf, 0xe9, 0x99, 0x99,
    0x96, 0x0, 0xff, 0xff, 0xff, 0xff, 0xa0, 0x0, 0x3f, 0x80, 0x0, 0x3, 0xf8, 0x0, 0x0, 0x3f,
    0x80, 0x0, 0x3, 0xf8, 0x0, 0x0, 0x3f, 0x81, 0x0, 0x3, 0xfe, 0xe3, 0x0, 0x4f, 0xf7, 0x0,
    0x3f, 0xfb, 0x0, 0xd, 0xef, 0x80, 0x0, 0x23, 0xf8, 0x0, 0x0, 0x3f, 0x80, 0x0, 0x3, 0xf8,
    0x0, 0x0, 0x3f, 0x80, 0x0, 0x3, 0xf8, 0x0, 0x0, 0x0, 0x0, 0x6, 0x72, 0x0, 0x0, 0x0,
    0x0, 0x9f, 0x60, 0x0, 0x0, 0x0, 0x9, 0xe4, 0x0, 0x0, 0x0, 0x0, 0x0, 0x0, 0x0, 0x0,
    0x2f, 0xb0, 0x0, 0x0, 0x1, 0xfb, 0x2f, 0xf8, 0x0, 0x0, 0x1, 0xfb, 0x2f, 0xff, 0x50, 0x0,
    0x1, 0xfb, 0x2f, 0xdf, 0xe2, 0x0, 0x1, 0xfb, 0x2f, 0xa7, 0xfc, 0x10, 0x1, 0xfb, 0x2f, 0xa0,
    0xaf, 0x90, 0x1, 0xfb, 0x2f, 0xa0, 0x1c, 0xf6, 0x1, 0xfb, 0x2f, 0xa0, 0x2, 0xef, 0x31, 0xfb,
    0x2f, 0xa0, 0x0, 0x5f, 0xd2, 0xfb, 0x2f, 0xa0, 0x0, 0x8, 0xfc, 0xfb, 0x2f, 0xa0, 0x0, 0x0,
    0xbf, 0xfb, 0x2f, 0xa0, 0x0, 0x0, 0x1d, 0xfb, 0x2f, 0xa0, 0x0, 0x0, 0x3, 0xeb, 0x0, 0x0,
    0x0, 0x77, 0x10, 0x0, 0x0, 0xa, 0xe5, 0x0, 0x0, 0x0, 0xad, 0x30, 0x0, 0x0, 0x0, 0x0,
    0x0, 0x0, 0x5f, 0x57, 0xdf, 0xea, 0x10, 0x5f, 0xdf, 0xb9, 0xcf, 0xd1, 0x5f, 0xf3, 0x0, 0x9,
    0xf6, 0x5f, 0x90, 0x0, 0x3, 0xf9, 0x5f, 0x60, 0x0, 0x1, 0xfa, 0x5f, 0x50, 0x0, 0x0, 0xfa,
    0x5f, 0x50, 0x0, 0x0, 0xfa, 0x5f, 0x50, 0x0, 0x0, 0xfa, 0x5f, 0x50, 0x0, 0x0, 0xfa, 0x5f,
    0x50, 0x0, 0x0, 0xfa, 0x0, 0x0, 0x0, 0x38, 0x60, 0x0, 0x0, 0x0, 0x2e, 0xc1, 0x0, 0x0,
    0x0, 0x2e, 0xa0, 0x0, 0x0, 0x0, 0x0, 0x0, 0x0, 0x0, 0x0, 0x29, 0xdf, 0xec, 0x82, 0x0,
    0x3e, 0xfb, 0x99, 0xdf, 0xb0, 0xb, 0xf4, 0x0, 0x0, 0x44, 0x0, 0xed, 0x0, 0x0, 0x0, 0x0,
    0xc, 0xf3, 0x0, 0x0, 0x0, 0x0, 0x5f, 0xfa, 0x62, 0x0, 0x0, 0x0, 0x4b, 0xff, 0xfd, 0x70,
    0x0, 0x0, 0x1, 0x59, 0xef, 0xb0, 0x0, 0x0, 0x0, 0x1, 0xbf, 0x40, 0x0, 0x0, 0x0, 0x6,
    0xf6, 0xb, 0x40, 0x0, 0x0, 0xbf, 0x31, 0xdf, 0xda, 0x9a, 0xef, 0x90, 0x1, 0x6b, 0xef, 0xeb,
    0x60, 0x0, 0x0, 0x0, 0x5, 0x83, 0x0, 0x0, 0x6, 0xf8, 0x0, 0x0, 0x6, 0xf5, 0x0, 0x0,
    0x0, 0x0, 0x0, 0x0, 0x1, 0x8d, 0xed, 0xb6, 0x0, 0xcf, 0xb9, 0xae, 0xd0, 0x3f, 0x90, 0x0,
    0x2, 0x3, 0xfb, 0x10, 0x0, 0x0, 0xa, 0xfe, 0xb8, 0x40, 0x0, 0x5, 0x9c, 0xef, 0xc1, 0x0,
    0x0, 0x1, 0x9f, 0x60, 0x50, 0x0, 0x6, 0xf7, 0x5f, 0xda, 0x9a, 0xfe, 0x20, 0x6b, 0xef, 0xd9,
    0x20, 0x0, 0x0, 0x0, 0x17, 0x71, 0x0, 0x0, 0x0, 0x1, 0xce, 0x30, 0x0, 0x0, 0x0, 0x1b,
    0xc2, 0x0, 0x0, 0x0, 0x0, 0x0, 0x0, 0x0, 0x0, 0x1f, 0xff, 0xff, 0xff, 0xff, 0xf1, 0x18,
    0x88, 0x88, 0x88, 0xcf, 0xc0, 0x0, 0x0, 0x0, 0x2, 0xee, 0x20, 0x0, 0x0, 0x0, 0xc, 0xf5,
    0x0, 0x0, 0x0, 0x0, 0x9f, 0x80, 0x0, 0x0, 0x0, 0x5, 0xfb, 0x0, 0x0, 0x0, 0x0, 0x3e,
    0xe1, 0x0, 0x0, 0x0, 0x1, 0xdf, 0x40, 0x0, 0x0, 0x0, 0xa, 0xf7, 0x0, 0x0, 0x0, 0x0,
    0x7f, 0xa0, 0x0, 0x0, 0x0, 0x4, 0xfd, 0x10, 0x0, 0x0, 0x0, 0x1e, 0xfb, 0x88, 0x88, 0x88,
    0x82, 0x3f, 0xff, 0xff, 0xff, 0xff, 0xf4, 0x0, 0x0, 0x3, 0x85, 0x0, 0x0, 0x3, 0xeb, 0x10,
    0x0, 0x3, 0xe9, 0x0, 0x0, 0x0, 0x0, 0x0, 0x0, 0x3f, 0xff, 0xff, 0xff, 0x81, 0x88, 0x88,
    0x8e, 0xf5, 0x0, 0x0, 0x6, 0xf9, 0x0, 0x0, 0x3, 0xec, 0x0, 0x0, 0x1, 0xde, 0x20, 0x0,
    0x0, 0xbf, 0x40, 0x0, 0x0, 0x8f, 0x70, 0x0, 0x0, 0x4f, 0xa0, 0x0, 0x0, 0x2e, 0xf9, 0x88,
    0x88, 0x64, 0xff, 0xff, 0xff, 0xfb, 0x0, 0x0, 0x1, 0x10, 0x0, 0x0, 0x0, 0x0, 0xd, 0xe1,
    0x0, 0x0, 0x0, 0x0, 0xb, 0xc0, 0x0, 0x0, 0x0, 0x0, 0x0, 0x0, 0x0, 0x0, 0x1f, 0xff,
    0xff, 0xff, 0xff, 0xf1, 0x18, 0x88, 0x88, 0x88, 0xcf, 0xc0, 0x0, 0x0, 0x0, 0x2, 0xee, 0x20,
    0x0, 0x0, 0x0, 0xc, 0xf5, 0x0, 0x0, 0x0, 0x0, 0x9f, 0x80, 0x0, 0x0, 0x0, 0x5, 0xfb,
    0x0, 0x0, 0x0, 0x0, 0x3e, 0xe1, 0x0, 0x0, 0x0, 0x1, 0xdf, 0x40, 0x0, 0x0, 0x0, 0xa,
    0xf7, 0x0, 0x0, 0x0, 0x0, 0x7f, 0xa0, 0x0, 0x0, 0x0, 0x4, 0xfd, 0x10, 0x0, 0x0, 0x0,
    0x1e, 0xfb, 0x88, 0x88, 0x88, 0x82, 0x3f, 0xff, 0xff, 0xff, 0xff, 0xf4, 0x0, 0x0, 0x10, 0x0,
    0x0, 0x0, 0x3f, 0x90, 0x0, 0x0, 0x2, 0xe8, 0x0, 0x0, 0x0, 0x0, 0x0, 0x0, 0x0, 0x0,
    0x0, 0x0, 0x3, 0xff, 0xff, 0xff, 0xf8, 0x18, 0x88, 0x88, 0xef, 0x50, 0x0, 0x0, 0x6f, 0x90,
    0x0, 0x0, 0x3e, 0xc0, 0x0, 0x0, 0x1d, 0xe2, 0x0, 0x0, 0xb, 0xf4, 0x0, 0x0, 0x8, 0xf7,
    0x0, 0x0, 0x4, 0xfa, 0x0, 0x0, 0x2, 0xef, 0x98, 0x88, 0x86, 0x4f, 0xff, 0xff, 0xff, 0xb0,
    0x88, 0x88, 0x88, 0x88, 0x8f, 0xff, 0xff, 0xff, 0xff, 0x2, 0xf0, 0xb, 0x60, 0x8b, 0x2, 0xf2,
    0xd, 0x90, 0x7e, 0x12, 0xff, 0x2b, 0xf8, 0xc, 0xd1, 0x7e, 0x50, 0xc, 0xd1, 0x6e, 0x51, 0xff,
    0x3a, 0xf9, 0x8, 0xe0, 0x2f, 0x50, 0xa9, 0x4, 0xe1, 0xe, 0x40, 0x8a, 0x0, 0xc, 0xd1, 0x6e,
    0x51, 0xff, 0x3a, 0xf9, 0x8, 0xe0, 0x2f, 0x50, 0xa9, 0x4, 0xe1, 0xe, 0x40, 0x8a, 0x0, 0x5e,
    0xc1, 0xbf, 0xf6, 0x5e, 0xc2, 0x9, 0xa0, 0x7, 0xb1, 0x5, 0xc3, 0x2f, 0xf3, 0xe, 0xf5, 0xc,
    0xf8, 0xc, 0xc1, 0x9, 0xd2, 0x7, 0xe4, 0x0, 0x0, 0x2, 0x8c, 0xee, 0xd9, 0x20, 0x0, 0x0,
    0x6f, 0xfc, 0xa9, 0xbf, 0xf6, 0x0, 0x6, 0xfd, 0x40, 0x0, 0x2, 0xb4, 0x0, 0x1e, 0xe2, 0x0,
    0x0, 0x0, 0x0, 0x48, 0xbf, 0xd8, 0x88, 0x88, 0x20, 0x0, 0x7f, 0xff, 0xff, 0xff, 0xff, 0x30,
    0x0, 0x0, 0x9f, 0x30, 0x0, 0x0, 0x0, 0x0, 0x7f, 0xff, 0xff, 0xff, 0xff, 0x30, 0x0, 0x48,
    0xbf, 0xd8, 0x88, 0x88, 0x20, 0x0, 0x0, 0x1e, 0xe2, 0x0, 0x0, 0x0, 0x0, 0x0, 0x6, 0xfd,
    0x40, 0x0, 0x2, 0xb4, 0x0, 0x0, 0x6f, 0xfc, 0xa9, 0xbf, 0xf6, 0x0, 0x0, 0x2, 0x8d, 0xee,
    0xd9, 0x20, 0x12, 0x22, 0x22, 0x22, 0xc, 0xff, 0xff, 0xff, 0xf4, 0x44, 0x44, 0x44, 0x44, 0x10,
    0x0, 0x0, 0x0, 0x0, 0x0, 0x0, 0x0, 0x49, 0xdc, 0x0, 0x0, 0x0, 0x0, 0x0, 0x1, 0x6a,
    0xef, 0xff, 0xf2, 0x0, 0x0, 0x0, 0x3, 0x7c, 0xff, 0xff, 0xff, 0xff, 0x20, 0x0, 0x0, 0x8d,
    0xff, 0xff, 0xff, 0xff, 0xff, 0xf2, 0x0, 0x0, 0x2f, 0xff, 0xff, 0xff, 0xff, 0xff, 0xff, 0x20,
    0x0, 0x2, 0xff, 0xff, 0xff, 0xfe, 0x95, 0x1f, 0xf2, 0x0, 0x0, 0x2f, 0xff, 0xfc, 0x73, 0x0,
    0x0, 0xff, 0x20, 0x0, 0x2, 0xff, 0x61, 0x0, 0x0, 0x0, 0xf, 0xf2, 0x0, 0x0, 0x2f, 0xf0,
    0x0, 0x0, 0x0, 0x0, 0xff, 0x20, 0x0, 0x2, 0xff, 0x0, 0x0, 0x0, 0x0, 0xf, 0xf2, 0x0,
    0x0, 0x2f, 0xf0, 0x0, 0x0, 0x0, 0x0, 0xff, 0x20, 0x0, 0x2, 0xff, 0x0, 0x0, 0x2, 0x8b,
    0xaf, 0xf2, 0x0, 0x0, 0x2f, 0xf0, 0x0, 0x2, 0xef, 0xff, 0xff, 0x20, 0x5, 0x78, 0xff, 0x0,
    0x0, 0x6f, 0xff, 0xff, 0xf2, 0x2d, 0xff, 0xff, 0xf0, 0x0, 0x2, 0xef, 0xff, 0xfb, 0x9, 0xff,
    0xff, 0xff, 0x0, 0x0, 0x2, 0x8b, 0xa6, 0x0, 0x6f, 0xff, 0xff, 0xb0, 0x0, 0x0, 0x0, 0x0,
    0x0, 0x0, 0x6c, 0xfd, 0x91, 0x0, 0x0, 0x0, 0x0, 0x0, 0x0, 0x0, 0x0, 0x49, 0xbc, 0xb8,
    0x30, 0x0, 0x0, 0x0, 0x0, 0x1, 0xbf, 0xff, 0xff, 0xff, 0x90, 0x0, 0x0, 0x0, 0x1, 0xdf,
    0xff, 0xff, 0xff, 0xff, 0xc1, 0x0, 0x0, 0x0, 0xcf, 0xfe, 0x72, 0x2, 0x8f, 0xff, 0x90, 0x0,
    0x0, 0x5f, 0xfe, 0x20, 0x0, 0x0, 0x4f, 0xff, 0x30, 0x0, 0xb, 0xff, 0x50, 0x0, 0x0, 0x0,
    0x7f, 0xf8, 0x0, 0x0, 0xef, 0xe0, 0x0, 0x0, 0x0, 0x2, 0xff, 0xb0, 0x0, 0xf, 0xfd, 0x0,
    0x0, 0x0, 0x0, 0xf, 0xfc, 0x0, 0x0, 0xef, 0xe0, 0x0, 0x0, 0x0, 0x2, 0xff, 0xb0, 0x0,
    0xb, 0xff, 0x50, 0x0, 0x0, 0x0, 0x7f, 0xf8, 0x0, 0x0, 0x5f, 0xfe, 0x20, 0x0, 0x0, 0x4f,
    0xff, 0x30, 0x0, 0x0, 0xcf, 0xfe, 0x62, 0x2, 0x8f, 0xff, 0x90, 0x0, 0x0, 0x1, 0xdf, 0xff,
    0xff, 0xff, 0xff, 0xff, 0x90, 0x0, 0x0, 0x1, 0xbf, 0xff, 0xff, 0xff, 0x9f, 0xff, 0xa0, 0x0,
    0x0, 0x0, 0x49, 0xbc, 0xb8, 0x30, 0xaf, 0xff, 0xa0, 0x0, 0x0, 0x0, 0x0, 0x0, 0x0, 0x0,
    0xaf, 0xff, 0xa0, 0x0, 0x0, 0x0, 0x0, 0x0, 0x0, 0x0, 0xaf, 0xff, 0x20, 0x0, 0x0, 0x0,
    0x0, 0x0, 0x0, 0x0, 0xaf, 0x70, 0x0, 0x0, 0x0, 0x0, 0x0, 0x0, 0x0, 0x0, 0x20, 0x0,
    0x51, 0x8, 0x88, 0x88, 0x88, 0x88, 0x88, 0x20, 0x15, 0xf7, 0x6f, 0xff, 0xff, 0xff, 0xff, 0xff,
    0x96, 0x8f, 0xfc, 0xcf, 0xc3, 0x33, 0x33, 0x33, 0x9f, 0xdb, 0xcf, 0xf2, 0xf, 0xa0, 0x0, 0x0,
    0x0, 0x7f, 0x40, 0x2f, 0xf2, 0x1f, 0xa0, 0x0, 0x0, 0x0, 0x7f, 0x50, 0x3f, 0xff, 0xff, 0xa0,
    0x0, 0x0, 0x0, 0x7f, 0xff, 0xff, 0xf4, 0x2f, 0xe9, 0x99, 0x99, 0x99, 0xcf, 0x62, 0x4f, 0xf2,
    0xf, 0xff, 0xff, 0xff, 0xff, 0xff, 0x40, 0x2f, 0xfb, 0xaf, 0xb1, 0x11, 0x11, 0x11, 0x8f, 0xc9,
    0xbf, 0xf9, 0x8f, 0xa0, 0x0, 0x0, 0x0, 0x7f, 0xa8, 0x9f, 0xf2, 0xf, 0xa0, 0x0, 0x0, 0x0,
    0x7f, 0x40, 0x2f, 0xf6, 0x4f, 0xa0, 0x0, 0x0, 0x0, 0x7f, 0x74, 0x6f, 0xfe, 0xef, 0xea, 0xaa,
    0xaa, 0xaa, 0xdf, 0xed, 0xef, 0xc2, 0xf, 0xff, 0xff, 0xff, 0xff, 0xff, 0x40, 0x2c, 0x58, 0x88,
    0x60, 0x27, 0x88, 0x88, 0x88, 0x88, 0x85, 0xff, 0xff, 0xf3, 0x9f, 0xff, 0xff, 0xff, 0xff, 0xff,
    0xff, 0xff, 0xf4, 0xaf, 0xff, 0xff, 0xff, 0xff, 0xff, 0xff, 0xff, 0xf4, 0xaf, 0xff, 0xff, 0xff,
    0xff, 0xff, 0xcf, 0xff, 0xe2, 0x7f, 0xff, 0xff, 0xff, 0xff, 0xfc, 0x0, 0x0, 0x0, 0x0, 0x0,
    0x0, 0x0, 0x0, 0x0, 0xcf, 0xff, 0xe2, 0x7f, 0xff, 0xff, 0xff, 0xff, 0xfc, 0xff, 0xff, 0xf4,
    0xaf, 0xff, 0xff, 0xff, 0xff, 0xff, 0xff, 0xff, 0xf4, 0xaf, 0xff, 0xff, 0xff, 0xff, 0xff, 0xff,
    0xff, 0xf3, 0x9f, 0xff, 0xff, 0xff, 0xff, 0xff, 0x58, 0x88, 0x60, 0x27, 0x88, 0x88, 0x88, 0x88,
    0x85, 0x58, 0x88, 0x60, 0x27, 0x88, 0x88, 0x88, 0x88, 0x85, 0xff, 0xff, 0xf3, 0x9f, 0xff, 0xff,
    0xff, 0xff, 0xff, 0xff, 0xff, 0xf4, 0xaf, 0xff, 0xff, 0xff, 0xff, 0xff, 0xff, 0xff, 0xf4, 0xaf,
    0xff, 0xff, 0xff, 0xff, 0xff, 0xcf, 0xff, 0xe2, 0x7f, 0xff, 0xff, 0xff, 0xff, 0xfc, 0x0, 0x0,
    0x0, 0x0, 0x0, 0x0, 0x0, 0x5, 0x30, 0x0, 0x0, 0x0, 0x0, 0x0, 0x0, 0x0, 0x7f, 0xe3,
    0x0, 0x0, 0x0, 0x0, 0x0, 0x0, 0x7, 0xff, 0xfd, 0x0, 0x0, 0x0, 0x0, 0x0, 0x0, 0x7f,
    0xff, 0xf8, 0x0, 0x0, 0x0, 0x0, 0x0, 0x7, 0xff, 0xff, 0x90, 0x9, 0xc2, 0x0, 0x0, 0x0,
    0x7f, 0xff, 0xf9, 0x0, 0x9f, 0xfd, 0x20, 0x0, 0x7, 0xff, 0xff, 0x90, 0x0, 0xdf, 0xff, 0xd2,
    0x0, 0x7f, 0xff, 0xf9, 0x0, 0x0, 0x3e, 0xff, 0xfd, 0x27, 0xff, 0xff, 0x90, 0x0, 0x0, 0x3,
    0xef, 0xff, 0xef, 0xff, 0xf9, 0x0, 0x0, 0x0, 0x0, 0x3e, 0xff, 0xff, 0xff, 0x90, 0x0, 0x0,
    0x0, 0x0, 0x2, 0xef, 0xff, 0xf9, 0x0, 0x0, 0x0, 0x0, 0x0, 0x0, 0x2e, 0xff, 0x90, 0x0,
    0x0, 0x0, 0x0, 0x0, 0x0, 0x2, 0xd8, 0x0, 0x0, 0x0, 0x0, 0x0, 0x3d, 0xb1, 0x0, 0x0,
    0x7, 0xe7, 0xd, 0xff, 0xc1, 0x0, 0x7, 0xff, 0xf4, 0xbf, 0xff, 0xc1, 0x7, 0xff, 0xfe, 0x31,
    0xcf, 0xff, 0xc8, 0xff, 0xfe, 0x40, 0x1, 0xcf, 0xff, 0xff, 0xfe, 0x40, 0x0, 0x1, 0xcf, 0xff,
    0xfe, 0x40, 0x0, 0x0, 0x8, 0xff, 0xff, 0xc1, 0x0, 0x0, 0x7, 0xff, 0xff, 0xff, 0xc1, 0x0,
    0x7, 0xff, 0xfe, 0xcf, 0xff, 0xc1, 0x7, 0xff, 0xfe, 0x41, 0xcf, 0xff, 0xc1, 0xef, 0xfe, 0x40,
    0x1, 0xcf, 0xff, 0x57, 0xfe, 0x40, 0x0, 0x1, 0xcf, 0xc1, 0x4, 0x30, 0x0, 0x0, 0x1, 0x51,
    0x0, 0x0, 0x0, 0x0, 0x9, 0xfc, 0x0, 0x0, 0x0, 0x0, 0x0, 0x0, 0x0, 0xdf, 0xf0, 0x0,
    0x0, 0x0, 0x0, 0x8, 0xd2, 0xd, 0xff, 0x1, 0xca, 0x0, 0x0, 0x9, 0xff, 0x90, 0xdf, 0xf0,
    0x7f, 0xfb, 0x0, 0x6, 0xff, 0xf5, 0xd, 0xff, 0x3, 0xef, 0xf8, 0x0, 0xef, 0xf6, 0x0, 0xdf,
    0xf0, 0x4, 0xff, 0xf2, 0x5f, 0xfb, 0x0, 0xd, 0xff, 0x0, 0x9, 0xff, 0x7a, 0xff, 0x40, 0x0,
    0xdf, 0xf0, 0x0, 0x2f, 0xfc, 0xcf, 0xf1, 0x0, 0xd, 0xff, 0x0, 0x0, 0xef, 0xec, 0xff, 0x0,
    0x0, 0xbf, 0xd0, 0x0, 0xd, 0xff, 0xbf, 0xf2, 0x0, 0x0, 0x21, 0x0, 0x0, 0xff, 0xd8, 0xff,
    0x60, 0x0, 0x0, 0x0, 0x0, 0x4f, 0xfa, 0x3f, 0xfd, 0x10, 0x0, 0x0, 0x0, 0xc, 0xff, 0x60,
    0xbf, 0xfb, 0x0, 0x0, 0x0, 0x9, 0xff, 0xd0, 0x2, 0xef, 0xfc, 0x40, 0x0, 0x3b, 0xff, 0xf4,
    0x0, 0x4, 0xef, 0xff, 0xed, 0xef, 0xff, 0xf6, 0x0, 0x0, 0x3, 0xdf, 0xff, 0xff, 0xff, 0xe5,
    0x0, 0x0, 0x0, 0x0, 0x6b, 0xef, 0xeb, 0x71, 0x0, 0x0, 0x0, 0x0, 0x0, 0x15, 0x76, 0x40,
    0x0, 0x0, 0x0, 0x0, 0x0, 0x0, 0x7f, 0xff, 0xf1, 0x0, 0x0, 0x0, 0x0, 0x0, 0x0, 0x7f,
    0xff, 0xf1, 0x0, 0x0, 0x0, 0x0, 0x96, 0x19, 0xff, 0xff, 0xfd, 0x62, 0xa5, 0x0, 0x7, 0xff,
    0xff, 0xff, 0xff, 0xff, 0xff, 0xfe, 0x20, 0x1e, 0xff, 0xff, 0xff, 0xff, 0xff, 0xff, 0xff, 0xa0,
    0x6f, 0xff, 0xff, 0xfc, 0x89, 0xef, 0xff, 0xff, 0xf1, 0x19, 0xff, 0xff, 0xa0, 0x0, 0x2e, 0xff,
    0xfe, 0x60, 0x0, 0xdf, 0xff, 0x20, 0x0, 0x8, 0xff, 0xf7, 0x0, 0x0, 0xef, 0xff, 0x10, 0x0,
    0x7, 0xff, 0xf8, 0x0, 0x2, 0xef, 0xff, 0x50, 0x0, 0xb, 0xff, 0xfa, 0x0, 0x5f, 0xff, 0xff,
    0xe5, 0x1, 0x9f, 0xff, 0xff, 0xd1, 0x3f, 0xff, 0xff, 0xff, 0xff, 0xff, 0xff, 0xff, 0xd0, 0xb,
    0xff, 0xff, 0xff, 0xff, 0xff, 0xff, 0xff, 0x60, 0x2, 0xed, 0x8f, 0xff, 0xff, 0xff, 0xd9, 0xfb,
    0x0, 0x0, 0x21, 0x2, 0xbf, 0xff, 0xf7, 0x0, 0x21, 0x0, 0x0, 0x0, 0x0, 0x7f, 0xff, 0xf1,
    0x0, 0x0, 0x0, 0x0, 0x0, 0x0, 0x4d, 0xee, 0xc0, 0x0, 0x0, 0x0, 0x0, 0x0, 0x0, 0x0,
    0x19, 0xa2, 0x0, 0x7b, 0xb1, 0x0, 0x0, 0x0, 0x0, 0x0, 0x2d, 0xff, 0xe4, 0xa, 0xff, 0x20,
    0x0, 0x0, 0x0, 0x0, 0x4e, 0xff, 0xef, 0xf7, 0xaf, 0xf2, 0x0, 0x0, 0x0, 0x0, 0x7f, 0xfd,
    0x31, 0xcf, 0xff, 0xff, 0x20, 0x0, 0x0, 0x0, 0x9f, 0xfc, 0x26, 0x81, 0x9f, 0xff, 0xf2, 0x0,
    0x0, 0x1, 0xcf, 0xfa, 0x18, 0xff, 0xb1, 0x7f, 0xff, 0x40, 0x0, 0x3, 0xdf, 0xf7, 0x1b, 0xff,
    0xff, 0xd2, 0x4e, 0xff, 0x50, 0x5, 0xef, 0xe5, 0x2d, 0xff, 0xff, 0xff, 0xe4, 0x2d, 0xff, 0x80,
    0xdf, 0xd3, 0x4e, 0xff, 0xff, 0xff, 0xff, 0xf7, 0x1b, 0xff, 0x23, 0xa1, 0x5f, 0xff, 0xff, 0xff,
    0xff, 0xff, 0xf9, 0x8, 0x50, 0x0, 0x9, 0xff, 0xff, 0xff, 0xff, 0xff, 0xff, 0xd0, 0x0, 0x0,
    0x0, 0x9f, 0xff, 0xfc, 0x88, 0xaf, 0xff, 0xfd, 0x0, 0x0, 0x0, 0x9, 0xff, 0xff, 0x70, 0x3,
    0xff, 0xff, 0xd0, 0x0, 0x0, 0x0, 0x9f, 0xff, 0xf7, 0x0, 0x3f, 0xff, 0xfd, 0x0, 0x0, 0x0,
    0x9, 0xff, 0xff, 0x70, 0x3, 0xff, 0xff, 0xd0, 0x0, 0x0, 0x0, 0x8f, 0xff, 0xf5, 0x0, 0x2f,
    0xff, 0xfc, 0x0, 0x0, 0x0, 0x0, 0x0, 0x3, 0x55, 0x41, 0x0, 0x0, 0x0, 0x0, 0x0, 0x18,
    0xef, 0xff, 0xff, 0xb4, 0x0, 0x0, 0x0, 0x3, 0xdf, 0xff, 0xff, 0xff, 0xff, 0x90, 0x0, 0x0,
    0x3e, 0xff, 0xff, 0xff, 0xff, 0xff, 0xfb, 0x0, 0x1, 0xef, 0xff, 0xff, 0x10, 0x7f, 0xff, 0xff,
    0x80, 0x8, 0xff, 0xff, 0xff, 0x0, 0x7f, 0xff, 0xff, 0xf2, 0xe, 0xff, 0xff, 0xff, 0x0, 0x7f,
    0xff, 0xff, 0xf8, 0x4f, 0xff, 0xff, 0xff, 0x0, 0x7f, 0xff, 0xff, 0xfc, 0x6f, 0xff, 0xff, 0xff,
    0x0, 0x7f, 0xff, 0xff, 0xfe, 0x6f, 0xff, 0xff, 0xff, 0x0, 0x3d, 0xff, 0xff, 0xff, 0x5f, 0xff,
    0xff, 0xff, 0x20, 0x1, 0xaf, 0xff, 0xfd, 0x3f, 0xff, 0xff, 0xff, 0xe5, 0x0, 0x3f, 0xff, 0xfb,
    0xd, 0xff, 0xff, 0xff, 0xff, 0xa1, 0xcf, 0xff, 0xf6, 0x6, 0xff, 0xff, 0xff, 0xff, 0xff, 0xff,
    0xff, 0xd1, 0x0, 0xbf, 0xff, 0xff, 0xff, 0xff, 0xff, 0xff, 0x50, 0x0, 0x1c, 0xff, 0xff, 0xff,
    0xff, 0xff, 0xf6, 0x0, 0x0, 0x1, 0xaf, 0xff, 0xff, 0xff, 0xfe, 0x50, 0x0, 0x0, 0x0, 0x3,
    0x9d, 0xff, 0xeb, 0x71, 0x0, 0x0, 0x0, 0x0, 0x0, 0x0, 0x1, 0x0, 0x0, 0x0, 0x0, 0x0,
    0x0, 0x0, 0x8, 0x99, 0x80, 0x0, 0x0, 0x0, 0x0, 0x0, 0x0, 0x4f, 0xff, 0xf4, 0x0, 0x0,
    0x0, 0x0, 0x0, 0x0, 0x4f, 0xff, 0xf4, 0x0, 0x0, 0x0, 0x0, 0x0, 0x0, 0x4f, 0xff, 0xf4,
    0x0, 0x0, 0x0, 0x0, 0x0, 0x0, 0x4f, 0xff, 0xf4, 0x0, 0x0, 0x0, 0x0, 0x0, 0x0, 0x4f,
    0xff, 0xf4, 0x0, 0x0, 0x0, 0x0, 0x0, 0x0, 0x4f, 0xff, 0xf4, 0x0, 0x0, 0x0, 0x0, 0xb,
    0xdd, 0xdf, 0xff, 0xfd, 0xdd, 0xb0, 0x0, 0x0, 0x9, 0xff, 0xff, 0xff, 0xff, 0xff, 0x90, 0x0,
    0x0, 0x0, 0x9f, 0xff, 0xff, 0xff, 0xf9, 0x0, 0x0, 0x0, 0x0, 0x8, 0xff, 0xff, 0xff, 0x80,
    0x0, 0x0, 0x0, 0x0, 0x0, 0x8f, 0xff, 0xf8, 0x0, 0x0, 0x0, 0x24, 0x44, 0x44, 0x17, 0xff,
    0x81, 0x44, 0x44, 0x42, 0xef, 0xff, 0xff, 0xc2, 0x66, 0x2c, 0xff, 0xff, 0xfe, 0xff, 0xff, 0xff,
    0xfe, 0x77, 0xef, 0xff, 0xff, 0xff, 0xff, 0xff, 0xff, 0xff, 0xff, 0xff, 0xff, 0xff, 0xff, 0xff,
    0xff, 0xff, 0xff, 0xff, 0xff, 0x74, 0xe5, 0xff, 0xcf, 0xff, 0xff, 0xff, 0xff, 0xff, 0xff, 0xff,
    0xfc, 0x0, 0x0, 0x2, 0x22, 0x22, 0x22, 0x22, 0x20, 0x0, 0x0, 0x0, 0x0, 0x1c, 0xff, 0xff,
    0xff, 0xff, 0xff, 0xe3, 0x0, 0x0, 0x0, 0x9, 0xff, 0xff, 0xff, 0xff, 0xff, 0xff, 0xd1, 0x0,
    0x0, 0x5, 0xff, 0x50, 0x0, 0x0, 0x0, 0x2, 0xef, 0x90, 0x0, 0x1, 0xef, 0xa0, 0x0, 0x0,
    0x0, 0x0, 0x6, 0xff, 0x40, 0x0, 0xaf, 0xd1, 0x0, 0x0, 0x0, 0x0, 0x0, 0xa, 0xfd, 0x10,
    0x6f, 0xf4, 0x0, 0x0, 0x0, 0x0, 0x0, 0x0, 0x1e, 0xf9, 0xe, 0xfe, 0xbb, 0xbb, 0x20, 0x0,
    0x0, 0xbb, 0xbb, 0xdf, 0xf2, 0xff, 0xff, 0xff, 0xfa, 0x0, 0x0, 0x6f, 0xff, 0xff, 0xff, 0x4f,
    0xff, 0xff, 0xff, 0xf8, 0x88, 0x8d, 0xff, 0xff, 0xff, 0xf4, 0xff, 0xff, 0xff, 0xff, 0xff, 0xff,
    0xff, 0xff, 0xff, 0xff, 0x4f, 0xff, 0xff, 0xff, 0xff, 0xff, 0xff, 0xff, 0xff, 0xff, 0xf4, 0xef,
    0xff, 0xff, 0xff, 0xff, 0xff, 0xff, 0xff, 0xff, 0xff, 0x37, 0xef, 0xff, 0xff, 0xff, 0xff, 0xff,
    0xff, 0xff, 0xff, 0xa0, 0x0, 0x0, 0x0, 0x26, 0x77, 0x51, 0x0, 0x5, 0xbb, 0x0, 0x0, 0x4c,
    0xff, 0xff, 0xff, 0xa2, 0x7, 0xff, 0x0, 0x8, 0xff, 0xff, 0xff, 0xff, 0xff, 0x76, 0xff, 0x0,
    0x8f, 0xff, 0x93, 0x11, 0x4a, 0xff, 0xfd, 0xff, 0x5, 0xff, 0xe3, 0x0, 0x0, 0x0, 0x4e, 0xff,
    0xff, 0xd, 0xfe, 0x30, 0x0, 0x0, 0x45, 0x46, 0xff, 0xff, 0x4f, 0xf7, 0x0, 0x0, 0x0, 0xdf,
    0xff, 0xff, 0xff, 0x8f, 0xf1, 0x0, 0x0, 0x0, 0xdf, 0xff, 0xff, 0xff, 0x12, 0x10, 0x0, 0x0,
    0x0, 0x12, 0x22, 0x22, 0x21, 0x0, 0x0, 0x0, 0x0, 0x0, 0x0, 0x0, 0x0, 0x0, 0x66, 0x66,
    0x66, 0x65, 0x0, 0x0, 0x0, 0x6, 0x63, 0xff, 0xff, 0xff, 0xfd, 0x0, 0x0, 0x0, 0x3f, 0xf6,
    0xff, 0xff, 0xef, 0xfd, 0x0, 0x0, 0x0, 0xbf, 0xf2, 0xff, 0xff, 0x70, 0x1, 0x0, 0x0, 0x8,
    0xff, 0xa0, 0xff, 0xff, 0xfa, 0x20, 0x0, 0x2, 0xbf, 0xfe, 0x10, 0xff, 0x8d, 0xff, 0xfc, 0x99,
    0xbf, 0xff, 0xe3, 0x0, 0xff, 0x61, 0x9f, 0xff, 0xff, 0xff, 0xfb, 0x20, 0x0, 0xff, 0x70, 0x2,
    0x8c, 0xee, 0xd9, 0x40, 0x0, 0x0, 0x67, 0x30, 0x0, 0x0, 0x0, 0x0, 0x0, 0x0, 0x0, 0x0,
    0x0, 0x0, 0x2, 0x30, 0x0, 0x0, 0x2, 0xef, 0x0, 0x0, 0x2, 0xef, 0xf0, 0x0, 0x2, 0xef,
    0xff, 0xcf, 0xff, 0xff, 0xff, 0xff, 0xff, 0xff, 0xff, 0xff, 0xff, 0xff, 0xff, 0xff, 0xff, 0xff,
    0xff, 0xff, 0xff, 0xff, 0xff, 0xff, 0xff, 0xff, 0xff, 0xff, 0xff, 0xff, 0x8b, 0xbb, 0xdf, 0xff,
    0xf0, 0x0, 0x1, 0xcf, 0xff, 0x0, 0x0, 0x1, 0xcf, 0xf0, 0x0, 0x0, 0x1, 0xbd, 0x0, 0x0,
    0x0, 0x0, 0x10, 0x0, 0x0, 0x0, 0x2, 0x30, 0x0, 0x0, 0x0, 0x0, 0x0, 0x2e, 0xf0, 0x0,
    0x0, 0x0, 0x0, 0x2, 0xef, 0xf0, 0x0, 0x0, 0x0, 0x0, 0x2e, 0xff, 0xf0, 0x0, 0x0, 0xcf,
    0xff, 0xff, 0xff, 0xf0, 0x6, 0x20, 0xff, 0xff, 0xff, 0xff, 0xf0, 0x1f, 0xe3, 0xff, 0xff, 0xff,
    0xff, 0xf0, 0x5, 0xfa, 0xff, 0xff, 0xff, 0xff, 0xf0, 0x1, 0xfc, 0xff, 0xff, 0xff, 0xff, 0xf0,
    0xa, 0xf8, 0xff, 0xff, 0xff, 0xff, 0xf0, 0x1e, 0xa0, 0x8b, 0xbb, 0xdf, 0xff, 0xf0, 0x1, 0x0,
    0x0, 0x0, 0x1c, 0xff, 0xf0, 0x0, 0x0, 0x0, 0x0, 0x1, 0xcf, 0xf0, 0x0, 0x0, 0x0, 0x0,
    0x0, 0x1b, 0xd0, 0x0, 0x0, 0x0, 0x0, 0x0, 0x0, 0x10, 0x0, 0x0, 0x0, 0x0, 0x0, 0x0,
    0x0, 0x0, 0x0, 0x11, 0x0, 0x0, 0x0, 0x0, 0x0, 0x0, 0x0, 0x0, 0x0, 0xdd, 0x20, 0x0,
    0x0, 0x0, 0x0, 0x2, 0x30, 0x0, 0x0, 0x6f, 0xe3, 0x0, 0x0, 0x0, 0x0, 0x2e, 0xf0, 0x0,
    0x4, 0x4, 0xfd, 0x10, 0x0, 0x0, 0x2, 0xef, 0xf0, 0x0, 0x6f, 0xb1, 0x7f, 0xa0, 0x0, 0x0,
    0x2e, 0xff, 0xf0, 0x0, 0xb, 0xfa, 0xc, 0xf3, 0xcf, 0xff, 0xff, 0xff, 0xf0, 0x7, 0x30, 0xbf,
    0x56, 0xf8, 0xff, 0xff, 0xff, 0xff, 0xf0, 0x1e, 0xf3, 0x3f, 0xb1, 0xfc, 0xff, 0xff, 0xff, 0xff,
    0xf0, 0x5, 0xfa, 0xe, 0xe0, 0xee, 0xff, 0xff, 0xff, 0xff, 0xf0, 0x1, 0xfc, 0xd, 0xe0, 0xdf,
    0xff, 0xff, 0xff, 0xff, 0xf0, 0xb, 0xf8, 0x1f, 0xd0, 0xed, 0xff, 0xff, 0xff, 0xff, 0xf0, 0x1e,
    0xa0, 0x7f, 0x83, 0xfb, 0x8b, 0xbb, 0xdf, 0xff, 0xf0, 0x0, 0x4, 0xee, 0x28, 0xf6, 0x0, 0x0,
    0x1c, 0xff, 0xf0, 0x0, 0x3f, 0xf4, 0x2e, 0xe1, 0x0, 0x0, 0x1, 0xcf, 0xf0, 0x0, 0x3c, 0x30,
    0xbf, 0x50, 0x0, 0x0, 0x0, 0x1b, 0xd0, 0x0, 0x0, 0x1b, 0xf9, 0x0, 0x0, 0x0, 0x0, 0x0,
    0x10, 0x0, 0x0, 0xcf, 0x90, 0x0, 0x0, 0x0, 0x0, 0x0, 0x0, 0x0, 0x0, 0x76, 0x0, 0x0,
    0x6e, 0xff, 0xff, 0xff, 0xff, 0xff, 0xff, 0xff, 0xe6, 0xef, 0xff, 0xff, 0xff, 0xff, 0xff, 0xff,
    0xff, 0xfe, 0xff, 0xb2, 0x2c, 0xff, 0xff, 0xff, 0xff, 0xff, 0xff, 0xff, 0x20, 0x2, 0xff, 0xff,
    0xff, 0xff, 0xff, 0xff, 0xff, 0x0, 0x1, 0xff, 0xff, 0xff, 0xcf, 0xff, 0xff, 0xff, 0x50, 0x6,
    0xff, 0xff, 0xf7, 0x8, 0xff, 0xff, 0xff, 0xf9, 0x9f, 0xff, 0xff, 0x70, 0x0, 0x8f, 0xff, 0xff,
    0xff, 0xdb, 0xff, 0xf7, 0x0, 0x0, 0x9, 0xff, 0xff, 0xfd, 0x10, 0xaf, 0x70, 0x0, 0x0, 0x2,
    0xff, 0xff, 0xc1, 0x0, 0x5, 0x0, 0x0, 0x0, 0x2, 0xff, 0xff, 0x40, 0x0, 0x0, 0x0, 0x0,
    0x0, 0x2, 0xff, 0xff, 0x62, 0x22, 0x22, 0x22, 0x22, 0x22, 0x24, 0xff, 0xef, 0xff, 0xff, 0xff,
    0xff, 0xff, 0xff, 0xff, 0xfe, 0x6e, 0xff, 0xff, 0xff, 0xff, 0xff, 0xff, 0xff, 0xe6, 0x0, 0x0,
    0x6, 0x60, 0x0, 0x0, 0x0, 0x0, 0x2f, 0xf2, 0x0, 0x0, 0x0, 0x0, 0x7f, 0xf7, 0x0, 0x0,
    0x0, 0x0, 0xdf, 0xfd, 0x0, 0x0, 0x0, 0x6, 0xff, 0xff, 0x60, 0x0, 0x0, 0x1e, 0xff, 0xff,
    0xe1, 0x0, 0x0, 0x9f, 0xff, 0xff, 0xfa, 0x0, 0x5, 0xff, 0xff, 0xff, 0xff, 0x50, 0x1e, 0xff,
    0xff, 0xff, 0xff, 0xe1, 0x7f, 0xff, 0xff, 0xff, 0xff, 0xf7, 0xcf, 0xff, 0xff, 0xff, 0xff, 0xfc,
    0xef, 0xcf, 0xff, 0xff, 0xff, 0xfe, 0xef, 0x3e, 0xff, 0xff, 0xff, 0xfe, 0xcf, 0x69, 0xff, 0xff,
    0xff, 0xfc, 0x7f, 0xd2, 0x9e, 0xff, 0xff, 0xf7, 0x1d, 0xfd, 0x41, 0xcf, 0xff, 0xd1, 0x3, 0xdf,
    0xff, 0xff, 0xfd, 0x20, 0x0, 0x19, 0xef, 0xfe, 0x91, 0x0, 0x0, 0x0, 0x2, 0x20, 0x0, 0x0,
    0x5b, 0xb0, 0x0, 0x0, 0x3, 0xa4, 0x8f, 0xf0, 0x0, 0x0, 0x4e, 0xfa, 0x8f, 0xf0, 0x0, 0x5,
    0xff, 0xfb, 0x8f, 0xf0, 0x0, 0x6f, 0xff, 0xfb, 0x8f, 0xf0, 0x7, 0xff, 0xff, 0xfb, 0x8f, 0xf0,
    0x8f, 0xff, 0xff, 0xfb, 0x8f, 0xf9, 0xff, 0xff, 0xff, 0xfb, 0x8f, 0xff, 0xff, 0xff, 0xff, 0xfb,
    0x8f, 0xff, 0xff, 0xff, 0xff, 0xfb, 0x8f, 0xfc, 0xff, 0xff, 0xff, 0xfb, 0x8f, 0xf1, 0xbf, 0xff,
    0xff, 0xfb, 0x8f, 0xf0, 0x1b, 0xff, 0xff, 0xfb, 0x8f, 0xf0, 0x0, 0xaf, 0xff, 0xfb, 0x8f, 0xf0,
    0x0, 0x8, 0xff, 0xfb, 0x8f, 0xf0, 0x0, 0x0, 0x7f, 0xfb, 0x7f, 0xe0, 0x0, 0x0, 0x6, 0xe6,
    0x4a, 0x71, 0x0, 0x0, 0x0, 0x0, 0x0, 0x0, 0xdf, 0xfd, 0x50, 0x0, 0x0, 0x0, 0x0, 0x0,
    0xff, 0xff, 0xfb, 0x30, 0x0, 0x0, 0x0, 0x0, 0xff, 0xff, 0xff, 0xf8, 0x10, 0x0, 0x0, 0x0,
    0xff, 0xff, 0xff, 0xff, 0xe6, 0x0, 0x0, 0x0, 0xff, 0xff, 0xff, 0xff, 0xff, 0xc3, 0x0, 0x0,
    0xff, 0xff, 0xff, 0xff, 0xff, 0xff, 0x91, 0x0, 0xff, 0xff, 0xff, 0xff, 0xff, 0xff, 0xfe, 0x60,
    0xff, 0xff, 0xff, 0xff, 0xff, 0xff, 0xff, 0xf7, 0xff, 0xff, 0xff, 0xff, 0xff, 0xff, 0xff, 0xfa,
    0xff, 0xff, 0xff, 0xff, 0xff, 0xff, 0xff, 0xd3, 0xff, 0xff, 0xff, 0xff, 0xff, 0xff, 0xf8, 0x10,
    0xff, 0xff, 0xff, 0xff, 0xff, 0xfb, 0x20, 0x0, 0xff, 0xff, 0xff, 0xff, 0xfd, 0x40, 0x0, 0x0,
    0xff, 0xff, 0xff, 0xfe, 0x70, 0x0, 0x0, 0x0, 0xff, 0xff, 0xff, 0xa2, 0x0, 0x0, 0x0, 0x0,
    0xff, 0xff, 0xc4, 0x0, 0x0, 0x0, 0x0, 0x0, 0x9f, 0xe6, 0x0, 0x0, 0x0, 0x0, 0x0, 0x0,
    0x3, 0x10, 0x0, 0x0, 0x0, 0x0, 0x0, 0x0, 0x4b, 0xbb, 0xba, 0x20, 0x4, 0xbb, 0xbb, 0xa2,
    0xdf, 0xff, 0xff, 0xa0, 0xd, 0xff, 0xff, 0xfa, 0xff, 0xff, 0xff, 0xb0, 0xf, 0xff, 0xff, 0xfb,
    0xff, 0xff, 0xff, 0xb0, 0xf, 0xff, 0xff, 0xfb, 0xff, 0xff, 0xff, 0xb0, 0xf, 0xff, 0xff, 0xfb,
    0xff, 0xff, 0xff, 0xb0, 0xf, 0xff, 0xff, 0xfb, 0xff, 0xff, 0xff, 0xb0, 0xf, 0xff, 0xff, 0xfb,
    0xff, 0xff, 0xff, 0xb0, 0xf, 0xff, 0xff, 0xfb, 0xff, 0xff, 0xff, 0xb0, 0xf, 0xff, 0xff, 0xfb,
    0xff, 0xff, 0xff, 0xb0, 0xf, 0xff, 0xff, 0xfb, 0xff, 0xff, 0xff, 0xb0, 0xf, 0xff, 0xff, 0xfb,
    0xff, 0xff, 0xff, 0xb0, 0xf, 0xff, 0xff, 0xfb, 0xff, 0xff, 0xff, 0xb0, 0xf, 0xff, 0xff, 0xfb,
    0xff, 0xff, 0xff, 0xb0, 0xf, 0xff, 0xff, 0xfb, 0xef, 0xff, 0xff, 0xb0, 0xe, 0xff, 0xff, 0xfb,
    0x7e, 0xff, 0xfd, 0x40, 0x7, 0xef, 0xff, 0xd4, 0x4b, 0xbb, 0xbb, 0xbb, 0xbb, 0xbb, 0xbb, 0xa2,
    0xdf, 0xff, 0xff, 0xff, 0xff, 0xff, 0xff, 0xfa, 0xff, 0xff, 0xff, 0xff, 0xff, 0xff, 0xff, 0xfb,
    0xff, 0xff, 0xff, 0xff, 0xff, 0xff, 0xff, 0xfb, 0xff, 0xff, 0xff, 0xff, 0xff, 0xff, 0xff, 0xfb,
    0xff, 0xff, 0xff, 0xff, 0xff, 0xff, 0xff, 0xfb, 0xff, 0xff, 0xff, 0xff, 0xff, 0xff, 0xff, 0xfb,
    0xff, 0xff, 0xff, 0xff, 0xff, 0xff, 0xff, 0xfb, 0xff, 0xff, 0xff, 0xff, 0xff, 0xff, 0xff, 0xfb,
    0xff, 0xff, 0xff, 0xff, 0xff, 0xff, 0xff, 0xfb, 0xff, 0xff, 0xff, 0xff, 0xff, 0xff, 0xff, 0xfb,
    0xff, 0xff, 0xff, 0xff, 0xff, 0xff, 0xff, 0xfb, 0xff, 0xff, 0xff, 0xff, 0xff, 0xff, 0xff, 0xfb,
    0xff, 0xff, 0xff, 0xff, 0xff, 0xff, 0xff, 0xfb, 0xef, 0xff, 0xff, 0xff, 0xff, 0xff, 0xff, 0xfb,
    0x7e, 0xff, 0xff, 0xff, 0xff, 0xff, 0xff, 0xd4, 0x4a, 0x30, 0x0, 0x0, 0xb, 0xb5, 0xbf, 0xe4,
    0x0, 0x0, 0xf, 0xf8, 0xbf, 0xff, 0x50, 0x0, 0xf, 0xf8, 0xbf, 0xff, 0xf6, 0x0, 0xf, 0xf8,
    0xbf, 0xff, 0xff, 0x70, 0xf, 0xf8, 0xbf, 0xff, 0xff, 0xf8, 0xf, 0xf8, 0xbf, 0xff, 0xff, 0xff,
    0x9f, 0xf8, 0xbf, 0xff, 0xff, 0xff, 0xff, 0xf8, 0xbf, 0xff, 0xff, 0xff, 0xff, 0xf8, 0xbf, 0xff,
    0xff, 0xff, 0xcf, 0xf8, 0xbf, 0xff, 0xff, 0xfb, 0x1f, 0xf8, 0xbf, 0xff, 0xff, 0xa0, 0xf, 0xf8,
    0xbf, 0xff, 0xf9, 0x0, 0xf, 0xf8, 0xbf, 0xff, 0x80, 0x0, 0xf, 0xf8, 0xbf, 0xf7, 0x0, 0x0,
    0xf, 0xf8, 0x7e, 0x60, 0x0, 0x0, 0xe, 0xf7, 0x0, 0x0, 0x0, 0x4e, 0xc2, 0x0, 0x0, 0x0,
    0x0, 0x0, 0x4, 0xff, 0xfd, 0x10, 0x0, 0x0, 0x0, 0x0, 0x3e, 0xff, 0xff, 0xc1, 0x0, 0x0,
    0x0, 0x2, 0xef, 0xff, 0xff, 0xfb, 0x10, 0x0, 0x0, 0x1d, 0xff, 0xff, 0xff, 0xff, 0xb0, 0x0,
    0x1, 0xcf, 0xff, 0xff, 0xff, 0xff, 0xf9, 0x0, 0x1b, 0xff, 0xff, 0xff, 0xff, 0xff, 0xff, 0x80,
    0xaf, 0xff, 0xff, 0xff, 0xff, 0xff, 0xff, 0xf6, 0xff, 0xff, 0xff, 0xff, 0xff, 0xff, 0xff, 0xfb,
    0x8f, 0xff, 0xff, 0xff, 0xff, 0xff, 0xff, 0xf4, 0x1, 0x22, 0x22, 0x22, 0x22, 0x22, 0x22, 0x10,
    0x47, 0x88, 0x88, 0x88, 0x88, 0x88, 0x88, 0x72, 0xef, 0xff, 0xff, 0xff, 0xff, 0xff, 0xff, 0xfb,
    0xff, 0xff, 0xff, 0xff, 0xff, 0xff, 0xff, 0xfb, 0xff, 0xff, 0xff, 0xff, 0xff, 0xff, 0xff, 0xfb,
    0xbf, 0xff, 0xff, 0xff, 0xff, 0xff, 0xff, 0xf7, 0x0, 0x0, 0x0, 0x0, 0x31, 0x0, 0x0, 0x0,
    0x0, 0x8f, 0xc0, 0x0, 0x0, 0x0, 0x8f, 0xff, 0x20, 0x0, 0x0, 0x8f, 0xff, 0x70, 0x0, 0x0,
    0x8f, 0xff, 0x70, 0x0, 0x0, 0x8f, 0xff, 0x70, 0x0, 0x0, 0x8f, 0xff, 0x70, 0x0, 0x0, 0x8f,
    0xff, 0x70, 0x0, 0x0, 0xe, 0xff, 0xd1, 0x0, 0x0, 0x0, 0x4e, 0xff, 0xb1, 0x0, 0x0, 0x0,
    0x4e, 0xff, 0xb1, 0x0, 0x0, 0x0, 0x4e, 0xff, 0xb1, 0x0, 0x0, 0x0, 0x4e, 0xff, 0xb1, 0x0,
    0x0, 0x0, 0x4e, 0xff, 0xb0, 0x0, 0x0, 0x0, 0x4e, 0xff, 0x20, 0x0, 0x0, 0x0, 0x4d, 0x70,
    0x0, 0x40, 0x0, 0x0, 0x0, 0x0, 0x8f, 0xb1, 0x0, 0x0, 0x0, 0xe, 0xff, 0xb1, 0x0, 0x0,
    0x0, 0x3e, 0xff, 0xb1, 0x0, 0x0, 0x0, 0x3e, 0xff, 0xb1, 0x0, 0x0, 0x0, 0x3e, 0xff, 0xb1,
    0x0, 0x0, 0x0, 0x3e, 0xff, 0xb1, 0x0, 0x0, 0x0, 0x4e, 0xff, 0xb0, 0x0, 0x0, 0x0, 0xaf,
    0xff, 0x30, 0x0, 0x0, 0x8f, 0xff, 0x70, 0x0, 0x0, 0x8f, 0xff, 0x70, 0x0, 0x0, 0x8f, 0xff,
    0x70, 0x0, 0x0, 0x8f, 0xff, 0x70, 0x0, 0x0, 0x8f, 0xff, 0x70, 0x0, 0x0, 0xe, 0xff, 0x70,
    0x0, 0x0, 0x0, 0x4d, 0x70, 0x0, 0x0, 0x0, 0x0, 0x0, 0x2, 0x7b, 0xcc, 0xa7, 0x20, 0x0,
    0x0, 0x0, 0x1, 0x9f, 0xff, 0xff, 0xff, 0xe8, 0x0, 0x0, 0x0, 0x1c, 0xff, 0xff, 0xff, 0xff,
    0xff, 0xb1, 0x0, 0x0, 0xcf, 0xff, 0xff, 0xff, 0xff, 0xff, 0xfa, 0x0, 0x8, 0xff, 0xff, 0xfd,
    0x23, 0xef, 0xff, 0xff, 0x50, 0x1e, 0xff, 0xff, 0xf8, 0x0, 0xaf, 0xff, 0xff, 0xd0, 0x6f, 0xff,
    0xff, 0xfc, 0x1, 0xdf, 0xff, 0xff, 0xf3, 0x9f, 0xff, 0xff, 0xff, 0xee, 0xff, 0xff, 0xff, 0xf7,
    0xbf, 0xff, 0xff, 0xf1, 0x1, 0xff, 0xff, 0xff, 0xf8, 0xbf, 0xff, 0xff, 0xf3, 0x0, 0xff, 0xff,
    0xff, 0xf8, 0x9f, 0xff, 0xff, 0xfd, 0x0, 0xff, 0xff, 0xff, 0xf7, 0x6f, 0xff, 0xff, 0xfd, 0x0,
    0xff, 0xff, 0xff, 0xf4, 0x2f, 0xff, 0xff, 0xf1, 0x0, 0x3f, 0xff, 0xff, 0xe0, 0x9, 0xff, 0xff,
    0xf4, 0x33, 0x6f, 0xff, 0xff, 0x70, 0x1, 0xdf, 0xff, 0xff, 0xff, 0xff, 0xff, 0xfb, 0x0, 0x0,
    0x3d, 0xff, 0xff, 0xff, 0xff, 0xff, 0xc1, 0x0, 0x0, 0x2, 0xbf, 0xff, 0xff, 0xff, 0xfa, 0x10,
    0x0, 0x0, 0x0, 0x4, 0x9d, 0xee, 0xd9, 0x30, 0x0, 0x0, 0x0, 0x0, 0x0, 0x2, 0x0, 0x0,
    0x0, 0x0, 0x0, 0x0, 0x0, 0x7f, 0xb0, 0x0, 0x0, 0x0, 0x0, 0x0, 0x7, 0xff, 0xf3, 0x0,
    0x0, 0x0, 0x0, 0x0, 0x7f, 0xff, 0x70, 0x0, 0x0, 0x0, 0x0, 0x7, 0xff, 0xf6, 0x0, 0x0,
    0x0, 0x0, 0x0, 0x7f, 0xff, 0x60, 0x0, 0x0, 0x0, 0x0, 0x6, 0xff, 0xf5, 0x0, 0x0, 0x0,
    0x0, 0x0, 0x6f, 0xff, 0xff, 0xff, 0xff, 0xff, 0xff, 0xf8, 0xdf, 0xff, 0xff, 0xff, 0xff, 0xff,
    0xff, 0xfb, 0x4f, 0xff, 0xfd, 0xdd, 0xdd, 0xdd, 0xdd, 0xd6, 0x4, 0xff, 0xf7, 0x0, 0x0, 0x0,
    0x0, 0x0, 0x0, 0x5f, 0xff, 0x80, 0x0, 0x0, 0x0, 0x0, 0x0, 0x5, 0xff, 0xf9, 0x0, 0x0,
    0x0, 0x0, 0x0, 0x0, 0x5f, 0xff, 0x90, 0x0, 0x0, 0x0, 0x0, 0x0, 0x5, 0xff, 0xf3, 0x0,
    0x0, 0x0, 0x0, 0x0, 0x0, 0x5e, 0x90, 0x0, 0x0, 0x0, 0x0, 0x0, 0x0, 0x0, 0x0, 0x0,
    0x0, 0x0, 0x0, 0x0, 0x0, 0x1, 0x20, 0x0, 0x0, 0x0, 0x0, 0x0, 0x0, 0x2d, 0xe4, 0x0,
    0x0, 0x0, 0x0, 0x0, 0x0, 0x7f, 0xfe, 0x40, 0x0, 0x0, 0x0, 0x0, 0x0, 0xa, 0xff, 0xe4,
    0x0, 0x0, 0x0, 0x0, 0x0, 0x0, 0xaf, 0xfe, 0x40, 0x0, 0x0, 0x0, 0x0, 0x0, 0x9, 0xff,
    0xe3, 0x0, 0x0, 0x0, 0x0, 0x0, 0x0, 0x9f, 0xfe, 0x30, 0xcf, 0xff, 0xff, 0xff, 0xff, 0xff,
    0xff, 0xe3, 0xff, 0xff, 0xff, 0xff, 0xff, 0xff, 0xff, 0xfa, 0x9d, 0xdd, 0xdd, 0xdd, 0xdd, 0xdf,
    0xff, 0xd2, 0x0, 0x0, 0x0, 0x0, 0x0, 0xbf, 0xfd, 0x20, 0x0, 0x0, 0x0, 0x0, 0x1b, 0xff,
    0xd2, 0x0, 0x0, 0x0, 0x0, 0x1, 0xcf, 0xfd, 0x20, 0x0, 0x0, 0x0, 0x0, 0x1c, 0xff, 0xd2,
    0x0, 0x0, 0x0, 0x0, 0x0, 0x7f, 0xfd, 0x20, 0x0, 0x0, 0x0, 0x0, 0x0, 0x1c, 0xd2, 0x0,
    0x0, 0x0, 0x0, 0x0, 0x0, 0x0, 0x0, 0x0, 0x0, 0x0, 0x0, 0x0, 0x0, 0x2, 0xa3, 0x0,
    0x0, 0x0, 0x0, 0x0, 0x0, 0x2, 0xdf, 0xe3, 0x0, 0x0, 0x0, 0x0, 0x0, 0x2, 0xdf, 0xff,
    0xe3, 0x0, 0x0, 0x0, 0x0, 0x2, 0xdf, 0xff, 0xff, 0xe4, 0x0, 0x0, 0x0, 0x2, 0xdf, 0xff,
    0xff, 0xff, 0xe4, 0x0, 0x0, 0x2, 0xdf, 0xfb, 0xdf, 0xf9, 0xff, 0xe4, 0x0, 0x2, 0xdf, 0xfb,
    0xd, 0xff, 0x9, 0xff, 0xe4, 0x0, 0xdf, 0xfc, 0x10, 0xdf, 0xf0, 0xa, 0xff, 0xe2, 0xc, 0xfc,
    0x10, 0xd, 0xff, 0x0, 0xa, 0xfd, 0x10, 0x17, 0x10, 0x0, 0xdf, 0xf0, 0x0, 0x7, 0x20, 0x0,
    0x0, 0x0, 0xd, 0xff, 0x0, 0x0, 0x0, 0x0, 0x0, 0x0, 0x0, 0xdf, 0xf0, 0x0, 0x0, 0x0,
    0x0, 0x0, 0x0, 0xd, 0xff, 0x0, 0x0, 0x0, 0x0, 0x0, 0x0, 0x0, 0xdf, 0xf0, 0x0, 0x0,
    0x0, 0x0, 0x0, 0x0, 0xd, 0xff, 0x0, 0x0, 0x0, 0x0, 0x0, 0x0, 0x0, 0xaf, 0xc0, 0x0,
    0x0, 0x0, 0x0, 0x0, 0x0, 0x6, 0xb8, 0x0, 0x0, 0x0, 0x0, 0x0, 0x0, 0x0, 0xdf, 0xf0,
    0x0, 0x0, 0x0, 0x0, 0x0, 0x0, 0xd, 0xff, 0x0, 0x0, 0x0, 0x0, 0x0, 0x0, 0x0, 0xdf,
    0xf0, 0x0, 0x0, 0x0, 0x0, 0x0, 0x0, 0xd, 0xff, 0x0, 0x0, 0x0, 0x0, 0x0, 0x0, 0x0,
    0xdf, 0xf0, 0x0, 0x0, 0x0, 0x0, 0x30, 0x0, 0xd, 0xff, 0x0, 0x0, 0x30, 0x0, 0x9f, 0x90,
    0x0, 0xdf, 0xf0, 0x0, 0x7f, 0xb0, 0xe, 0xff, 0x90, 0xd, 0xff, 0x0, 0x6f, 0xff, 0x20, 0x5f,
    0xff, 0x80, 0xdf, 0xf0, 0x6f, 0xff, 0x70, 0x0, 0x5f, 0xff, 0x7d, 0xff, 0x5f, 0xff, 0x70, 0x0,
    0x0, 0x5f, 0xff, 0xff, 0xff, 0xff, 0x70, 0x0, 0x0, 0x0, 0x5f, 0xff, 0xff, 0xff, 0x70, 0x0,
    0x0, 0x0, 0x0, 0x5f, 0xff, 0xff, 0x70, 0x0, 0x0, 0x0, 0x0, 0x0, 0x4f, 0xff, 0x60, 0x0,
    0x0, 0x0, 0x0, 0x0, 0x0, 0x4d, 0x60, 0x0, 0x0, 0x0, 0x0, 0x0, 0x0, 0x5b, 0xb2, 0x0,
    0x0, 0x0, 0x0, 0x0, 0x0, 0xcf, 0xf8, 0x0, 0x0, 0x0, 0x0, 0x0, 0x0, 0xcf, 0xf8, 0x0,
    0x0, 0x0, 0x0, 0x0, 0x0, 0xcf, 0xf8, 0x0, 0x0, 0x0, 0x0, 0x0, 0x0, 0xcf, 0xf8, 0x0,
    0x0, 0x0, 0x0, 0x0, 0x0, 0xcf, 0xf8, 0x0, 0x0, 0x0, 0x48, 0x88, 0x88, 0xef, 0xfc, 0x88,
    0x88, 0x82, 0xef, 0xff, 0xff, 0xff, 0xff, 0xff, 0xff, 0xfb, 0xff, 0xff, 0xff, 0xff, 0xff, 0xff,
    0xff, 0xfb, 0x8c, 0xcc, 0xcc, 0xff, 0xfe, 0xcc, 0xcc, 0xc5, 0x0, 0x0, 0x0, 0xcf, 0xf8, 0x0,
    0x0, 0x0, 0x0, 0x0, 0x0, 0xcf, 0xf8, 0x0, 0x0, 0x0, 0x0, 0x0, 0x0, 0xcf, 0xf8, 0x0,
    0x0, 0x0, 0x0, 0x0, 0x0, 0xcf, 0xf8, 0x0, 0x0, 0x0, 0x0, 0x0, 0x0, 0xcf, 0xf8, 0x0,
    0x0, 0x0, 0x0, 0x0, 0x0, 0x8f, 0xe4, 0x0, 0x0, 0x0, 0x26, 0x66, 0x66, 0x66, 0x66, 0x66,
    0x66, 0x51, 0xef, 0xff, 0xff, 0xff, 0xff, 0xff, 0xff, 0xfa, 0xff, 0xff, 0xff, 0xff, 0xff, 0xff,
    0xff, 0xfb, 0xbf, 0xff, 0xff, 0xff, 0xff, 0xff, 0xff, 0xf7, 0x0, 0x0, 0x0, 0x0, 0x0, 0x0,
    0x0, 0x0, 0x0, 0x1b, 0x20, 0x0, 0x0, 0x0, 0x0, 0x0, 0x0, 0x0, 0x0, 0x0, 0xaf, 0x80,
    0x0, 0x0, 0x0, 0x0, 0x0, 0x0, 0x0, 0x0, 0x2b, 0xff, 0xc0, 0x0, 0x0, 0x0, 0x0, 0x15,
    0x77, 0x88, 0x9b, 0xff, 0xff, 0xf0, 0x0, 0x0, 0x0, 0x7, 0xef, 0xff, 0xff, 0xff, 0xff, 0xff,
    0xf2, 0x0, 0x0, 0x0, 0xaf, 0xff, 0xff, 0xff, 0xff, 0xff, 0xff, 0xf3, 0x0, 0x0, 0x8, 0xff,
    0xff, 0xff, 0xff, 0xff, 0xff, 0xff, 0xf2, 0x0, 0x0, 0x2f, 0xff, 0xff, 0xff, 0xff, 0xff, 0xff,
    0xff, 0xf1, 0x0, 0x0, 0x7f, 0xff, 0xe9, 0x63, 0x21, 0x2f, 0xff, 0xff, 0xd0, 0x0, 0x0, 0x9f,
    0xb5, 0x3, 0x69, 0xbc, 0xef, 0xff, 0xff, 0x90, 0x0, 0x0, 0x84, 0x18, 0xdf, 0xff, 0xff, 0xff,
    0xff, 0xff, 0x30, 0x0, 0x0, 0x6, 0xef, 0xff, 0xff, 0xff, 0xff, 0xff, 0xfb, 0x0, 0x0, 0x1,
    0xaf, 0xff, 0xff, 0xff, 0xff, 0xff, 0xff, 0xf3, 0x0, 0x0, 0x1c, 0xff, 0xff, 0xff, 0xff, 0xff,
    0xff, 0xff, 0x60, 0x0, 0x0, 0xaf, 0xf8, 0xef, 0xff, 0xff, 0xff, 0xff, 0xf7, 0x0, 0x0, 0x6,
    0xff, 0x60, 0x3d, 0xff, 0xff, 0xff, 0xfd, 0x40, 0x0, 0x0, 0xd, 0xf9, 0x0, 0x1, 0x7c, 0xee,
    0xda, 0x50, 0x0, 0x0, 0x0, 0xd, 0xd2, 0x0, 0x0, 0x0, 0x0, 0x0, 0x0, 0x0, 0x0, 0x0,
    0x1, 0x10, 0x0, 0x0, 0x0, 0x0, 0x0, 0x0, 0x0, 0x0, 0x0, 0x0, 0x0, 0x0, 0x38, 0xbc,
    0xcb, 0x84, 0x0, 0x0, 0x0, 0x0, 0x0, 0x4, 0xcf, 0xff, 0xff, 0xff, 0xfc, 0x40, 0x0, 0x0,
    0x0, 0x8, 0xff, 0xfb, 0x41, 0x14, 0xaf, 0xff, 0x90, 0x0, 0x0, 0xa, 0xff, 0xf8, 0x0, 0x0,
    0x0, 0x7f, 0xff, 0xb0, 0x0, 0x9, 0xff, 0xfb, 0x0, 0x4, 0xeb, 0x30, 0xbf, 0xff, 0xa0, 0x4,
    0xff, 0xff, 0x50, 0x0, 0x5f, 0xfe, 0x24, 0xff, 0xff, 0x50, 0xcf, 0xff, 0xf2, 0x8, 0x8e, 0xff,
    0xf9, 0x1f, 0xff, 0xfd, 0xd, 0xff, 0xff, 0x10, 0xef, 0xff, 0xff, 0xa1, 0xff, 0xff, 0xe0, 0x5f,
    0xff, 0xf4, 0xb, 0xff, 0xff, 0xf8, 0x3f, 0xff, 0xf7, 0x0, 0xaf, 0xff, 0xa0, 0x2e, 0xff, 0xfd,
    0x19, 0xff, 0xfb, 0x0, 0x1, 0xcf, 0xff, 0x60, 0x29, 0xb8, 0x15, 0xff, 0xfc, 0x10, 0x0, 0x1,
    0xaf, 0xff, 0x82, 0x0, 0x18, 0xff, 0xfb, 0x10, 0x0, 0x0, 0x0, 0x6d, 0xff, 0xfd, 0xdf, 0xff,
    0xe7, 0x0, 0x0, 0x0, 0x0, 0x0, 0x5, 0xad, 0xef, 0xda, 0x61, 0x0, 0x0, 0x0, 0x0, 0x0,
    0x0, 0x0, 0x0, 0x0, 0x0, 0x0, 0x0, 0x0, 0x0, 0x0, 0x9, 0xd3, 0x0, 0x0, 0x0, 0x0,
    0x0, 0x0, 0x0, 0x0, 0x0, 0x0, 0x1e, 0xfe, 0x50, 0x0, 0x0, 0x0, 0x0, 0x0, 0x0, 0x0,
    0x0, 0x0, 0x3, 0xdf, 0xf8, 0x0, 0x26, 0xac, 0xcb, 0x84, 0x0, 0x0, 0x0, 0x0, 0x0, 0x1b,
    0xff, 0xba, 0xff, 0xff, 0xff, 0xff, 0xd5, 0x0, 0x0, 0x0, 0x0, 0x0, 0x8f, 0xff, 0xfc, 0x51,
    0x13, 0xaf, 0xff, 0x91, 0x0, 0x0, 0x0, 0x0, 0x5, 0xef, 0xf6, 0x2, 0x30, 0x7, 0xff, 0xfb,
    0x10, 0x0, 0x0, 0x2, 0x0, 0x3d, 0xff, 0x98, 0xfe, 0x40, 0xbf, 0xff, 0xa0, 0x0, 0x0, 0x3f,
    0x80, 0x1, 0xbf, 0xff, 0xff, 0xe2, 0x4f, 0xff, 0xf6, 0x0, 0x0, 0xcf, 0xfb, 0x10, 0x8, 0xff,
    0xff, 0xf6, 0x1f, 0xff, 0xfe, 0x0, 0x0, 0xef, 0xff, 0xd1, 0x0, 0x5e, 0xff, 0xf6, 0x1f, 0xff,
    0xfe, 0x0, 0x0, 0x6f, 0xff, 0xf5, 0x0, 0x2, 0xdf, 0xfb, 0x4f, 0xff, 0xf6, 0x0, 0x0, 0xb,
    0xff, 0xfb, 0x0, 0x0, 0x1a, 0xff, 0xff, 0xff, 0xa0, 0x0, 0x0, 0x1, 0xcf, 0xff, 0x70, 0x0,
    0x0, 0x7f, 0xff, 0xfb, 0x0, 0x0, 0x0, 0x0, 0x1b, 0xff, 0xf9, 0x20, 0x0, 0x4, 0xef, 0xf7,
    0x0, 0x0, 0x0, 0x0, 0x0, 0x6e, 0xff, 0xfe, 0xd8, 0x0, 0x2c, 0xff, 0xa1, 0x0, 0x0, 0x0,
    0x0, 0x1, 0x5a, 0xde, 0xfd, 0x60, 0x1, 0xaf, 0xfc, 0x20, 0x0, 0x0, 0x0, 0x0, 0x0, 0x0,
    0x0, 0x0, 0x0, 0x7, 0xff, 0xe1, 0x0, 0x0, 0x0, 0x0, 0x0, 0x0, 0x0, 0x0, 0x0, 0x0,
    0x4e, 0xc0, 0x0, 0x0, 0x0, 0x0, 0x0, 0x0, 0x0, 0x0, 0x0, 0x0, 0x1, 0x10, 0x0, 0x0,
    0x0, 0x0, 0x2c, 0xe4, 0x0, 0x0, 0x0, 0x0, 0x0, 0x0, 0x0, 0x0, 0xb, 0xff, 0xe1, 0x0,
    0x0, 0x0, 0x0, 0x0, 0x0, 0x0, 0x4, 0xff, 0xff, 0x80, 0x0, 0x0, 0x0, 0x0, 0x0, 0x0,
    0x0, 0xdf, 0xff, 0xff, 0x20, 0x0, 0x0, 0x0, 0x0, 0x0, 0x0, 0x7f, 0xff, 0xff, 0xfa, 0x0,
    0x0, 0x0, 0x0, 0x0, 0x0, 0x1e, 0xff, 0xff, 0xff, 0xf4, 0x0, 0x0, 0x0, 0x0, 0x0, 0x9,
    0xff, 0xb3, 0x38, 0xff, 0xc0, 0x0, 0x0, 0x0, 0x0, 0x2, 0xff, 0xf9, 0x0, 0x6f, 0xff, 0x60,
    0x0, 0x0, 0x0, 0x0, 0xbf, 0xff, 0xa0, 0x7, 0xff, 0xfe, 0x10, 0x0, 0x0, 0x0, 0x4f, 0xff,
    0xfb, 0x0, 0x7f, 0xff, 0xf8, 0x0, 0x0, 0x0, 0xd, 0xff, 0xff, 0xc0, 0x8, 0xff, 0xff, 0xf2,
    0x0, 0x0, 0x7, 0xff, 0xff, 0xfd, 0x0, 0xaf, 0xff, 0xff, 0xa0, 0x0, 0x1, 0xef, 0xff, 0xff,
    0xfd, 0xcf, 0xff, 0xff, 0xff, 0x40, 0x0, 0x9f, 0xff, 0xff, 0xfc, 0x0, 0x9f, 0xff, 0xff, 0xfc,
    0x0, 0x2f, 0xff, 0xff, 0xff, 0x80, 0x5, 0xff, 0xff, 0xff, 0xf6, 0xa, 0xff, 0xff, 0xff, 0xfd,
    0x31, 0xbf, 0xff, 0xff, 0xff, 0xe1, 0xef, 0xff, 0xff, 0xff, 0xff, 0xff, 0xff, 0xff, 0xff, 0xff,
    0x38, 0xff, 0xff, 0xff, 0xff, 0xff, 0xff, 0xff, 0xff, 0xff, 0xc0, 0x1, 0x22, 0x22, 0x22, 0x22,
    0x22, 0x22, 0x22, 0x22, 0x20, 0x0, 0x0, 0x0, 0x0, 0x0, 0x0, 0x0, 0x0, 0x20, 0x0, 0x0,
    0x0, 0x0, 0x0, 0x0, 0x0, 0x7, 0xf7, 0x0, 0x0, 0x0, 0x0, 0x0, 0x0, 0x0, 0x8, 0xff,
    0x60, 0xef, 0xff, 0xd2, 0x0, 0x0, 0x4e, 0xff, 0xff, 0xf6, 0xff, 0xff, 0xfc, 0x10, 0x4, 0xef,
    0xff, 0xff, 0xfd, 0xcd, 0xde, 0xff, 0xc0, 0x4e, 0xff, 0xde, 0xff, 0xf4, 0x0, 0x2, 0xdf, 0x64,
    0xef, 0xfb, 0x8, 0xff, 0x40, 0x0, 0x0, 0x26, 0x3e, 0xff, 0xb0, 0x6, 0xf5, 0x0, 0x0, 0x0,
    0x3, 0xef, 0xfb, 0x0, 0x0, 0x30, 0x0, 0x0, 0x0, 0x3e, 0xff, 0xb1, 0x91, 0x7, 0xf7, 0x0,
    0x0, 0x3, 0xef, 0xfb, 0x1c, 0xfc, 0x18, 0xff, 0x60, 0xef, 0xff, 0xff, 0xb1, 0x1d, 0xff, 0xff,
    0xff, 0xf6, 0xff, 0xff, 0xfc, 0x10, 0x2, 0xdf, 0xff, 0xff, 0xfd, 0xcd, 0xdd, 0xb1, 0x0, 0x0,
    0x2c, 0xde, 0xff, 0xf4, 0x0, 0x0, 0x0, 0x0, 0x0, 0x0, 0x8, 0xff, 0x40, 0x0, 0x0, 0x0,
    0x0, 0x0, 0x0, 0x6, 0xf5, 0x0, 0x0, 0x0, 0x0, 0x0, 0x0, 0x0, 0x0, 0x10, 0x0, 0x0,
    0x0, 0x0, 0x5, 0x10, 0x0, 0x0, 0x0, 0x0, 0x0, 0x0, 0x9f, 0xc1, 0x0, 0x0, 0x0, 0x0,
    0x0, 0x9, 0xff, 0xfc, 0x10, 0x0, 0x0, 0x0, 0x0, 0x9f, 0xff, 0xff, 0xc1, 0x0, 0x0, 0x0,
    0x9, 0xff, 0xf8, 0xef, 0xfc, 0x10, 0x0, 0x0, 0x9f, 0xff, 0x60, 0x2e, 0xff, 0xc1, 0x0, 0x9,
    0xff, 0xf6, 0x0, 0x2, 0xef, 0xfc, 0x10, 0x8f, 0xff, 0x60, 0x0, 0x0, 0x2e, 0xff, 0xc1, 0xdf,
    0xf6, 0x0, 0x0, 0x0, 0x2, 0xef, 0xf3, 0x3c, 0x60, 0x0, 0x0, 0x0, 0x0, 0x2c, 0x60, 0x4,
    0x10, 0x0, 0x0, 0x0, 0x0, 0x4, 0x10, 0x9f, 0xc1, 0x0, 0x0, 0x0, 0x0, 0x9f, 0xd1, 0xdf,
    0xfc, 0x10, 0x0, 0x0, 0x9, 0xff, 0xf3, 0x3e, 0xff, 0xc1, 0x0, 0x0, 0x9f, 0xff, 0x60, 0x3,
    0xef, 0xfc, 0x10, 0x8, 0xff, 0xf6, 0x0, 0x0, 0x3e, 0xff, 0xc1, 0x8f, 0xff, 0x60, 0x0, 0x0,
    0x3, 0xef, 0xfe, 0xff, 0xf6, 0x0, 0x0, 0x0, 0x0, 0x3e, 0xff, 0xff, 0x60, 0x0, 0x0, 0x0,
    0x0, 0x3, 0xef, 0xf6, 0x0, 0x0, 0x0, 0x0, 0x0, 0x0, 0x3c, 0x60, 0x0, 0x0, 0x0, 0x0,
    0x0, 0x23, 0x0, 0x0, 0x0, 0x0, 0x0, 0x0, 0x0, 0x0, 0x0, 0x0, 0x3, 0xef, 0x50, 0x0,
    0x12, 0x22, 0x22, 0x22, 0x21, 0x0, 0x0, 0x0, 0x3e, 0xff, 0xf5, 0x1, 0xff, 0xff, 0xff, 0xff,
    0xfd, 0x0, 0x0, 0x3, 0xef, 0xff, 0xff, 0x50, 0x9f, 0xff, 0xff, 0xff, 0xff, 0x0, 0x0, 0x1e,
    0xfc, 0xff, 0xcf, 0xf3, 0x0, 0x0, 0x0, 0x2, 0xff, 0x0, 0x0, 0x1d, 0xd1, 0xff, 0x3b, 0xe2,
    0x0, 0x0, 0x0, 0x2, 0xff, 0x0, 0x0, 0x0, 0x0, 0xff, 0x20, 0x10, 0x0, 0x0, 0x0, 0x2,
    0xff, 0x0, 0x0, 0x0, 0x0, 0xff, 0x20, 0x0, 0x0, 0x0, 0x0, 0x2, 0xff, 0x0, 0x0, 0x0,
    0x0, 0xff, 0x20, 0x0, 0x0, 0x0, 0x2, 0x12, 0xff, 0x1, 0x20, 0x0, 0x0, 0xff, 0x20, 0x0,
    0x0, 0x0, 0x3f, 0xd4, 0xff, 0x3e, 0xe2, 0x0, 0x0, 0xff, 0x42, 0x22, 0x22, 0x20, 0x2e, 0xfd,
    0xff, 0xdf, 0xd1, 0x0, 0x0, 0xff, 0xff, 0xff, 0xff, 0xfb, 0x3, 0xef, 0xff, 0xfd, 0x20, 0x0,
    0x0, 0xcf, 0xff, 0xff, 0xff, 0xfe, 0x10, 0x3e, 0xff, 0xd2, 0x0, 0x0, 0x0, 0x0, 0x0, 0x0,
    0x0, 0x0, 0x0, 0x3, 0xed, 0x20, 0x0, 0x0, 0x0, 0x0, 0x0, 0x0, 0x0, 0x0, 0x0, 0x0,
    0x11, 0x0, 0x0, 0x17, 0x88, 0x88, 0x84, 0x0, 0x0, 0x0, 0x0, 0x0, 0xcf, 0xff, 0xff, 0xff,
    0x50, 0x0, 0x0, 0x0, 0x0, 0xff, 0xff, 0xff, 0xff, 0xf6, 0x44, 0x44, 0x44, 0x30, 0xff, 0xff,
    0xff, 0xff, 0xff, 0xff, 0xff, 0xff, 0xfa, 0xff, 0xff, 0xff, 0xff, 0xff, 0xff, 0xff, 0xff, 0xff,
    0xff, 0xff, 0xff, 0xff, 0xff, 0xff, 0xff, 0xff, 0xff, 0xff, 0xff, 0xff, 0xff, 0xff, 0xff, 0xff,
    0xff, 0xff, 0xff, 0xff, 0xff, 0xff, 0xff, 0xff, 0xff, 0xff, 0xff, 0xff, 0xff, 0xff, 0xff, 0xff,
    0xff, 0xff, 0xff, 0xff, 0xff, 0xff, 0xff, 0xff, 0xff, 0xff, 0xff, 0xff, 0xff, 0xff, 0xff, 0xff,
    0xff, 0xff, 0xff, 0xff, 0xff, 0xff, 0xff, 0xff, 0xff, 0xff, 0xff, 0xff, 0xff, 0xff, 0xff, 0xef,
    0xff, 0xff, 0xff, 0xff, 0xff, 0xff, 0xff, 0xfe, 0x7e, 0xff, 0xff, 0xff, 0xff, 0xff, 0xff, 0xff,
    0xe6, 0x0, 0x0, 0x0, 0x0, 0x37, 0x0, 0x0, 0x0, 0x0, 0x0, 0x0, 0x0, 0x3, 0xef, 0xa0,
    0x0, 0x0, 0x0, 0x0, 0x0, 0x0, 0x3e, 0xff, 0xfa, 0x0, 0x0, 0x0, 0x0, 0x0, 0x3, 0xef,
    0xff, 0xff, 0xa0, 0x0, 0x0, 0x0, 0x0, 0x3e, 0xff, 0xff, 0xff, 0xfa, 0x0, 0x0, 0x0, 0x3,
    0xef, 0xff, 0xff, 0xff, 0xff, 0xa0, 0x0, 0x0, 0xb, 0xff, 0xff, 0xff, 0xff, 0xff, 0xf3, 0x0,
    0x0, 0x1, 0x22, 0x2f, 0xff, 0xf9, 0x22, 0x20, 0x0, 0x0, 0x0, 0x0, 0xf, 0xff, 0xf8, 0x0,
    0x0, 0x0, 0x0, 0x0, 0x0, 0xf, 0xff, 0xf8, 0x0, 0x0, 0x0, 0x0, 0x0, 0x0, 0xf, 0xff,
    0xf8, 0x0, 0x0, 0x0, 0x0, 0x0, 0x0, 0xf, 0xff, 0xf8, 0x0, 0x0, 0x0, 0x24, 0x44, 0x42,
    0xf, 0xff, 0xf7, 0x24, 0x44, 0x42, 0xef, 0xff, 0xfc, 0x7, 0xaa, 0xa3, 0xcf, 0xff, 0xfe, 0xff,
    0xff, 0xff, 0xa6, 0x66, 0x6a, 0xff, 0xff, 0xff, 0xff, 0xff, 0xff, 0xff, 0xff, 0xff, 0xff, 0xff,
    0xff, 0xff, 0xff, 0xff, 0xff, 0xff, 0xff, 0x74, 0xe5, 0xff, 0xcf, 0xff, 0xff, 0xff, 0xff, 0xff,
    0xff, 0xff, 0xfc, 0x0, 0x0, 0x0, 0x0, 0x0, 0x0, 0x2a, 0x84, 0x10, 0x0, 0x0, 0x0, 0x0,
    0x0, 0x0, 0x9f, 0xff, 0xfb, 0x0, 0x0, 0x0, 0x0, 0x0, 0x1, 0xef, 0xff, 0xff, 0x0, 0x0,
    0x0, 0x0, 0x0, 0x7, 0xff, 0xff, 0xfe, 0x0, 0x0, 0x0, 0x0, 0x0, 0xd, 0xff, 0xff, 0xfc,
    0x0, 0x0, 0x0, 0x0, 0x0, 0xc, 0xff, 0xff, 0xf9, 0x0, 0x0, 0x0, 0x0, 0x0, 0x1, 0xaf,
    0xff, 0xf6, 0x0, 0x0, 0x0, 0x0, 0x0, 0x0, 0xc, 0xff, 0xf1, 0x0, 0x0, 0x0, 0x0, 0x0,
    0x0, 0x3f, 0xff, 0xa0, 0x0, 0x0, 0x0, 0x0, 0x0, 0x1, 0xcf, 0xff, 0x30, 0x0, 0x0, 0x0,
    0x0, 0x0, 0xa, 0xff, 0xf9, 0x0, 0x0, 0x5, 0xa6, 0x0, 0x0, 0x9f, 0xff, 0xd1, 0x0, 0x17,
    0xdf, 0xff, 0x40, 0x2c, 0xff, 0xfe, 0x20, 0x0, 0xdf, 0xff, 0xff, 0xe9, 0xff, 0xff, 0xe3, 0x0,
    0x0, 0xdf, 0xff, 0xff, 0xff, 0xff, 0xfd, 0x30, 0x0, 0x0, 0x9f, 0xff, 0xff, 0xff, 0xff, 0xa1,
    0x0, 0x0, 0x0, 0x6f, 0xff, 0xff, 0xff, 0xc4, 0x0, 0x0, 0x0, 0x0, 0x2f, 0xff, 0xfc, 0x83,
    0x0, 0x0, 0x0, 0x0, 0x0, 0x2, 0x32, 0x0, 0x0, 0x0, 0x0, 0x0, 0x0, 0x0, 0x0, 0x2,
    0x0, 0x0, 0x0, 0x0, 0x0, 0x0, 0x8, 0xff, 0xf8, 0x0, 0x0, 0x0, 0x48, 0x71, 0x9f, 0xff,
    0xff, 0x90, 0x0, 0x9, 0xff, 0xfd, 0xef, 0x71, 0x7f, 0xe0, 0x1, 0xbf, 0xff, 0xe3, 0xef, 0x82,
    0x8f, 0xd0, 0x1c, 0xff, 0xfe, 0x30, 0x8f, 0xff, 0xff, 0xf6, 0xdf, 0xff, 0xe3, 0x0, 0x7, 0xdf,
    0xff, 0xff, 0xff, 0xfd, 0x20, 0x0, 0x0, 0x1, 0x8f, 0xff, 0xff, 0xd2, 0x0, 0x0, 0x0, 0x0,
    0xd, 0xff, 0xff, 0x40, 0x0, 0x0, 0x0, 0x2, 0x9f, 0xff, 0xff, 0xe3, 0x0, 0x0, 0x8, 0xef,
    0xff, 0xff, 0xff, 0xfe, 0x30, 0x0, 0x8f, 0xff, 0xff, 0xe5, 0xcf, 0xff, 0xe3, 0x0, 0xef, 0x71,
    0x7f, 0xd0, 0x1b, 0xff, 0xfe, 0x40, 0xef, 0x82, 0x8f, 0xe0, 0x0, 0xaf, 0xff, 0xe4, 0x8f, 0xff,
    0xff, 0x80, 0x0, 0x8, 0xff, 0xfc, 0x7, 0xef, 0xe7, 0x0, 0x0, 0x0, 0x37, 0x61, 0x0, 0x1,
    0x0, 0x0, 0x0, 0x0, 0x0, 0x0, 0x0, 0x0, 0x8f, 0xff, 0xff, 0xf0, 0x69, 0x0, 0x0, 0x0,
    0xbf, 0xff, 0xff, 0xf0, 0x6f, 0xa0, 0x0, 0x0, 0xbf, 0xff, 0xff, 0xf0, 0x6f, 0xf9, 0x36, 0x62,
    0xbf, 0xff, 0xff, 0xf0, 0x26, 0x66, 0xef, 0xf6, 0xbf, 0xff, 0xff, 0xf5, 0x22, 0x22, 0xff, 0xf6,
    0xbf, 0xff, 0xff, 0xff, 0xff, 0xff, 0xff, 0xf6, 0xbf, 0xff, 0xff, 0xff, 0xff, 0xff, 0xff, 0xf6,
    0xbf, 0xff, 0xff, 0xff, 0xff, 0xff, 0xff, 0xf6, 0xbf, 0xff, 0xff, 0xff, 0xff, 0xff, 0xff, 0xf6,
    0xbf, 0xff, 0xff, 0xff, 0xff, 0xff, 0xff, 0xf6, 0xbf, 0xff, 0xff, 0xff, 0xff, 0xff, 0xff, 0xf6,
    0xbf, 0xff, 0xff, 0xff, 0xff, 0xff, 0xff, 0xf6, 0xbf, 0xff, 0xff, 0xff, 0xff, 0xff, 0xff, 0xf6,
    0xbf, 0xff, 0xff, 0xff, 0xff, 0xff, 0xff, 0xf7, 0x8f, 0xff, 0xff, 0xff, 0xff, 0xfc, 0xff, 0xfe,
    0x30, 0x0, 0x0, 0x0, 0x0, 0x0, 0xff, 0xff, 0xff, 0xff, 0xff, 0xf0, 0x0, 0x0, 0xef, 0xff,
    0xff, 0xff, 0xff, 0xe0, 0x0, 0x0, 0x12, 0x22, 0x22, 0x22, 0x22, 0x10, 0x0, 0x0, 0x2, 0x22,
    0x22, 0x22, 0x22, 0x21, 0x0, 0x0, 0x9f, 0xff, 0xff, 0xff, 0xff, 0xfe, 0x50, 0x0, 0xff, 0xff,
    0xff, 0xff, 0xff, 0xff, 0xf5, 0x0, 0xff, 0x30, 0x0, 0x0, 0x0, 0x1f, 0xff, 0x50, 0xff, 0x20,
    0x0, 0x0, 0x0, 0xf, 0xff, 0xf3, 0xff, 0x20, 0x0, 0x0, 0x0, 0xf, 0xff, 0xf7, 0xff, 0x30,
    0x0, 0x0, 0x0, 0x1f, 0xff, 0xf8, 0xff, 0xff, 0xff, 0xff, 0xff, 0xff, 0xff, 0xf8, 0xff, 0xff,
    0xff, 0xff, 0xff, 0xff, 0xff, 0xf8, 0xff, 0xff, 0xff, 0x93, 0x6e, 0xff, 0xff, 0xf8, 0xff, 0xff,
    0xfc, 0x0, 0x6, 0xff, 0xff, 0xf8, 0xff, 0xff, 0xf9, 0x0, 0x3, 0xff, 0xff, 0xf8, 0xff, 0xff,
    0xfb, 0x0, 0x5, 0xff, 0xff, 0xf8, 0xff, 0xff, 0xff, 0x82, 0x4e, 0xff, 0xff, 0xf8, 0xff, 0xff,
    0xff, 0xff, 0xff, 0xff, 0xff, 0xf7, 0x8f, 0xff, 0xff, 0xff, 0xff, 0xff, 0xff, 0xd2, 0x1, 0x11,
    0x11, 0x11, 0x11, 0x11, 0x11, 0x0, 0x78, 0x88, 0x88, 0x88, 0x88, 0x88, 0x88, 0x85, 0xff, 0xff,
    0xff, 0xff, 0xff, 0xff, 0xff, 0xfb, 0xef, 0xff, 0xff, 0xff, 0xff, 0xff, 0xff, 0xfa, 0x0, 0x0,
    0x0, 0x0, 0x0, 0x0, 0x0, 0x0, 0x0, 0x0, 0x0, 0x0, 0x0, 0x0, 0x0, 0x0, 0x0, 0x0,
    0x0, 0x0, 0x0, 0x0, 0x0, 0x0, 0xef, 0xff, 0xff, 0xff, 0xff, 0xff, 0xff, 0xfa, 0xff, 0xff,
    0xff, 0xff, 0xff, 0xff, 0xff, 0xfb, 0x78, 0x88, 0x88, 0x88, 0x88, 0x88, 0x88, 0x85, 0x0, 0x0,
    0x0, 0x0, 0x0, 0x0, 0x0, 0x0, 0x0, 0x0, 0x0, 0x0, 0x0, 0x0, 0x0, 0x0, 0x78, 0x88,
    0x88, 0x88, 0x88, 0x88, 0x88, 0x85, 0xff, 0xff, 0xff, 0xff, 0xff, 0xff, 0xff, 0xfb, 0xef, 0xff,
    0xff, 0xff, 0xff, 0xff, 0xff, 0xfa, 0x6e, 0xff, 0xff, 0xff, 0xff, 0xff, 0xff, 0xff, 0xe6, 0xef,
    0xff, 0xff, 0xff, 0xff, 0xff, 0xff, 0xff, 0xfe, 0xef, 0xff, 0xff, 0xff, 0xff, 0xff, 0xff, 0xff,
    0xfe, 0x3d, 0xff, 0xff, 0xff, 0xff, 0xff, 0xff, 0xff, 0xd3, 0x61, 0xaf, 0xff, 0xff, 0xff, 0xff,
    0xff, 0xfa, 0x4d, 0xfb, 0x26, 0xff, 0xff, 0xff, 0xff, 0xff, 0x66, 0xff, 0xff, 0xe6, 0x3d, 0xff,
    0xff, 0xff, 0xd4, 0xaf, 0xff, 0xff, 0xff, 0xb3, 0x9f, 0xff, 0xf9, 0x5d, 0xff, 0xff, 0xff, 0xff,
    0xfe, 0x65, 0xdd, 0x57, 0xff, 0xff, 0xff, 0xff, 0xff, 0xff, 0xfc, 0x77, 0xcf, 0xff, 0xff, 0xff,
    0xff, 0xff, 0xff, 0xff, 0xff, 0xff, 0xff, 0xff, 0xff, 0xff, 0xff, 0xff, 0xff, 0xff, 0xff, 0xff,
    0xff, 0xfe, 0x7e, 0xff, 0xff, 0xff, 0xff, 0xff, 0xff, 0xff, 0xe6, 0xb, 0xff, 0xff, 0xfa, 0x0,
    0x0, 0xf, 0xff, 0xff, 0xfa, 0x0, 0x0, 0x2f, 0xff, 0xff, 0xf6, 0x0, 0x0, 0x4f, 0xff, 0xff,
    0xf1, 0x0, 0x0, 0x6f, 0xff, 0xff, 0xb0, 0x0, 0x0, 0x8f, 0xff, 0xff, 0xa6, 0x66, 0x50, 0xaf,
    0xff, 0xff, 0xff, 0xff, 0xf3, 0xcf, 0xff, 0xff, 0xff, 0xff, 0xc0, 0xef, 0xff, 0xff, 0xff, 0xff,
    0x30, 0xef, 0xff, 0xff, 0xff, 0xf9, 0x0, 0x12, 0x22, 0x3f, 0xff, 0xe1, 0x0, 0x0, 0x0, 0x4f,
    0xff, 0x70, 0x0, 0x0, 0x0, 0x8f, 0xfd, 0x0, 0x0, 0x0, 0x0, 0xcf, 0xf5, 0x0, 0x0, 0x0,
    0x1, 0xff, 0xb0, 0x0, 0x0, 0x0, 0x4, 0xff, 0x30, 0x0, 0x0, 0x0, 0x7, 0xf9, 0x0, 0x0,
    0x0, 0x0, 0x7, 0xd1, 0x0, 0x0, 0x0, 0x0, 0x1, 0xbf, 0xb1, 0x0, 0x0, 0x0, 0x0, 0xad,
    0xde, 0xf8, 0xfe, 0xdd, 0xa0, 0x0, 0x0, 0xff, 0xff, 0xd0, 0xdf, 0xff, 0xf0, 0x0, 0x0, 0xff,
    0xff, 0xf8, 0xff, 0xff, 0xf0, 0x0, 0x0, 0xff, 0xff, 0xff, 0xff, 0xff, 0xf0, 0x0, 0x0, 0xff,
    0xff, 0xe4, 0x0, 0x0, 0x0, 0x0, 0x0, 0xff, 0xff, 0x96, 0xef, 0xff, 0xf0, 0x59, 0x0, 0xff,
    0xff, 0x89, 0xff, 0xff, 0xf0, 0x6f, 0xb1, 0xff, 0xff, 0x89, 0xff, 0xff, 0xf0, 0x6f, 0xfc, 0xff,
    0xff, 0x89, 0xff, 0xff, 0xf1, 0x11, 0x11, 0xff, 0xff, 0x89, 0xff, 0xff, 0xff, 0xdd, 0xdd, 0xff,
    0xff, 0x89, 0xff, 0xff, 0xff, 0xff, 0xff, 0xff, 0xff, 0x89, 0xff, 0xff, 0xff, 0xff, 0xff, 0xff,
    0xff, 0x89, 0xff, 0xff, 0xff, 0xff, 0xff, 0x69, 0x99, 0x59, 0xff, 0xff, 0xff, 0xff, 0xff, 0x0,
    0x0, 0x9, 0xff, 0xff, 0xff, 0xff, 0xff, 0x0, 0x0, 0x9, 0xff, 0xff, 0xff, 0xff, 0xff, 0x0,
    0x0, 0x7, 0xff, 0xff, 0xff, 0xff, 0xfc, 0x0, 0x0, 0x0, 0x7, 0x50, 0x0, 0x0, 0x0, 0x0,
    0x0, 0x0, 0x3f, 0xf0, 0x0, 0x0, 0x0, 0x0, 0x0, 0x5, 0xbf, 0xf9, 0x30, 0x0, 0x0, 0x0,
    0x1, 0xbf, 0xff, 0xff, 0xf8, 0x0, 0x0, 0x0, 0xb, 0xff, 0xff, 0xff, 0xff, 0x70, 0x0, 0x0,
    0x4f, 0xff, 0xff, 0xff, 0xff, 0xf1, 0x0, 0x0, 0x9f, 0xff, 0xff, 0xff, 0xff, 0xf5, 0x0, 0x0,
    0xbf, 0xff, 0xff, 0xff, 0xff, 0xf7, 0x0, 0x0, 0xcf, 0xff, 0xff, 0xff, 0xff, 0xf8, 0x0, 0x0,
    0xef, 0xff, 0xff, 0xff, 0xff, 0xfa, 0x0, 0x2, 0xff, 0xff, 0xff, 0xff, 0xff, 0xfd, 0x0, 0x8,
    0xff, 0xff, 0xff, 0xff, 0xff, 0xff, 0x40, 0x3e, 0xff, 0xff, 0xff, 0xff, 0xff, 0xff, 0xd1, 0xdf,
    0xff, 0xff, 0xff, 0xff, 0xff, 0xff, 0xf9, 0xaf, 0xff, 0xff, 0xff, 0xff, 0xff, 0xff, 0xf7, 0x0,
    0x0, 0x0, 0x0, 0x0, 0x0, 0x0, 0x0, 0x0, 0x0, 0x4, 0xff, 0xff, 0x10, 0x0, 0x0, 0x0,
    0x0, 0x0, 0x9f, 0xf6, 0x0, 0x0, 0x0, 0x0, 0x0, 0x0, 0x1, 0x10, 0x0, 0x0, 0x0, 0x2,
    0x22, 0x22, 0x22, 0x22, 0x22, 0x22, 0x22, 0x22, 0x20, 0x9, 0xff, 0xff, 0xff, 0xff, 0xff, 0xff,
    0xff, 0xff, 0xff, 0xb0, 0xff, 0xff, 0xff, 0xff, 0xff, 0xff, 0xff, 0xff, 0xff, 0xff, 0x2f, 0xf3,
    0x3, 0xf0, 0x2f, 0x1, 0xf3, 0x3, 0xf0, 0x1f, 0xf2, 0xff, 0x30, 0x3f, 0x2, 0xf1, 0xf, 0x30,
    0x3f, 0x10, 0xff, 0x2f, 0xff, 0xff, 0xff, 0xff, 0xff, 0xff, 0xff, 0xff, 0xff, 0xf2, 0xff, 0xfd,
    0x22, 0xa8, 0x29, 0x92, 0x5f, 0x52, 0xbf, 0xff, 0x2f, 0xff, 0xd0, 0x9, 0x70, 0x88, 0x3, 0xf3,
    0xb, 0xff, 0xf2, 0xff, 0xff, 0xff, 0xff, 0xff, 0xff, 0xff, 0xff, 0xff, 0xff, 0x2f, 0xf5, 0x25,
    0xf3, 0x22, 0x22, 0x22, 0x24, 0xf3, 0x3f, 0xf2, 0xff, 0x20, 0x2f, 0x0, 0x0, 0x0, 0x0, 0x2f,
    0x0, 0xff, 0x2f, 0xf5, 0x25, 0xf3, 0x22, 0x22, 0x22, 0x25, 0xf3, 0x3f, 0xf2, 0xef, 0xff, 0xff,
    0xff, 0xff, 0xff, 0xff, 0xff, 0xff, 0xff, 0x27, 0xef, 0xff, 0xff, 0xff, 0xff, 0xff, 0xff, 0xff,
    0xff, 0x90, 0x0, 0x0, 0x0, 0x0, 0x0, 0x0, 0x0, 0x28, 0xa3, 0x0, 0x0, 0x0, 0x0, 0x0,
    0x0, 0x39, 0xff, 0xfd, 0x0, 0x0, 0x0, 0x0, 0x0, 0x4b, 0xff, 0xff, 0xfd, 0x0, 0x0, 0x0,
    0x0, 0x5c, 0xff, 0xff, 0xff, 0xf7, 0x0, 0x0, 0x1, 0x6d, 0xff, 0xff, 0xff, 0xff, 0xe1, 0x0,
    0x1, 0x7e, 0xff, 0xff, 0xff, 0xff, 0xff, 0x80, 0x2, 0x9e, 0xff, 0xff, 0xff, 0xff, 0xff, 0xff,
    0x10, 0x7f, 0xff, 0xff, 0xff, 0xff, 0xff, 0xff, 0xf9, 0x0, 0xef, 0xff, 0xff, 0xff, 0xff, 0xff,
    0xff, 0xf2, 0x0, 0xbf, 0xff, 0xff, 0xff, 0xff, 0xff, 0xff, 0xa0, 0x0, 0x15, 0x66, 0x66, 0x67,
    0xff, 0xff, 0xff, 0x30, 0x0, 0x0, 0x0, 0x0, 0x2, 0xff, 0xff, 0xfc, 0x0, 0x0, 0x0, 0x0,
    0x0, 0x2, 0xff, 0xff, 0xf5, 0x0, 0x0, 0x0, 0x0, 0x0, 0x2, 0xff, 0xff, 0xd0, 0x0, 0x0,
    0x0, 0x0, 0x0, 0x2, 0xff, 0xff, 0x60, 0x0, 0x0, 0x0, 0x0, 0x0, 0x2, 0xff, 0xfe, 0x0,
    0x0, 0x0, 0x0, 0x0, 0x0, 0x2, 0xff, 0xf7, 0x0, 0x0, 0x0, 0x0, 0x0, 0x0, 0x0, 0xcf,
    0xd1, 0x0, 0x0, 0x0, 0x0, 0x0, 0x0, 0x0, 0x3, 0x10, 0x0, 0x0, 0x0, 0x0, 0x5, 0x95,
    0x0, 0x0, 0x89, 0x30, 0x0, 0x0, 0x9, 0xf9, 0x0, 0x0, 0xdf, 0x60, 0x0, 0x15, 0x6c, 0xfc,
    0x66, 0x66, 0xef, 0x96, 0x40, 0xbf, 0xff, 0xff, 0xff, 0xff, 0xff, 0xff, 0xf7, 0xff, 0xff, 0xff,
    0xff, 0xff, 0xff, 0xff, 0xfb, 0xef, 0xff, 0xff, 0xff, 0xff, 0xff, 0xff, 0xfb, 0x0, 0x0, 0x0,
    0x0, 0x0, 0x0, 0x0, 0x0, 0xef, 0xff, 0xff, 0xff, 0xff, 0xff, 0xff, 0xfb, 0xff, 0xff, 0xff,
    0xff, 0xff, 0xff, 0xff, 0xfb, 0xff, 0xff, 0xff, 0xff, 0xff, 0xff, 0xff, 0xfb, 0xff, 0xff, 0xff,
    0xff, 0xff, 0xff, 0xff, 0xfb, 0xff, 0xff, 0xff, 0xff, 0xff, 0xff, 0xff, 0xfb, 0xff, 0xff, 0xff,
    0xff, 0xff, 0xff, 0xff, 0xfb, 0xff, 0xff, 0xff, 0xff, 0xff, 0xff, 0xff, 0xfb, 0xff, 0xff, 0xff,
    0xff, 0xff, 0xff, 0xff, 0xfb, 0xff, 0xff, 0xff, 0xff, 0xff, 0xff, 0xff, 0xfb, 0xff, 0xff, 0xff,
    0xff, 0xff, 0xff, 0xff, 0xfb, 0xaf, 0xff, 0xff, 0xff, 0xff, 0xff, 0xff, 0xf6, 0x3, 0x44, 0x44,
    0x44, 0x44, 0x44, 0x44, 0x20, 0x58, 0x88, 0x88, 0x87, 0x5, 0x0, 0x0, 0xff, 0xff, 0xff, 0xfd,
    0xf, 0x80, 0x0, 0xff, 0xff, 0xff, 0xfd, 0xf, 0xf8, 0x0, 0xff, 0xff, 0xff, 0xfd, 0xf, 0xff,
    0x80, 0xff, 0xff, 0xff, 0xfd, 0xf, 0xff, 0xf5, 0xff, 0xff, 0xff, 0xff, 0x42, 0x22, 0x21, 0xff,
    0xff, 0xff, 0xff, 0xff, 0xff, 0xf8, 0xff, 0xff, 0xff, 0xff, 0xff, 0xff, 0xf8, 0xff, 0xff, 0xff,
    0xff, 0xff, 0xff, 0xf8, 0xff, 0xff, 0xff, 0xff, 0xff, 0xff, 0xf8, 0xff, 0xff, 0xff, 0xff, 0xff,
    0xff, 0xf8, 0xff, 0xff, 0xff, 0xff, 0xff, 0xff, 0xf8, 0xff, 0xff, 0xff, 0xff, 0xff, 0xff, 0xf8,
    0xff, 0xff, 0xff, 0xff, 0xff, 0xff, 0xf8, 0xff, 0xff, 0xff, 0xff, 0xff, 0xff, 0xf8, 0xff, 0xff,
    0xff, 0xff, 0xff, 0xff, 0xf8, 0xff, 0xff, 0xff, 0xff, 0xff, 0xff, 0xf8, 0xef, 0xff, 0xff, 0xff,
    0xff, 0xff, 0xf6, 0x24, 0x44, 0x44, 0x44, 0x44, 0x44, 0x30, 0x0, 0x0, 0x0, 0x0, 0x16, 0x0,
    0x0, 0x0, 0x0, 0x0, 0x0, 0x0, 0x0, 0x8, 0xf4, 0x0, 0x0, 0x0, 0x0, 0x0, 0x0, 0x0,
    0x1, 0xef, 0xb0, 0x0, 0x0, 0x0, 0x0, 0x7, 0xea, 0x51, 0x8f, 0xff, 0x42, 0x7c, 0xc0, 0x0,
    0x0, 0x4f, 0xff, 0xff, 0xff, 0xfe, 0xff, 0xf9, 0x0, 0x0, 0x0, 0xef, 0xfc, 0x41, 0x3, 0x9f,
    0xff, 0x40, 0x0, 0x0, 0x9, 0xfa, 0x5, 0xcd, 0xb3, 0x5f, 0xe0, 0x0, 0x0, 0x4, 0xcd, 0x16,
    0xff, 0xff, 0xe2, 0x8e, 0x71, 0x0, 0x5c, 0xff, 0x90, 0xdf, 0xff, 0xff, 0x93, 0xff, 0xe8, 0x1c,
    0xff, 0xf8, 0xe, 0xff, 0xff, 0xfa, 0x2f, 0xff, 0xe3, 0x5, 0xcf, 0xb0, 0xaf, 0xff, 0xff, 0x65,
    0xfe, 0x81, 0x0, 0x0, 0x8f, 0x42, 0xcf, 0xff, 0xa1, 0xcd, 0x10, 0x0, 0x0, 0xb, 0xfe, 0x40,
    0x46, 0x32, 0xbf, 0xf2, 0x0, 0x0, 0x1, 0xff, 0xff, 0xc8, 0x8a, 0xff, 0xff, 0x70, 0x0, 0x0,
    0x6f, 0xfd, 0x8c, 0xff, 0xfa, 0xae, 0xfc, 0x0, 0x0, 0x3, 0x62, 0x0, 0x4f, 0xfe, 0x10, 0x5,
    0x60, 0x0, 0x0, 0x0, 0x0, 0x0, 0xcf, 0x70, 0x0, 0x0, 0x0, 0x0, 0x0, 0x0, 0x0, 0x4,
    0xd1, 0x0, 0x0, 0x0, 0x0, 0x0, 0x0, 0x0, 0x2, 0x22, 0x22, 0x10, 0x0, 0x0, 0x0, 0x0,
    0x1, 0xaf, 0xff, 0xff, 0xff, 0xc3, 0x0, 0x0, 0x0, 0x0, 0xcf, 0xff, 0xff, 0xff, 0xff, 0xe2,
    0x0, 0x0, 0x0, 0x6f, 0xf7, 0x10, 0x0, 0x2, 0xaf, 0x90, 0x0, 0x3d, 0xde, 0xfc, 0x0, 0x0,
    0x0, 0x2, 0xff, 0xdd, 0x52, 0xff, 0xff, 0xc9, 0x99, 0x99, 0x99, 0x9e, 0xff, 0xf4, 0x6, 0xff,
    0xff, 0xff, 0xff, 0xff, 0xff, 0xff, 0xf8, 0x0, 0xcf, 0x74, 0xdf, 0xff, 0xff, 0xff, 0xfa, 0x4f,
    0xe0, 0xd, 0xf1, 0x2, 0xff, 0xff, 0xff, 0xfe, 0x10, 0xef, 0x0, 0xcf, 0xb8, 0x9f, 0xff, 0xff,
    0xff, 0xf8, 0x9f, 0xf0, 0x8, 0xff, 0xff, 0xff, 0xff, 0xff, 0xff, 0xff, 0xfa, 0x0, 0x4f, 0xff,
    0xdb, 0xbb, 0xbb, 0xbb, 0xbe, 0xff, 0x60, 0x3, 0xff, 0xf6, 0x0, 0x0, 0x0, 0x0, 0xaf, 0xf6,
    0x0, 0x1d, 0xfe, 0x30, 0x0, 0x0, 0x0, 0x6, 0xfe, 0x30, 0x0, 0x4a, 0x20, 0x0, 0x6, 0x90,
    0x0, 0x0, 0xbf, 0x70, 0x0, 0xf, 0xf3, 0x0, 0x0, 0xbf, 0x80, 0x0, 0xf, 0xf4, 0x0, 0x0,
    0xbf, 0x80, 0x0, 0xf, 0xf4, 0x0, 0x0, 0xbf, 0x80, 0x0, 0xf, 0xf4, 0x0, 0x11, 0x57, 0x41,
    0x11, 0x17, 0x73, 0x10, 0xef, 0xff, 0xff, 0xff, 0xff, 0xff, 0xf7, 0xef, 0xff, 0xff, 0xff, 0xff,
    0xff, 0xf7, 0x1d, 0xff, 0xff, 0xff, 0xff, 0xff, 0x60, 0xd, 0xff, 0xff, 0xff, 0xff, 0xff, 0x50,
    0xb, 0xff, 0xff, 0xff, 0xff, 0xff, 0x30, 0x6, 0xff, 0xff, 0xff, 0xff, 0xfd, 0x0, 0x0, 0xcf,
    0xff, 0xff, 0xff, 0xf4, 0x0, 0x0, 0x1c, 0xff, 0xff, 0xff, 0x60, 0x0, 0x0, 0x0, 0x5c, 0xfe,
    0x82, 0x0, 0x0, 0x0, 0x0, 0x6, 0xfd, 0x0, 0x0, 0x0, 0x0, 0x0, 0x6, 0xfd, 0x0, 0x0,
    0x0, 0x0, 0x0, 0x6, 0xfd, 0x0, 0x0, 0x0, 0x0, 0x0, 0x1, 0x33, 0x0, 0x0, 0x0, 0x0,
    0x0, 0x0, 0x3, 0x68, 0x9a, 0x97, 0x41, 0x0, 0x0, 0x0, 0x0, 0x0, 0x3, 0x9e, 0xff, 0xff,
    0xff, 0xff, 0xfb, 0x60, 0x0, 0x0, 0x0, 0x2a, 0xff, 0xff, 0xff, 0xff, 0xff, 0xff, 0xff, 0xe6,
    0x0, 0x0, 0x6e, 0xff, 0xff, 0xb7, 0x54, 0x34, 0x69, 0xdf, 0xff, 0xfb, 0x10, 0x8f, 0xff, 0xe7,
    0x10, 0x0, 0x0, 0x0, 0x0, 0x4b, 0xff, 0xfd, 0x2b, 0xff, 0xa1, 0x0, 0x0, 0x0, 0x0, 0x0,
    0x0, 0x5, 0xef, 0xf4, 0x1b, 0x60, 0x0, 0x5, 0x9d, 0xef, 0xdb, 0x72, 0x0, 0x2, 0xb5, 0x0,
    0x0, 0x0, 0x5d, 0xff, 0xff, 0xff, 0xff, 0xf9, 0x10, 0x0, 0x0, 0x0, 0x0, 0x9f, 0xff, 0xff,
    0xed, 0xef, 0xff, 0xfd, 0x30, 0x0, 0x0, 0x0, 0xd, 0xff, 0xc5, 0x10, 0x0, 0x38, 0xef, 0xf5,
    0x0, 0x0, 0x0, 0x0, 0x1b, 0x60, 0x0, 0x0, 0x0, 0x2, 0xb6, 0x0, 0x0, 0x0, 0x0, 0x0,
    0x0, 0x0, 0x5, 0x72, 0x0, 0x0, 0x0, 0x0, 0x0, 0x0, 0x0, 0x0, 0x0, 0x9, 0xff, 0xe2,
    0x0, 0x0, 0x0, 0x0, 0x0, 0x0, 0x0, 0x0, 0x0, 0xef, 0xff, 0x70, 0x0, 0x0, 0x0, 0x0,
    0x0, 0x0, 0x0, 0x0, 0xc, 0xff, 0xf5, 0x0, 0x0, 0x0, 0x0, 0x0, 0x0, 0x0, 0x0, 0x0,
    0x3c, 0xe9, 0x0, 0x0, 0x0, 0x0, 0x0, 0x56, 0x0, 0x0, 0x0, 0x0, 0x0, 0x0, 0x0, 0x0,
    0xff, 0x20, 0x0, 0x0, 0x0, 0x1, 0x44, 0x44, 0x20, 0xff, 0x20, 0x0, 0x0, 0x0, 0xa, 0xff,
    0xff, 0xc0, 0xff, 0x20, 0x0, 0x0, 0x0, 0x3, 0xef, 0xff, 0xc0, 0xff, 0x20, 0x6, 0xea, 0x0,
    0x0, 0xaf, 0xff, 0xc0, 0xff, 0x20, 0x6f, 0xff, 0xa0, 0x9, 0xff, 0xff, 0xc0, 0xff, 0x25, 0xff,
    0xdf, 0xfa, 0x9f, 0xf9, 0x4e, 0xb0, 0xff, 0x27, 0xfc, 0x18, 0xff, 0xff, 0x90, 0x2, 0x10, 0xff,
    0x20, 0x51, 0x0, 0x8f, 0xf9, 0x0, 0x0, 0x0, 0xff, 0x20, 0x0, 0x0, 0x6, 0x70, 0x0, 0x0,
    0x0, 0xff, 0x20, 0x0, 0x0, 0x0, 0x0, 0x0, 0x0, 0x0, 0xff, 0x42, 0x22, 0x22, 0x22, 0x22,
    0x22, 0x22, 0x21, 0xff, 0xff, 0xff, 0xff, 0xff, 0xff, 0xff, 0xff, 0xfd, 0xbf, 0xff, 0xff, 0xff,
    0xff, 0xff, 0xff, 0xff, 0xfc, 0x2, 0x22, 0x22, 0x22, 0x22, 0x22, 0x22, 0x22, 0x22, 0x22, 0x0,
    0x9, 0xff, 0xff, 0xff, 0xff, 0xff, 0xff, 0xff, 0xff, 0xff, 0xfc, 0x10, 0xff, 0xff, 0xff, 0xff,
    0xff, 0xff, 0xff, 0xff, 0xff, 0xff, 0xf4, 0xf, 0xf2, 0x0, 0x0, 0x0, 0x0, 0x0, 0x0, 0x0,
    0x2, 0xff, 0xe1, 0xff, 0x29, 0xff, 0xff, 0xff, 0xff, 0xff, 0xff, 0xff, 0x2f, 0xff, 0x2f, 0xf2,
    0x9f, 0xff, 0xff, 0xff, 0xff, 0xff, 0xff, 0xf0, 0x4f, 0xf2, 0xff, 0x29, 0xff, 0xff, 0xff, 0xff,
    0xff, 0xff, 0xff, 0x0, 0xff, 0x2f, 0xf2, 0x9f, 0xff, 0xff, 0xff, 0xff, 0xff, 0xff, 0xf1, 0x6f,
    0xf2, 0xff, 0x25, 0x88, 0x88, 0x88, 0x88, 0x88, 0x88, 0x88, 0x2f, 0xff, 0x2f, 0xf4, 0x22, 0x22,
    0x22, 0x22, 0x22, 0x22, 0x22, 0x24, 0xff, 0xc1, 0xef, 0xff, 0xff, 0xff, 0xff, 0xff, 0xff, 0xff,
    0xff, 0xff, 0xf4, 0x7, 0xef, 0xff, 0xff, 0xff, 0xff, 0xff, 0xff, 0xff, 0xff, 0xfa, 0x0, 0x2,
    0x22, 0x22, 0x22, 0x22, 0x22, 0x22, 0x22, 0x22, 0x22, 0x0, 0x9, 0xff, 0xff, 0xff, 0xff, 0xff,
    0xff, 0xff, 0xff, 0xff, 0xfc, 0x10, 0xff, 0xff, 0xff, 0xff, 0xff, 0xff, 0xff, 0xff, 0xff, 0xff,
    0xf4, 0xf, 0xf2, 0x0, 0x0, 0x0, 0x0, 0x0, 0x0, 0x0, 0x2, 0xff, 0xe1, 0xff, 0x2f, 0xff,
    0xff, 0xff, 0xff, 0xff, 0x40, 0x0, 0x2f, 0xff, 0x2f, 0xf2, 0xff, 0xff, 0xff, 0xff, 0xff, 0xf4,
    0x0, 0x0, 0x4f, 0xf2, 0xff, 0x2f, 0xff, 0xff, 0xff, 0xff, 0xff, 0x40, 0x0, 0x0, 0xff, 0x2f,
    0xf2, 0xff, 0xff, 0xff, 0xff, 0xff, 0xf4, 0x0, 0x1, 0x6f, 0xf2, 0xff, 0x28, 0x88, 0x88, 0x88,
    0x88, 0x88, 0x20, 0x0, 0x2f, 0xff, 0x2f, 0xf4, 0x22, 0x22, 0x22, 0x22, 0x22, 0x22, 0x22, 0x24,
    0xff, 0xc1, 0xef, 0xff, 0xff, 0xff, 0xff, 0xff, 0xff, 0xff, 0xff, 0xff, 0xf4, 0x7, 0xef, 0xff,
    0xff, 0xff, 0xff, 0xff, 0xff, 0xff, 0xff, 0xfa, 0x0, 0x2, 0x22, 0x22, 0x22, 0x22, 0x22, 0x22,
    0x22, 0x22, 0x22, 0x0, 0x9, 0xff, 0xff, 0xff, 0xff, 0xff, 0xff, 0xff, 0xff, 0xff, 0xfc, 0x10,
    0xff, 0xff, 0xff, 0xff, 0xff, 0xff, 0xff, 0xff, 0xff, 0xff, 0xf4, 0xf, 0xf2, 0x0, 0x0, 0x0,
    0x0, 0x0, 0x0, 0x0, 0x2, 0xff, 0xe1, 0xff, 0x2d, 0xff, 0xff, 0xff, 0xf0, 0x0, 0x0, 0x0,
    0x2f, 0xff, 0x2f, 0xf2, 0xdf, 0xff, 0xff, 0xff, 0x0, 0x0, 0x0, 0x0, 0x4f, 0xf2, 0xff, 0x2d,
    0xff, 0xff, 0xff, 0xf0, 0x0, 0x0, 0x0, 0x0, 0xff, 0x2f, 0xf2, 0xdf, 0xff, 0xff, 0xff, 0x0,
    0x0, 0x0, 0x1, 0x6f, 0xf2, 0xff, 0x27, 0x88, 0x88, 0x88, 0x80, 0x0, 0x0, 0x0, 0x2f, 0xff,
    0x2f, 0xf4, 0x22, 0x22, 0x22, 0x22, 0x22, 0x22, 0x22, 0x24, 0xff, 0xc1, 0xef, 0xff, 0xff, 0xff,
    0xff, 0xff, 0xff, 0xff, 0xff, 0xff, 0xf4, 0x7, 0xef, 0xff, 0xff, 0xff, 0xff, 0xff, 0xff, 0xff,
    0xff, 0xfa, 0x0, 0x2, 0x22, 0x22, 0x22, 0x22, 0x22, 0x22, 0x22, 0x22, 0x22, 0x0, 0x9, 0xff,
    0xff, 0xff, 0xff, 0xff, 0xff, 0xff, 0xff, 0xff, 0xfc, 0x10, 0xff, 0xff, 0xff, 0xff, 0xff, 0xff,
    0xff, 0xff, 0xff, 0xff, 0xf4, 0xf, 0xf2, 0x0, 0x0, 0x0, 0x0, 0x0, 0x0, 0x0, 0x2, 0xff,
    0xe1, 0xff, 0x28, 0xff, 0xff, 0x0, 0x0, 0x0, 0x0, 0x0, 0x2f, 0xff, 0x2f, 0xf2, 0x8f, 0xff,
    0xf0, 0x0, 0x0, 0x0, 0x0, 0x0, 0x4f, 0xf2, 0xff, 0x28, 0xff, 0xff, 0x0, 0x0, 0x0, 0x0,
    0x0, 0x0, 0xff, 0x2f, 0xf2, 0x8f, 0xff, 0xf0, 0x0, 0x0, 0x0, 0x0, 0x1, 0x6f, 0xf2, 0xff,
    0x24, 0x88, 0x88, 0x0, 0x0, 0x0, 0x0, 0x0, 0x2f, 0xff, 0x2f, 0xf4, 0x22, 0x22, 0x22, 0x22,
    0x22, 0x22, 0x22, 0x24, 0xff, 0xc1, 0xef, 0xff, 0xff, 0xff, 0xff, 0xff, 0xff, 0xff, 0xff, 0xff,
    0xf4, 0x7, 0xef, 0xff, 0xff, 0xff, 0xff, 0xff, 0xff, 0xff, 0xff, 0xfa, 0x0, 0x2, 0x22, 0x22,
    0x22, 0x22, 0x22, 0x22, 0x22, 0x22, 0x22, 0x0, 0x9, 0xff, 0xff, 0xff, 0xff, 0xff, 0xff, 0xff,
    0xff, 0xff, 0xfc, 0x10, 0xff, 0xff, 0xff, 0xff, 0xff, 0xff, 0xff, 0xff, 0xff, 0xff, 0xf4, 0xf,
    0xf2, 0x0, 0x0, 0x0, 0x0, 0x0, 0x0, 0x0, 0x2, 0xff, 0xe1, 0xff, 0x20, 0x0, 0x0, 0x0,
    0x0, 0x0, 0x0, 0x0, 0x2f, 0xff, 0x2f, 0xf2, 0x0, 0x0, 0x0, 0x0, 0x0, 0x0, 0x0, 0x0,
    0x4f, 0xf2, 0xff, 0x20, 0x0, 0x0, 0x0, 0x0, 0x0, 0x0, 0x0, 0x0, 0xff, 0x2f, 0xf2, 0x0,
    0x0, 0x0, 0x0, 0x0, 0x0, 0x0, 0x1, 0x6f, 0xf2, 0xff, 0x20, 0x0, 0x0, 0x0, 0x0, 0x0,
    0x0, 0x0, 0x2f, 0xff, 0x2f, 0xf4, 0x22, 0x22, 0x22, 0x22, 0x22, 0x22, 0x22, 0x24, 0xff, 0xc1,
    0xef, 0xff, 0xff, 0xff, 0xff, 0xff, 0xff, 0xff, 0xff, 0xff, 0xf4, 0x7, 0xef, 0xff, 0xff, 0xff,
    0xff, 0xff, 0xff, 0xff, 0xff, 0xfa, 0x0, 0x8b, 0xbb, 0xb4, 0x0, 0x0, 0x0, 0x0, 0x0, 0x0,
    0xff, 0xff, 0xf9, 0x0, 0x0, 0x0, 0x0, 0x0, 0x0, 0xff, 0xff, 0xf9, 0x0, 0x0, 0x0, 0x0,
    0x0, 0x0, 0xff, 0xff, 0xf9, 0x0, 0x0, 0x0, 0x0, 0x0, 0x0, 0xff, 0xff, 0xf9, 0x0, 0x0,
    0x21, 0x0, 0x0, 0x12, 0xff, 0xff, 0xf9, 0x0, 0x7, 0xeb, 0x0, 0x5, 0xee, 0xff, 0xff, 0xf9,
    0x3, 0xcf, 0xfc, 0x2, 0xbf, 0xff, 0xff, 0xff, 0xfa, 0x9f, 0xff, 0xfc, 0x7e, 0xff, 0xff, 0xff,
    0xff, 0xff, 0xff, 0xff, 0xff, 0xff, 0xff, 0xff, 0xff, 0xff, 0xff, 0xff, 0xff, 0xff, 0xff, 0xff,
    0xff, 0xff, 0xff, 0xff, 0xff, 0xff, 0xff, 0xff, 0xff, 0xff, 0xff, 0xff, 0xff, 0xff, 0xff, 0xff,
    0xff, 0xff, 0xff, 0xff, 0xff, 0xff, 0xff, 0xff, 0xff, 0xff, 0xff, 0xff, 0xff, 0xff, 0xff, 0xff,
    0xff, 0xff, 0xff, 0xff, 0xff, 0xff, 0xff, 0xff, 0xff, 0xff, 0xff, 0xff, 0xff, 0xff, 0xcf, 0xff,
    0xff, 0xff, 0xff, 0xff, 0xff, 0xff, 0xfc, 0x0, 0x0, 0x0, 0x0, 0x0, 0x0, 0x8e, 0x80, 0x0,
    0x0, 0x0, 0x0, 0x0, 0x0, 0x0, 0x0, 0x0, 0x3f, 0xff, 0x30, 0x0, 0x0, 0x0, 0x0, 0x0,
    0x0, 0x0, 0x1a, 0xef, 0xff, 0xf4, 0x0, 0x0, 0x0, 0x0, 0x0, 0x0, 0x0, 0x9, 0xd3, 0x4c,
    0xe8, 0x0, 0x0, 0x0, 0x0, 0x0, 0x0, 0x0, 0x2, 0xf4, 0x0, 0x0, 0x0, 0x0, 0x0, 0x0,
    0x2, 0xbe, 0xb2, 0x0, 0x9b, 0x0, 0x0, 0x0, 0x0, 0x0, 0x60, 0x0, 0xbf, 0xff, 0xc0, 0x4f,
    0x40, 0x0, 0x0, 0x0, 0x0, 0xf, 0xd4, 0xe, 0xff, 0xff, 0xff, 0xff, 0xff, 0xff, 0xff, 0xff,
    0xff, 0xff, 0xf8, 0xbf, 0xff, 0xd3, 0x33, 0x3c, 0xc3, 0x33, 0x33, 0x33, 0x3f, 0xe8, 0x12, 0xbe,
    0xc3, 0x0, 0x0, 0x3f, 0x30, 0x0, 0x0, 0x0, 0x92, 0x0, 0x0, 0x0, 0x0, 0x0, 0x0, 0xbb,
    0x0, 0xef, 0xff, 0x0, 0x0, 0x0, 0x0, 0x0, 0x0, 0x0, 0x3, 0xf5, 0xf, 0xff, 0xf0, 0x0,
    0x0, 0x0, 0x0, 0x0, 0x0, 0x0, 0x6, 0xff, 0xff, 0xff, 0x0, 0x0, 0x0, 0x0, 0x0, 0x0,
    0x0, 0x0, 0x1, 0x3f, 0xff, 0xf0, 0x0, 0x0, 0x0, 0x0, 0x25, 0x77, 0x63, 0x0, 0x0, 0x0,
    0x2b, 0xff, 0xef, 0xff, 0xc4, 0x0, 0x2, 0xef, 0xff, 0x3e, 0xff, 0xff, 0x40, 0xc, 0xff, 0xff,
    0x2, 0xdf, 0xff, 0xd0, 0x4f, 0xff, 0xff, 0x0, 0x2c, 0xff, 0xf5, 0x9f, 0xf8, 0xff, 0x0, 0x91,
    0xbf, 0xf9, 0xcf, 0xd1, 0x4f, 0x0, 0xf4, 0x2f, 0xfc, 0xdf, 0xfd, 0x15, 0x0, 0x51, 0xdf, 0xfe,
    0xef, 0xff, 0xc1, 0x0, 0x1c, 0xff, 0xfe, 0xff, 0xff, 0xf7, 0x0, 0x5f, 0xff, 0xff, 0xef, 0xff,
    0x90, 0x0, 0x8, 0xff, 0xfe, 0xdf, 0xfa, 0x8, 0x0, 0x90, 0x8f, 0xfd, 0xbf, 0xd0, 0x8f, 0x0,
    0xf4, 0x1e, 0xfc, 0x8f, 0xfc, 0xff, 0x0, 0x63, 0xdf, 0xf9, 0x2f, 0xff, 0xff, 0x0, 0x5e, 0xff,
    0xf4, 0x9, 0xff, 0xff, 0x7, 0xff, 0xff, 0xb0, 0x0, 0x9f, 0xff, 0xaf, 0xff, 0xfd, 0x20, 0x0,
    0x4, 0xad, 0xef, 0xeb, 0x61, 0x0, 0x0, 0x29, 0xca, 0x30, 0x0, 0x1, 0xef, 0xff, 0xf4, 0x0,
    0x8, 0xf7, 0x16, 0xfc, 0x0, 0xb, 0xe0, 0x0, 0xdf, 0x0, 0xc, 0xe0, 0x0, 0xdf, 0x0, 0xc,
    0xe0, 0x0, 0xdf, 0x0, 0xc, 0xe0, 0x10, 0xdf, 0x0, 0xc, 0xe5, 0xf6, 0xdf, 0x0, 0xc, 0xe8,
    0xf9, 0xdf, 0x0, 0xc, 0xe8, 0xf9, 0xdf, 0x0, 0xd, 0xe8, 0xf9, 0xdf, 0x10, 0x7f, 0xaa, 0xfb,
    0x8f, 0x90, 0xdf, 0x7f, 0xff, 0x8c, 0xe0, 0xfd, 0x9f, 0xff, 0xba, 0xf2, 0xdf, 0x6f, 0xff, 0x7d,
    0xf0, 0x8f, 0xc6, 0x86, 0xaf, 0xa0, 0x1c, 0xff, 0xdf, 0xfd, 0x10, 0x1, 0x8d, 0xfd, 0x81, 0x0,
    0x0, 0x0, 0xaf, 0xff, 0xff, 0xff, 0xff, 0x80, 0x0, 0x0, 0x0, 0x4f, 0xff, 0xff, 0xff, 0xff,
    0xff, 0x10, 0x0, 0x0, 0x4, 0xff, 0xff, 0xff, 0xff, 0xff, 0xf2, 0x0, 0x6, 0xdb, 0x4f, 0xff,
    0xff, 0xff, 0xff, 0xff, 0x2e, 0xc5, 0x4b, 0xa4, 0xff, 0xff, 0xff, 0xff, 0xff, 0xf2, 0xca, 0x30,
    0x0, 0x4f, 0xff, 0xff, 0xff, 0xff, 0xff, 0x20, 0x0, 0x18, 0x74, 0xff, 0xff, 0xff, 0xff, 0xff,
    0xf2, 0x87, 0x19, 0xfd, 0x4f, 0xff, 0xff, 0xff, 0xff, 0xff, 0x2f, 0xe7, 0x2, 0x24, 0xff, 0xff,
    0xff, 0xff, 0xff, 0xf2, 0x22, 0x0, 0x22, 0x4f, 0xff, 0xff, 0xff, 0xff, 0xff, 0x22, 0x20, 0x9f,
    0xd4, 0xff, 0xff, 0xff, 0xff, 0xff, 0xf2, 0xfe, 0x71, 0x87, 0x4f, 0xff, 0xff, 0xff, 0xff, 0xff,
    0x28, 0x71, 0x0, 0x4, 0xff, 0xff, 0xff, 0xff, 0xff, 0xf2, 0x0, 0x4, 0xba, 0x4f, 0xff, 0xff,
    0xff, 0xff, 0xff, 0x2c, 0xa3, 0x6d, 0xb4, 0xff, 0xff, 0xff, 0xff, 0xff, 0xf2, 0xec, 0x50, 0x0,
    0x4f, 0xff, 0xff, 0xff, 0xff, 0xff, 0x20, 0x0, 0x0, 0x4, 0xff, 0xff, 0xff, 0xff, 0xff, 0xf1,
    0x0, 0x0, 0x0, 0xa, 0xff, 0xff, 0xff, 0xff, 0xf8, 0x0, 0x0, 0x0, 0x0, 0x2, 0x44, 0x44,
    0x10, 0x0, 0x0, 0x12, 0x22, 0x3e, 0xff, 0xff, 0xc2, 0x22, 0x21, 0xff, 0xff, 0xff, 0xff, 0xff,
    0xff, 0xff, 0xfb, 0xef, 0xff, 0xff, 0xff, 0xff, 0xff, 0xff, 0xfa, 0x2, 0x22, 0x22, 0x22, 0x22,
    0x22, 0x22, 0x10, 0xd, 0xff, 0xff, 0xff, 0xff, 0xff, 0xff, 0x90, 0xd, 0xff, 0xff, 0xff, 0xff,
    0xff, 0xff, 0x90, 0xd, 0xff, 0x2f, 0xf6, 0xaf, 0xb4, 0xff, 0x90, 0xd, 0xfe, 0xe, 0xf5, 0x8f,
    0xa3, 0xff, 0x90, 0xd, 0xfe, 0xe, 0xf5, 0x8f, 0xa3, 0xff, 0x90, 0xd, 0xfe, 0xe, 0xf5, 0x8f,
    0xa3, 0xff, 0x90, 0xd, 0xfe, 0xe, 0xf5, 0x8f, 0xa3, 0xff, 0x90, 0xd, 0xfe, 0xe, 0xf5, 0x8f,
    0xa3, 0xff, 0x90, 0xd, 0xfe, 0xe, 0xf5, 0x8f, 0xa3, 0xff, 0x90, 0xd, 0xfe, 0xe, 0xf5, 0x8f,
    0xa3, 0xff, 0x90, 0xd, 0xff, 0x2f, 0xf6, 0xaf, 0xb4, 0xff, 0x90, 0xd, 0xff, 0xff, 0xff, 0xff,
    0xff, 0xff, 0x90, 0x7, 0xff, 0xff, 0xff, 0xff, 0xff, 0xfe, 0x40, 0x0, 0x12, 0x22, 0x22, 0x22,
    0x22, 0x21, 0x0, 0x0, 0x0, 0x0, 0x0, 0x0, 0x0, 0x8, 0xa3, 0x0, 0x0, 0x0, 0x0, 0x0,
    0x0, 0x0, 0xbf, 0xfe, 0x30, 0x0, 0x0, 0x0, 0x0, 0x0, 0xa, 0xff, 0xff, 0xe3, 0x0, 0x0,
    0x0, 0x0, 0x0, 0x34, 0xff, 0xff, 0xfd, 0x0, 0x0, 0x0, 0x0, 0xb, 0xe4, 0x4f, 0xff, 0xfd,
    0x0, 0x0, 0x0, 0x0, 0xbf, 0xfe, 0x44, 0xff, 0xf4, 0x0, 0x0, 0x0, 0xb, 0xff, 0xff, 0xe4,
    0x4e, 0x40, 0x0, 0x0, 0x0, 0xbf, 0xff, 0xff, 0xfe, 0x41, 0x0, 0x0, 0x0, 0xb, 0xff, 0xff,
    0xff, 0xff, 0x40, 0x0, 0x0, 0x0, 0xbf, 0xff, 0xff, 0xff, 0xf4, 0x0, 0x0, 0x0, 0xb, 0xff,
    0xff, 0xff, 0xff, 0x40, 0x0, 0x0, 0x0, 0xbf, 0xff, 0xff, 0xff, 0xf4, 0x0, 0x0, 0x0, 0xb,
    0xff, 0xff, 0xff, 0xff, 0x40, 0x0, 0x0, 0x0, 0x8f, 0xff, 0xff, 0xff, 0xf4, 0x0, 0x0, 0x0,
    0x0, 0xaf, 0xff, 0xff, 0xff, 0x40, 0x0, 0x0, 0x0, 0x0, 0xcf, 0xff, 0xff, 0xf4, 0x0, 0x0,
    0x0, 0x0, 0x0, 0xef, 0xff, 0xff, 0x40, 0x0, 0x0, 0x0, 0x0, 0x0, 0xef, 0xfe, 0xd4, 0x0,
    0x0, 0x0, 0x0, 0x0, 0x0, 0x23, 0x10, 0x0, 0x0, 0x0, 0x0, 0x0, 0x0, 0x0, 0x0, 0x0,
    0x0, 0x0, 0x2, 0x20, 0x0, 0x0, 0x0, 0x0, 0x0, 0x0, 0x0, 0x18, 0xcf, 0xff, 0xfd, 0x82,
    0x0, 0x0, 0x0, 0x0, 0x0, 0x7e, 0xff, 0xff, 0xff, 0xff, 0xf9, 0x10, 0x0, 0x0, 0x1, 0xbf,
    0xff, 0xff, 0x61, 0xcd, 0xaf, 0xfc, 0x20, 0x0, 0x0, 0xbf, 0xff, 0xff, 0xf7, 0x2e, 0x31, 0xff,
    0xfc, 0x10, 0x0, 0x7f, 0xe2, 0x2e, 0xff, 0xff, 0xd0, 0x59, 0x1d, 0xfa, 0x0, 0x1e, 0xfe, 0x11,
    0xef, 0xff, 0xf8, 0xa, 0x60, 0xdf, 0xf3, 0x7, 0xff, 0xfe, 0xef, 0xff, 0xff, 0x30, 0xef, 0xef,
    0xff, 0x90, 0xbf, 0xff, 0xff, 0xff, 0xff, 0xd0, 0x5f, 0xff, 0xff, 0xfe, 0xd, 0xff, 0xff, 0xff,
    0xff, 0xf8, 0xa, 0xff, 0xff, 0xff, 0xf1, 0xff, 0xd9, 0xef, 0xff, 0xfb, 0x21, 0xef, 0xff, 0xbb,
    0xff, 0x2e, 0xf3, 0x7, 0xff, 0xf7, 0x0, 0x1d, 0xff, 0xf1, 0x1f, 0xf1, 0xcf, 0x94, 0xcf, 0xff,
    0x10, 0x0, 0x7f, 0xff, 0x77, 0xfe, 0x8, 0xff, 0xff, 0xff, 0xf3, 0x11, 0x18, 0xff, 0xff, 0xff,
    0xb0, 0x3f, 0xff, 0xff, 0xff, 0xff, 0xff, 0xff, 0xff, 0xff, 0xf5, 0x0, 0x9f, 0xff, 0xff, 0xff,
    0xff, 0xff, 0xff, 0xff, 0xfb, 0x0, 0x0, 0x11, 0x11, 0x11, 0x11, 0x11, 0x11, 0x11, 0x11, 0x0,
    0x0, 0x0, 0x0, 0x0, 0x0, 0x2b, 0xed, 0x70, 0x0, 0x0, 0x0, 0x0, 0x0, 0x0, 0x0, 0x1e,
    0xff, 0xff, 0x80, 0x0, 0x0, 0x0, 0x0, 0x0, 0x0, 0x8, 0xff, 0xff, 0xff, 0x0, 0x0, 0x0,
    0x0, 0x0, 0x0, 0x0, 0x67, 0x66, 0x66, 0x61, 0x38, 0x91, 0x0, 0x0, 0x0, 0x0, 0x0, 0x33,
    0x44, 0x43, 0x5f, 0xfd, 0x0, 0x0, 0x0, 0x0, 0x19, 0xff, 0xff, 0xff, 0xff, 0xff, 0xa0, 0x0,
    0x1, 0x0, 0x2d, 0xff, 0xff, 0xff, 0xff, 0xff, 0xf8, 0x0, 0x7, 0xf3, 0xc, 0xff, 0xff, 0xff,
    0xff, 0xff, 0xff, 0xe3, 0x0, 0xe4, 0x4, 0xff, 0xff, 0xff, 0xff, 0xff, 0xff, 0xff, 0xd9, 0x27,
    0xdb, 0xdf, 0xff, 0xff, 0xff, 0xff, 0xfd, 0x7f, 0xff, 0xf6, 0x1, 0x2a, 0xff, 0xff, 0xff, 0xff,
    0xff, 0xfe, 0xff, 0xff, 0x60, 0x0, 0x7f, 0xff, 0xff, 0xff, 0xff, 0xff, 0xff, 0xff, 0xf6, 0x0,
    0x1, 0xef, 0xff, 0xff, 0xff, 0xff, 0xff, 0xff, 0xff, 0x60, 0x0, 0x6, 0xff, 0xff, 0xff, 0xff,
    0xff, 0xff, 0xe8, 0x72, 0x0, 0x0, 0x8, 0xff, 0xff, 0xff, 0xff, 0xff, 0xf3, 0x0, 0x0, 0x0,
    0x0, 0x6f, 0xff, 0xbb, 0xbb, 0xdf, 0xff, 0x0, 0x0, 0x0, 0x0, 0x6, 0xff, 0xf0, 0x0, 0x6,
    0xff, 0xf0, 0x0, 0x0, 0x0, 0x0, 0x4f, 0xfe, 0x0, 0x0, 0x4f, 0xfe, 0x0, 0x0, 0x3f, 0xe1,
    0x0, 0x0, 0x0, 0x0, 0x0, 0x0, 0x0, 0xc, 0xf5, 0x8, 0xfc, 0x0, 0x0, 0x0, 0x0, 0x0,
    0x0, 0x0, 0x0, 0x9f, 0xa0, 0xcf, 0x60, 0x9, 0xb2, 0x1, 0x9b, 0x40, 0x3, 0xb8, 0x3, 0xfe,
    0xe, 0xf3, 0x1, 0xff, 0x20, 0xaf, 0xff, 0x30, 0x4f, 0xe0, 0xf, 0xf1, 0xff, 0x20, 0x2f, 0xf0,
    0xf, 0xff, 0xf7, 0x3, 0xff, 0x0, 0xff, 0x2d, 0xf3, 0x1, 0xff, 0x20, 0xcf, 0xff, 0x40, 0x4f,
    0xe0, 0x1f, 0xf1, 0xcf, 0x60, 0x9, 0xb2, 0xd, 0xff, 0xf5, 0x4, 0xb8, 0x4, 0xfe, 0x7, 0xfc,
    0x0, 0x0, 0x4, 0xff, 0xbf, 0xb0, 0x0, 0x0, 0x9f, 0xa0, 0x2f, 0xe1, 0x0, 0x0, 0xaf, 0xc4,
    0xff, 0x20, 0x0, 0xc, 0xf5, 0x0, 0x0, 0x0, 0x0, 0x1f, 0xf6, 0xe, 0xf8, 0x0, 0x0, 0x0,
    0x0, 0x0, 0x0, 0x0, 0x7, 0xff, 0x10, 0x8f, 0xe0, 0x0, 0x0, 0x0, 0x0, 0x0, 0x0, 0x0,
    0xcf, 0xb2, 0x25, 0xff, 0x50, 0x0, 0x0, 0x0, 0x0, 0x0, 0x0, 0x3f, 0xff, 0xff, 0xff, 0xfb,
    0x0, 0x0, 0x0, 0x0, 0x0, 0x0, 0x9, 0xff, 0xff, 0xff, 0xff, 0xf2, 0x0, 0x0, 0x0, 0x0,
    0x0, 0x1, 0xef, 0x70, 0x0, 0x0, 0xdf, 0x90, 0x0, 0x0, 0x0, 0x0, 0x0, 0x6f, 0xe1, 0x0,
    0x0, 0x7, 0xfe, 0x10, 0x0, 0x0, 0x0, 0x0, 0xc, 0xf9, 0x0, 0x0, 0x0, 0x1f, 0xf6, 0x0,
    0x0, 0x0, 0x0, 0x1, 0xff, 0x30, 0x0, 0x0, 0x0, 0xaf, 0xa0, 0x0, 0x0, 0x0, 0x0, 0x3,
    0x60, 0x0, 0x0, 0x0, 0x2, 0x61, 0x0, 0x0, 0x0, 0x0, 0x0, 0x0, 0x1, 0x46, 0x77, 0x65,
    0x30, 0x0, 0x0, 0x0, 0x6, 0xcf, 0xff, 0xff, 0xff, 0xfe, 0x92, 0x0, 0x0, 0x6f, 0xff, 0xff,
    0xff, 0xff, 0xff, 0xfd, 0x0, 0x0, 0x2d, 0xff, 0xff, 0xff, 0xff, 0xff, 0xf8, 0x0, 0x0, 0x0,
    0x58, 0xcd, 0xef, 0xed, 0xa7, 0x22, 0x0, 0x0, 0x0, 0x0, 0x0, 0x0, 0x2, 0x46, 0xbf, 0x0,
    0x59, 0xce, 0xfe, 0xdb, 0x72, 0x2b, 0xff, 0xfb, 0x4d, 0xff, 0xff, 0xff, 0xff, 0xff, 0x91, 0xbb,
    0x61, 0xef, 0xff, 0xff, 0xff, 0xff, 0xff, 0xf6, 0x1, 0x6c, 0xbf, 0xff, 0xff, 0xff, 0xff, 0xff,
    0xf4, 0x5f, 0xfe, 0x18, 0xef, 0xff, 0xff, 0xff, 0xfc, 0x40, 0x6f, 0xc3, 0xb3, 0x4, 0x78, 0x99,
    0x75, 0x10, 0x67, 0x12, 0x0, 0xff, 0xc8, 0x54, 0x33, 0x46, 0xae, 0xf7, 0x0, 0x0, 0x8f, 0xff,
    0xff, 0xff, 0xff, 0xff, 0xd2, 0x0, 0x0, 0x22, 0x7a, 0xde, 0xfe, 0xdc, 0x85, 0x12, 0x0, 0x0,
    0xfb, 0x64, 0x21, 0x0, 0x13, 0x58, 0xd8, 0x0, 0x0, 0xbf, 0xff, 0xff, 0xff, 0xff, 0xff, 0xf4,
    0x0, 0x0, 0x5, 0xad, 0xff, 0xff, 0xfe, 0xb8, 0x20, 0x0, 0x0, 0x0, 0x0, 0x1, 0x22, 0x10,
    0x0, 0x0, 0x0, 0x0, 0x0, 0x0, 0x0, 0x0, 0x0, 0x0, 0x0, 0x25, 0x78, 0x86, 0x40, 0x0,
    0x0, 0x0, 0x0, 0x0, 0x14, 0x7b, 0xef, 0xff, 0xff, 0xff, 0xe7, 0x9d, 0xa7, 0x66, 0x8a, 0xdf,
    0xff, 0xff, 0xff, 0xff, 0xf6, 0x8f, 0xdf, 0xff, 0xff, 0xff, 0xff, 0xff, 0xff, 0xff, 0xff, 0xff,
    0x80, 0xfd, 0xfd, 0x14, 0xff, 0xff, 0xff, 0xff, 0xff, 0xff, 0xff, 0xff, 0xcf, 0xdf, 0xd1, 0xaf,
    0xff, 0xff, 0xc3, 0x4, 0xef, 0xff, 0xff, 0xff, 0xfd, 0xff, 0xff, 0xff, 0xff, 0xf2, 0x0, 0x4,
    0xff, 0xff, 0xff, 0xff, 0xdf, 0xff, 0xff, 0xff, 0xfb, 0x0, 0x0, 0xd, 0xff, 0xff, 0xff, 0xfd,
    0xff, 0xff, 0xff, 0xff, 0xa0, 0x0, 0x0, 0xcf, 0xff, 0xff, 0xff, 0xdf, 0xff, 0xff, 0xff, 0xfc,
    0x0, 0x0, 0xe, 0xff, 0xff, 0xff, 0xfd, 0xff, 0xff, 0xff, 0xff, 0xf5, 0x0, 0x8, 0xff, 0xff,
    0xff, 0xcf, 0xdf, 0xff, 0xff, 0xff, 0xff, 0xf8, 0x69, 0xff, 0xff, 0xff, 0x80, 0xfd, 0xfd, 0x6d,
    0xff, 0xff, 0xff, 0xff, 0xff, 0xff, 0xff, 0xfa, 0x7f, 0xdf, 0xd0, 0x3f, 0xff, 0xff, 0xff, 0xff,
    0xff, 0xff, 0xff, 0xff, 0xfc, 0xef, 0xda, 0xff, 0xff, 0xff, 0xff, 0xc9, 0x64, 0x20, 0x2, 0x47,
    0x33, 0x9d, 0xff, 0xff, 0xda, 0x74, 0x10, 0x0, 0x0, 0x0, 0x0, 0x0, 0x0, 0x0, 0x11, 0x0,
    0x0, 0x0, 0x0, 0x0, 0x0, 0x0, 0x0, 0x0, 0x1, 0x22, 0x22, 0x22, 0x22, 0x22, 0x22, 0x21,
    0x0, 0x5e, 0xff, 0xff, 0xff, 0xff, 0xff, 0xff, 0xff, 0x60, 0xdf, 0xff, 0xff, 0xff, 0xff, 0xff,
    0xff, 0xff, 0xa0, 0xff, 0x51, 0x11, 0x11, 0x11, 0x11, 0x11, 0x11, 0x0, 0xff, 0xff, 0xff, 0xff,
    0xff, 0xff, 0xff, 0xff, 0xf7, 0xff, 0xff, 0xff, 0xff, 0xff, 0xff, 0xff, 0xff, 0xfe, 0xff, 0xff,
    0xff, 0xff, 0xff, 0xff, 0xff, 0xff, 0xff, 0xff, 0xff, 0xff, 0xff, 0xff, 0xff, 0xff, 0xff, 0xff,
    0xff, 0xff, 0xff, 0xff, 0xff, 0xff, 0xff, 0xff, 0xff, 0xff, 0xff, 0xff, 0xff, 0xff, 0xff, 0xfa,
    0x17, 0xff, 0xff, 0xff, 0xff, 0xff, 0xff, 0xff, 0xfa, 0x17, 0xff, 0xff, 0xff, 0xff, 0xff, 0xff,
    0xff, 0xff, 0xff, 0xff, 0xff, 0xff, 0xff, 0xff, 0xff, 0xff, 0xff, 0xff, 0xff, 0xff, 0xff, 0xff,
    0xff, 0xff, 0xff, 0xff, 0xff, 0xff, 0xdf, 0xff, 0xff, 0xff, 0xff, 0xff, 0xff, 0xff, 0xfe, 0x4d,
    0xff, 0xff, 0xff, 0xff, 0xff, 0xff, 0xff, 0xf7, 0x0, 0x11, 0x11, 0x11, 0x11, 0x11, 0x11, 0x11,
    0x0, 0x0, 0x0, 0x0, 0x57, 0x88, 0x88, 0x88, 0x88, 0x88, 0x88, 0x72, 0x0, 0x0, 0x0, 0xaf,
    0xff, 0xff, 0xff, 0xff, 0xff, 0xff, 0xff, 0xe2, 0x0, 0x0, 0xaf, 0xff, 0xff, 0xff, 0xff, 0xff,
    0xff, 0xff, 0xff, 0x70, 0x0, 0xaf, 0xff, 0xff, 0xf8, 0xaf, 0xff, 0xa8, 0xff, 0xff, 0xf8, 0x0,
    0xbf, 0xff, 0xff, 0xfa, 0x0, 0xaf, 0xa0, 0xa, 0xff, 0xff, 0x80, 0xbf, 0xff, 0xff, 0xff, 0xe3,
    0x0, 0x60, 0x3, 0xef, 0xff, 0xf8, 0xaf, 0xff, 0xff, 0xff, 0xff, 0xe3, 0x0, 0x3, 0xef, 0xff,
    0xff, 0x8e, 0xff, 0xff, 0xff, 0xff, 0xff, 0x90, 0x0, 0x9f, 0xff, 0xff, 0xf8, 0x4f, 0xff, 0xff,
    0xff, 0xff, 0xa0, 0x0, 0x0, 0xaf, 0xff, 0xff, 0x80, 0x4f, 0xff, 0xff, 0xff, 0xb0, 0x3, 0xd3,
    0x0, 0xbf, 0xff, 0xf8, 0x0, 0x4e, 0xff, 0xff, 0xfd, 0x23, 0xef, 0xe3, 0x2d, 0xff, 0xff, 0x80,
    0x0, 0x4e, 0xff, 0xff, 0xfe, 0xff, 0xff, 0xfe, 0xff, 0xff, 0xf7, 0x0, 0x0, 0x4e, 0xff, 0xff,
    0xff, 0xff, 0xff, 0xff, 0xff, 0xff, 0x50, 0x0, 0x0, 0x3c, 0xff, 0xff, 0xff, 0xff, 0xff, 0xff,
    0xfe, 0x90, 0x0, 0xbf, 0xff, 0xff, 0xff, 0xff, 0xff, 0xff, 0xff, 0xff, 0x50, 0x0, 0x2f, 0xff,
    0xff, 0xff, 0xff, 0xff, 0xff, 0xff, 0xff, 0xfa, 0x0, 0x5, 0xff, 0x22, 0x2a, 0xf4, 0x22, 0x2a,
    0xf4, 0x22, 0x8f, 0xc0, 0x0, 0x7f, 0xd0, 0x0, 0xbf, 0x0, 0x0, 0x8f, 0x30, 0x5, 0xfe, 0x0,
    0xa, 0xfa, 0x0, 0xc, 0xe0, 0x0, 0x6, 0xf4, 0x0, 0x3f, 0xf2, 0x0, 0xcf, 0x80, 0x0, 0xdd,
    0x0, 0x0, 0x5f, 0x60, 0x0, 0xff, 0x50, 0xe, 0xff, 0xff, 0xff, 0xff, 0xff, 0xff, 0xff, 0xff,
    0xff, 0xf7, 0x2, 0xff, 0xdd, 0xdd, 0xfe, 0xdd, 0xdd, 0xdf, 0xed, 0xdd, 0xef, 0x90, 0x4f, 0xf1,
    0x0, 0x3f, 0x80, 0x0, 0x1, 0xfa, 0x0, 0x8, 0xfc, 0x7, 0xfd, 0x0, 0x4, 0xf7, 0x0, 0x0,
    0xe, 0xc0, 0x0, 0x6f, 0xe0, 0x9f, 0xb0, 0x0, 0x6f, 0x50, 0x0, 0x0, 0xdd, 0x0, 0x3, 0xff,
    0x2c, 0xfa, 0x22, 0x28, 0xf6, 0x22, 0x22, 0x2c, 0xe2, 0x22, 0x3f, 0xf4, 0xef, 0xff, 0xff, 0xff,
    0xff, 0xff, 0xff, 0xff, 0xff, 0xff, 0xff, 0x7b, 0xff, 0xff, 0xff, 0xff, 0xff, 0xff, 0xff, 0xff,
    0xff, 0xff, 0xe3, 0x0, 0x0, 0x0, 0x0, 0x2, 0x22, 0x21, 0x0, 0x0, 0x0, 0x0, 0x0, 0x0,
    0x0, 0x0, 0x0, 0xff, 0xff, 0x80, 0x0, 0x0, 0x0, 0x0, 0x0, 0x0, 0x0, 0x3f, 0xff, 0xff,
    0xff, 0xfa, 0x0, 0x0, 0x0, 0x0, 0x0, 0x0, 0x3, 0xff, 0xff, 0xff, 0xff, 0xb0, 0x0, 0x0,
    0x0, 0x0, 0x0, 0x0, 0x2, 0x22, 0x22, 0x22, 0x21, 0x0, 0x0, 0x0, 0x0, 0x0, 0x1, 0xcf,
    0xff, 0xff, 0xfd, 0x40, 0x0, 0x1c, 0xff, 0xff, 0xff, 0xff, 0xe0, 0x1, 0xce, 0x24, 0xf2, 0xf4,
    0x2f, 0xf2, 0x1c, 0xfe, 0x2, 0xf0, 0xf2, 0xf, 0xf2, 0xcf, 0xfe, 0x2, 0xf0, 0xf2, 0xf, 0xf2,
    0xff, 0xfe, 0x24, 0xf2, 0xf4, 0x2f, 0xf2, 0xff, 0xff, 0xff, 0xff, 0xff, 0xff, 0xf2, 0xff, 0xff,
    0xff, 0xff, 0xff, 0xff, 0xf2, 0xff, 0xff, 0xff, 0xff, 0xff, 0xff, 0xf2, 0xff, 0xff, 0xff, 0xff,
    0xff, 0xff, 0xf2, 0xff, 0xff, 0xff, 0xff, 0xff, 0xff, 0xf2, 0xff, 0xff, 0xff, 0xff, 0xff, 0xff,
    0xf2, 0xff, 0xff, 0xff, 0xff, 0xff, 0xff, 0xf2, 0xff, 0xff, 0xff, 0xff, 0xff, 0xff, 0xf2, 0xff,
    0xff, 0xff, 0xff, 0xff, 0xff, 0xf2, 0xff, 0xff, 0xff, 0xff, 0xff, 0xff, 0xf2, 0xdf, 0xff, 0xff,
    0xff, 0xff, 0xff, 0xf1, 0x5f, 0xff, 0xff, 0xff, 0xff, 0xff, 0x70, 0x1, 0x44, 0x44, 0x44, 0x44,
    0x42, 0x0, 0x0, 0x0, 0x0, 0x0, 0x0, 0x0, 0x0, 0x0, 0x0, 0x30, 0x0, 0x0, 0x0, 0x0,
    0x0, 0x0, 0x0, 0x0, 0x6f, 0x0, 0x0, 0x0, 0x0, 0x0, 0x0, 0x0, 0x0, 0x6f, 0xf0, 0x0,
    0x4, 0xe7, 0x0, 0x0, 0x0, 0x0, 0xd, 0xff, 0x0, 0x5, 0xff, 0x90, 0x0, 0x0, 0x0, 0x0,
    0xdf, 0xf0, 0x6, 0xff, 0xf9, 0x0, 0x0, 0x0, 0x0, 0xd, 0xff, 0x7, 0xff, 0xff, 0xff, 0xff,
    0xff, 0xff, 0xff, 0xff, 0xf0, 0xef, 0xff, 0xff, 0xff, 0xff, 0xff, 0xff, 0xff, 0xff, 0x4, 0xff,
    0xff, 0xed, 0xdd, 0xdd, 0xdd, 0xdd, 0xdd, 0x90, 0x4, 0xef, 0xf9, 0x0, 0x0, 0x0, 0x0, 0x0,
    0x0, 0x0, 0x3, 0xef, 0x90, 0x0, 0x0, 0x0, 0x0, 0x0, 0x0, 0x0, 0x2, 0xc6, 0x0, 0x0,
    0x0, 0x0, 0x0, 0x0,
};

static const lv_font_fmt_txt_glyph_dsc_t glyph_dsc[] = {
    {.bitmap_index = 0, .adv_w = 0, .box_w = 0, .box_h = 0, .ofs_x = 0, .ofs_y = 0} /* id = 0 reserved */,
    {.bitmap_index = 0, .adv_w = 78, .box_w = 0, .box_h = 0, .ofs_x = 0, .ofs_y = 0}, /* U+0020 */
    {.bitmap_index = 0, .adv_w = 77, .box_w = 3, .box_h = 13, .ofs_x = 1, .ofs_y = 0}, /* U+0021 */
    {.bitmap_index = 20, .adv_w = 112, .box_w = 5, .box_h = 5, .ofs_x = 1, .ofs_y = 8}, /* U+0022 */
    {.bitmap_index = 33, .adv_w = 202, .box_w = 13, .box_h = 13, .ofs_x = 0, .ofs_y = 0}, /* U+0023 */
    {.bitmap_index = 118, .adv_w = 179, .box_w = 11, .box_h = 18, .ofs_x = 0, .ofs_y = -2}, /* U+0024 */
    {.bitmap_index = 217, .adv_w = 243, .box_w = 15, .box_h = 13, .ofs_x = 0, .ofs_y = 0}, /* U+0025 */
    {.bitmap_index = 315, .adv_w = 198, .box_w = 13, .box_h = 13, .ofs_x = 0, .ofs_y = 0}, /* U+0026 */
    {.bitmap_index = 400, .adv_w = 60, .box_w = 2, .box_h = 5, .ofs_x = 1, .ofs_y = 8}, /* U+0027 */
    {.bitmap_index = 405, .adv_w = 97, .box_w = 5, .box_h = 18, .ofs_x = 1, .ofs_y = -4}, /* U+0028 */
    {.bitmap_index = 450, .adv_w = 97, .box_w = 5, .box_h = 18, .ofs_x = 0, .ofs_y = -4}, /* U+0029 */
    {.bitmap_index = 495, .adv_w = 115, .box_w = 7, .box_h = 7, .ofs_x = 0, .ofs_y = 7}, /* U+002A */
    {.bitmap_index = 520, .adv_w = 168, .box_w = 9, .box_h = 8, .ofs_x = 1, .ofs_y = 2}, /* U+002B */
    {.bitmap_index = 556, .adv_w = 66, .box_w = 4, .box_h = 5, .ofs_x = 0, .ofs_y = -3}, /* U+002C */
    {.bitmap_index = 566, .adv_w = 110, .box_w = 5, .box_h = 2, .ofs_x = 1, .ofs_y = 4}, /* U+002D */
    {.bitmap_index = 571, .adv_w = 66, .box_w = 4, .box_h = 3, .ofs_x = 0, .ofs_y = 0}, /* U+002E */
    {.bitmap_index = 577, .adv_w = 102, .box_w = 8, .box_h = 18, .ofs_x = -1, .ofs_y = -2}, /* U+002F */
    {.bitmap_index = 649, .adv_w = 192, .box_w = 12, .box_h = 13, .ofs_x = 0, .ofs_y = 0}, /* U+0030 */
    {.bitmap_index = 727, .adv_w = 106, .box_w = 5, .box_h = 13, .ofs_x = 0, .ofs_y = 0}, /* U+0031 */
    {.bitmap_index = 760, .adv_w = 165, .box_w = 10, .box_h = 13, .ofs_x = 0, .ofs_y = 0}, /* U+0032 */
    {.bitmap_index = 825, .adv_w = 165, .box_w = 10, .box_h = 13, .ofs_x = 0, .ofs_y = 0}, /* U+0033 */
    {.bitmap_index = 890, .adv_w = 193, .box_w = 12, .box_h = 13, .ofs_x = 0, .ofs_y = 0}, /* U+0034 */
    {.bitmap_index = 968, .adv_w = 165, .box_w = 10, .box_h = 13, .ofs_x = 0, .ofs_y = 0}, /* U+0035 */
    {.bitmap_index = 1033, .adv_w = 178, .box_w = 11, .box_h = 13, .ofs_x = 0, .ofs_y = 0}, /* U+0036 */
    {.bitmap_index = 1105, .adv_w = 172, .box_w = 11, .box_h = 13, .ofs_x = 0, .ofs_y = 0}, /* U+0037 */
    {.bitmap_index = 1177, .adv_w = 186, .box_w = 11, .box_h = 13, .ofs_x = 0, .ofs_y = 0}, /* U+0038 */
    {.bitmap_index = 1249, .adv_w = 178, .box_w = 11, .box_h = 13, .ofs_x = 0, .ofs_y = 0}, /* U+0039 */
    {.bitmap_index = 1321, .adv_w = 66, .box_w = 4, .box_h = 10, .ofs_x = 0, .ofs_y = 0}, /* U+003A */
    {.bitmap_index = 1341, .adv_w = 66, .box_w = 4, .box_h = 13, .ofs_x = 0, .ofs_y = -3}, /* U+003B */
    {.bitmap_index = 1367, .adv_w = 168, .box_w = 9, .box_h = 9, .ofs_x = 1, .ofs_y = 2}, /* U+003C */
    {.bitmap_index = 1408, .adv_w = 168, .box_w = 9, .box_h = 6, .ofs_x = 1, .ofs_y = 4}, /* U+003D */
    {.bitmap_index = 1435, .adv_w = 168, .box_w = 9, .box_h = 9, .ofs_x = 1, .ofs_y = 2}, /* U+003E */
    {.bitmap_index = 1476, .adv_w = 165, .box_w = 10, .box_h = 13, .ofs_x = 0, .ofs_y = 0}, /* U+003F */
    {.bitmap_index = 1541, .adv_w = 298, .box_w = 18, .box_h = 17, .ofs_x = 0, .ofs_y = -4}, /* U+0040 */
    {.bitmap_index = 1694, .adv_w = 211, .box_w = 14, .box_h = 13, .ofs_x = 0, .ofs_y = 0}, /* U+0041 */
    {.bitmap_index = 1785, .adv_w = 218, .box_w = 12, .box_h = 13, .ofs_x = 1, .ofs_y = 0}, /* U+0042 */
    {.bitmap_index = 1863, .adv_w = 208, .box_w = 13, .box_h = 13, .ofs_x = 0, .ofs_y = 0}, /* U+0043 */
    {.bitmap_index = 1948, .adv_w = 238, .box_w = 13, .box_h = 13, .ofs_x = 1, .ofs_y = 0}, /* U+0044 */
    {.bitmap_index = 2033, .adv_w = 193, .box_w = 11, .box_h = 13, .ofs_x = 1, .ofs_y = 0}, /* U+0045 */
    {.bitmap_index = 2105, .adv_w = 183, .box_w = 10, .box_h = 13, .ofs_x = 1, .ofs_y = 0}, /* U+0046 */
    {.bitmap_index = 2170, .adv_w = 222, .box_w = 13, .box_h = 13, .ofs_x = 0, .ofs_y = 0}, /* U+0047 */
    {.bitmap_index = 2255, .adv_w = 234, .box_w = 12, .box_h = 13, .ofs_x = 1, .ofs_y = 0}, /* U+0048 */
    {.bitmap_index = 2333, .adv_w = 89, .box_w = 3, .box_h = 13, .ofs_x = 1, .ofs_y = 0}, /* U+0049 */
    {.bitmap_index = 2353, .adv_w = 148, .box_w = 9, .box_h = 13, .ofs_x = -1, .ofs_y = 0}, /* U+004A */
    {.bitmap_index = 2412, .adv_w = 207, .box_w = 12, .box_h = 13, .ofs_x = 1, .ofs_y = 0}, /* U+004B */
    {.bitmap_index = 2490, .adv_w = 171, .box_w = 10, .box_h = 13, .ofs_x = 1, .ofs_y = 0}, /* U+004C */
    {.bitmap_index = 2555, .adv_w = 275, .box_w = 15, .box_h = 13, .ofs_x = 1, .ofs_y = 0}, /* U+004D */
    {.bitmap_index = 2653, .adv_w = 234, .box_w = 12, .box_h = 13, .ofs_x = 1, .ofs_y = 0}, /* U+004E */
    {.bitmap_index = 2731, .adv_w = 242, .box_w = 15, .box_h = 13, .ofs_x = 0, .ofs_y = 0}, /* U+004F */
    {.bitmap_index = 2829, .adv_w = 208, .box_w = 12, .box_h = 13, .ofs_x = 1, .ofs_y = 0}, /* U+0050 */
    {.bitmap_index = 2907, .adv_w = 242, .box_w = 15, .box_h = 16, .ofs_x = 0, .ofs_y = -3}, /* U+0051 */
    {.bitmap_index = 3027, .adv_w = 209, .box_w = 12, .box_h = 13, .ofs_x = 1, .ofs_y = 0}, /* U+0052 */
    {.bitmap_index = 3105, .adv_w = 179, .box_w = 11, .box_h = 13, .ofs_x = 0, .ofs_y = 0}, /* U+0053 */
    {.bitmap_index = 3177, .adv_w = 169, .box_w = 11, .box_h = 13, .ofs_x = 0, .ofs_y = 0}, /* U+0054 */
    {.bitmap_index = 3249, .adv_w = 228, .box_w = 12, .box_h = 13, .ofs_x = 1, .ofs_y = 0}, /* U+0055 */
    {.bitmap_index = 3327, .adv_w = 205, .box_w = 13, .box_h = 13, .ofs_x = 0, .ofs_y = 0}, /* U+0056 */
    {.bitmap_index = 3412, .adv_w = 324, .box_w = 20, .box_h = 13, .ofs_x = 0, .ofs_y = 0}, /* U+0057 */
    {.bitmap_index = 3542, .adv_w = 194, .box_w = 12, .box_h = 13, .ofs_x = 0, .ofs_y = 0}, /* U+0058 */
    {.bitmap_index = 3620, .adv_w = 186, .box_w = 13, .box_h = 13, .ofs_x = -1, .ofs_y = 0}, /* U+0059 */
    {.bitmap_index = 3705, .adv_w = 189, .box_w = 12, .box_h = 13, .ofs_x = 0, .ofs_y = 0}, /* U+005A */
    {.bitmap_index = 3783, .adv_w = 96, .box_w = 5, .box_h = 18, .ofs_x = 1, .ofs_y = -4}, /* U+005B */
    {.bitmap_index = 3828, .adv_w = 102, .box_w = 8, .box_h = 18, .ofs_x = -1, .ofs_y = -2}, /* U+005C */
    {.bitmap_index = 3900, .adv_w = 96, .box_w = 5, .box_h = 18, .ofs_x = 0, .ofs_y = -4}, /* U+005D */
    {.bitmap_index = 3945, .adv_w = 168, .box_w = 9, .box_h = 8, .ofs_x = 1, .ofs_y = 3}, /* U+005E */
    {.bitmap_index = 3981, .adv_w = 144, .box_w = 9, .box_h = 2, .ofs_x = 0, .ofs_y = -1}, /* U+005F */
    {.bitmap_index = 3990, .adv_w = 173, .box_w = 5, .box_h = 3, .ofs_x = 2, .ofs_y = 11}, /* U+0060 */
    {.bitmap_index = 3998, .adv_w = 172, .box_w = 10, .box_h = 10, .ofs_x = 0, .ofs_y = 0}, /* U+0061 */
    {.bitmap_index = 4048, .adv_w = 196, .box_w = 11, .box_h = 14, .ofs_x = 1, .ofs_y = 0}, /* U+0062 */
    {.bitmap_index = 4125, .adv_w = 164, .box_w = 10, .box_h = 10, .ofs_x = 0, .ofs_y = 0}, /* U+0063 */
    {.bitmap_index = 4175, .adv_w = 196, .box_w = 11, .box_h = 14, .ofs_x = 0, .ofs_y = 0}, /* U+0064 */
    {.bitmap_index = 4252, .adv_w = 176, .box_w = 11, .box_h = 10, .ofs_x = 0, .ofs_y = 0}, /* U+0065 */
    {.bitmap_index = 4307, .adv_w = 102, .box_w = 7, .box_h = 14, .ofs_x = 0, .ofs_y = 0}, /* U+0066 */
    {.bitmap_index = 4356, .adv_w = 199, .box_w = 11, .box_h = 14, .ofs_x = 0, .ofs_y = -4}, /* U+0067 */
    {.bitmap_index = 4433, .adv_w = 196, .box_w = 10, .box_h = 14, .ofs_x = 1, .ofs_y = 0}, /* U+0068 */
    {.bitmap_index = 4503, .adv_w = 80, .box_w = 3, .box_h = 14, .ofs_x = 1, .ofs_y = 0}, /* U+0069 */
    {.bitmap_index = 4524, .adv_w = 82, .box_w = 6, .box_h = 18, .ofs_x = -2, .ofs_y = -4}, /* U+006A */
    {.bitmap_index = 4578, .adv_w = 178, .box_w = 10, .box_h = 14, .ofs_x = 1, .ofs_y = 0}, /* U+006B */
    {.bitmap_index = 4648, .adv_w = 80, .box_w = 3, .box_h = 14, .ofs_x = 1, .ofs_y = 0}, /* U+006C */
    {.bitmap_index = 4669, .adv_w = 304, .box_w = 17, .box_h = 10, .ofs_x = 1, .ofs_y = 0}, /* U+006D */
    {.bitmap_index = 4754, .adv_w = 196, .box_w = 10, .box_h = 10, .ofs_x = 1, .ofs_y = 0}, /* U+006E */
    {.bitmap_index = 4804, .adv_w = 183, .box_w = 11, .box_h = 10, .ofs_x = 0, .ofs_y = 0}, /* U+006F */
    {.bitmap_index = 4859, .adv_w = 196, .box_w = 11, .box_h = 14, .ofs_x = 1, .ofs_y = -4}, /* U+0070 */
    {.bitmap_index = 4936, .adv_w = 196, .box_w = 11, .box_h = 14, .ofs_x = 0, .ofs_y = -4}, /* U+0071 */
    {.bitmap_index = 5013, .adv_w = 118, .box_w = 6, .box_h = 10, .ofs_x = 1, .ofs_y = 0}, /* U+0072 */
    {.bitmap_index = 5043, .adv_w = 144, .box_w = 9, .box_h = 10, .ofs_x = 0, .ofs_y = 0}, /* U+0073 */
    {.bitmap_index = 5088, .adv_w = 119, .box_w = 7, .box_h = 12, .ofs_x = 0, .ofs_y = 0}, /* U+0074 */
    {.bitmap_index = 5130, .adv_w = 195, .box_w = 10, .box_h = 10, .ofs_x = 1, .ofs_y = 0}, /* U+0075 */
    {.bitmap_index = 5180, .adv_w = 161, .box_w = 11, .box_h = 10, .ofs_x = 0, .ofs_y = 0}, /* U+0076 */
    {.bitmap_index = 5235, .adv_w = 259, .box_w = 17, .box_h = 10, .ofs_x = 0, .ofs_y = 0}, /* U+0077 */
    {.bitmap_index = 5320, .adv_w = 159, .box_w = 10, .box_h = 10, .ofs_x = 0, .ofs_y = 0}, /* U+0078 */
    {.bitmap_index = 5370, .adv_w = 161, .box_w = 12, .box_h = 14, .ofs_x = -1, .ofs_y = -4}, /* U+0079 */
    {.bitmap_index = 5454, .adv_w = 150, .box_w = 9, .box_h = 10, .ofs_x = 0, .ofs_y = 0}, /* U+007A */
    {.bitmap_index = 5499, .adv_w = 101, .box_w = 5, .box_h = 18, .ofs_x = 1, .ofs_y = -4}, /* U+007B */
    {.bitmap_index = 5544, .adv_w = 86, .box_w = 3, .box_h = 18, .ofs_x = 1, .ofs_y = -4}, /* U+007C */
    {.bitmap_index = 5571, .adv_w = 101, .box_w = 6, .box_h = 18, .ofs_x = 0, .ofs_y = -4}, /* U+007D */
    {.bitmap_index = 5625, .adv_w = 168, .box_w = 9, .box_h = 3, .ofs_x = 1, .ofs_y = 5}, /* U+007E */
    {.bitmap_index = 5639, .adv_w = 186, .box_w = 12, .box_h = 13, .ofs_x = 0, .ofs_y = 0}, /* U+00A3 */
    {.bitmap_index = 5717, .adv_w = 121, .box_w = 7, .box_h = 7, .ofs_x = 0, .ofs_y = 7}, /* U+00B0 */
    {.bitmap_index = 5742, .adv_w = 168, .box_w = 9, .box_h = 11, .ofs_x = 1, .ofs_y = 0}, /* U+00B1 */
    {.bitmap_index = 5792, .adv_w = 77, .box_w = 3, .box_h = 3, .ofs_x = 1, .ofs_y = 4}, /* U+00B7 */
    {.bitmap_index = 5797, .adv_w = 242, .box_w = 15, .box_h = 17, .ofs_x = 0, .ofs_y = 0}, /* U+00D3 */
    {.bitmap_index = 5925, .adv_w = 168, .box_w = 8, .box_h = 8, .ofs_x = 1, .ofs_y = 2}, /* U+00D7 */
    {.bitmap_index = 5957, .adv_w = 183, .box_w = 11, .box_h = 14, .ofs_x = 0, .ofs_y = 0}, /* U+00F3 */
    {.bitmap_index = 6034, .adv_w = 211, .box_w = 14, .box_h = 17, .ofs_x = 0, .ofs_y = -4}, /* U+0104 */
    {.bitmap_index = 6153, .adv_w = 172, .box_w = 10, .box_h = 14, .ofs_x = 0, .ofs_y = -4}, /* U+0105 */
    {.bitmap_index = 6223, .adv_w = 208, .box_w = 13, .box_h = 17, .ofs_x = 0, .ofs_y = 0}, /* U+0106 */
    {.bitmap_index = 6334, .adv_w = 164, .box_w = 10, .box_h = 14, .ofs_x = 0, .ofs_y = 0}, /* U+0107 */
    {.bitmap_index = 6404, .adv_w = 193, .box_w = 11, .box_h = 17, .ofs_x = 1, .ofs_y = -4}, /* U+0118 */
    {.bitmap_index = 6498, .adv_w = 176, .box_w = 11, .box_h = 14, .ofs_x = 0, .ofs_y = -4}, /* U+0119 */
    {.bitmap_index = 6575, .adv_w = 174, .box_w = 11, .box_h = 13, .ofs_x = 0, .ofs_y = 0}, /* U+0141 */
    {.bitmap_index = 6647, .adv_w = 85, .box_w = 7, .box_h = 14, .ofs_x = -1, .ofs_y = 0}, /* U+0142 */
    {.bitmap_index = 6696, .adv_w = 234, .box_w = 12, .box_h = 17, .ofs_x = 1, .ofs_y = 0}, /* U+0143 */
    {.bitmap_index = 6798, .adv_w = 196, .box_w = 10, .box_h = 14, .ofs_x = 1, .ofs_y = 0}, /* U+0144 */
    {.bitmap_index = 6868, .adv_w = 179, .box_w = 11, .box_h = 17, .ofs_x = 0, .ofs_y = 0}, /* U+015A */
    {.bitmap_index = 6962, .adv_w = 144, .box_w = 9, .box_h = 14, .ofs_x = 0, .ofs_y = 0}, /* U+015B */
    {.bitmap_index = 7025, .adv_w = 189, .box_w = 12, .box_h = 17, .ofs_x = 0, .ofs_y = 0}, /* U+0179 */
    {.bitmap_index = 7127, .adv_w = 150, .box_w = 9, .box_h = 14, .ofs_x = 0, .ofs_y = 0}, /* U+017A */
    {.bitmap_index = 7190, .adv_w = 189, .box_w = 12, .box_h = 17, .ofs_x = 0, .ofs_y = 0}, /* U+017B */
    {.bitmap_index = 7292, .adv_w = 150, .box_w = 9, .box_h = 15, .ofs_x = 0, .ofs_y = 0}, /* U+017C */
    {.bitmap_index = 7360, .adv_w = 144, .box_w = 9, .box_h = 2, .ofs_x = 0, .ofs_y = 5}, /* U+2013 */
    {.bitmap_index = 7369, .adv_w = 120, .box_w = 7, .box_h = 5, .ofs_x = 0, .ofs_y = 9}, /* U+201C */
    {.bitmap_index = 7387, .adv_w = 120, .box_w = 7, .box_h = 5, .ofs_x = 0, .ofs_y = 9}, /* U+201D */
    {.bitmap_index = 7405, .adv_w = 120, .box_w = 7, .box_h = 5, .ofs_x = 0, .ofs_y = -3}, /* U+201E */
    {.bitmap_index = 7423, .adv_w = 90, .box_w = 4, .box_h = 3, .ofs_x = 1, .ofs_y = 3}, /* U+2022 */
    {.bitmap_index = 7429, .adv_w = 199, .box_w = 12, .box_h = 3, .ofs_x = 0, .ofs_y = 0}, /* U+2026 */
    {.bitmap_index = 7447, .adv_w = 232, .box_w = 14, .box_h = 13, .ofs_x = 0, .ofs_y = 0}, /* U+20AC */
    {.bitmap_index = 7538, .adv_w = 168, .box_w = 9, .box_h = 3, .ofs_x = 1, .ofs_y = 5}, /* U+2212 */
    {.bitmap_index = 7552, .adv_w = 288, .box_w = 19, .box_h = 18, .ofs_x = 0, .ofs_y = -2}, /* U+F001 */
    {.bitmap_index = 7723, .adv_w = 288, .box_w = 19, .box_h = 19, .ofs_x = 0, .ofs_y = -3}, /* U+F002 */
    {.bitmap_index = 7904, .adv_w = 288, .box_w = 18, .box_h = 14, .ofs_x = 0, .ofs_y = 0}, /* U+F008 */
    {.bitmap_index = 8030, .adv_w = 288, .box_w = 18, .box_h = 16, .ofs_x = 0, .ofs_y = -1}, /* U+F00B */
    {.bitmap_index = 8174, .adv_w = 288, .box_w = 18, .box_h = 14, .ofs_x = 0, .ofs_y = 0}, /* U+F00C */
    {.bitmap_index = 8300, .adv_w = 198, .box_w = 13, .box_h = 13, .ofs_x = 0, .ofs_y = 0}, /* U+F00D */
    {.bitmap_index = 8385, .adv_w = 288, .box_w = 17, .box_h = 18, .ofs_x = 0, .ofs_y = -2}, /* U+F011 */
    {.bitmap_index = 8538, .adv_w = 288, .box_w = 18, .box_h = 18, .ofs_x = 0, .ofs_y = -2}, /* U+F013 */
    {.bitmap_index = 8700, .adv_w = 324, .box_w = 21, .box_h = 16, .ofs_x = 0, .ofs_y = -1}, /* U+F015 */
    {.bitmap_index = 8868, .adv_w = 288, .box_w = 18, .box_h = 19, .ofs_x = 0, .ofs_y = -3}, /* U+F017 */
    {.bitmap_index = 9039, .adv_w = 288, .box_w = 18, .box_h = 18, .ofs_x = 0, .ofs_y = -2}, /* U+F019 */
    {.bitmap_index = 9201, .adv_w = 324, .box_w = 21, .box_h = 14, .ofs_x = 0, .ofs_y = 0}, /* U+F01C */
    {.bitmap_index = 9348, .adv_w = 288, .box_w = 18, .box_h = 19, .ofs_x = 0, .ofs_y = -3}, /* U+F021 */
    {.bitmap_index = 9519, .adv_w = 144, .box_w = 9, .box_h = 15, .ofs_x = 0, .ofs_y = -1}, /* U+F026 */
    {.bitmap_index = 9587, .adv_w = 216, .box_w = 14, .box_h = 15, .ofs_x = 0, .ofs_y = -1}, /* U+F027 */
    {.bitmap_index = 9692, .adv_w = 324, .box_w = 20, .box_h = 18, .ofs_x = 0, .ofs_y = -2}, /* U+F028 */
    {.bitmap_index = 9872, .adv_w = 288, .box_w = 18, .box_h = 14, .ofs_x = 0, .ofs_y = 0}, /* U+F03E */
    {.bitmap_index = 9998, .adv_w = 198, .box_w = 12, .box_h = 19, .ofs_x = 0, .ofs_y = -3}, /* U+F043 */
    {.bitmap_index = 10112, .adv_w = 252, .box_w = 12, .box_h = 16, .ofs_x = 2, .ofs_y = -1}, /* U+F048 */
    {.bitmap_index = 10208, .adv_w = 252, .box_w = 16, .box_h = 19, .ofs_x = 0, .ofs_y = -3}, /* U+F04B */
    {.bitmap_index = 10360, .adv_w = 252, .box_w = 16, .box_h = 16, .ofs_x = 0, .ofs_y = -1}, /* U+F04C */
    {.bitmap_index = 10488, .adv_w = 252, .box_w = 16, .box_h = 16, .ofs_x = 0, .ofs_y = -1}, /* U+F04D */
    {.bitmap_index = 10616, .adv_w = 252, .box_w = 12, .box_h = 16, .ofs_x = 2, .ofs_y = -1}, /* U+F051 */
    {.bitmap_index = 10712, .adv_w = 252, .box_w = 16, .box_h = 16, .ofs_x = 0, .ofs_y = -1}, /* U+F052 */
    {.bitmap_index = 10840, .adv_w = 180, .box_w = 11, .box_h = 16, .ofs_x = 0, .ofs_y = -1}, /* U+F053 */
    {.bitmap_index = 10928, .adv_w = 180, .box_w = 11, .box_h = 16, .ofs_x = 0, .ofs_y = -1}, /* U+F054 */
    {.bitmap_index = 11016, .adv_w = 288, .box_w = 18, .box_h = 18, .ofs_x = 0, .ofs_y = -2}, /* U+F05A */
    {.bitmap_index = 11178, .adv_w = 252, .box_w = 16, .box_h = 17, .ofs_x = 0, .ofs_y = -2}, /* U+F060 */
    {.bitmap_index = 11314, .adv_w = 252, .box_w = 16, .box_h = 17, .ofs_x = 0, .ofs_y = -2}, /* U+F061 */
    {.bitmap_index = 11450, .adv_w = 252, .box_w = 17, .box_h = 16, .ofs_x = -1, .ofs_y = -1}, /* U+F062 */
    {.bitmap_index = 11586, .adv_w = 252, .box_w = 17, .box_h = 16, .ofs_x = -1, .ofs_y = -1}, /* U+F063 */
    {.bitmap_index = 11722, .adv_w = 252, .box_w = 16, .box_h = 16, .ofs_x = 0, .ofs_y = -1}, /* U+F067 */
    {.bitmap_index = 11850, .adv_w = 252, .box_w = 16, .box_h = 4, .ofs_x = 0, .ofs_y = 5}, /* U+F068 */
    {.bitmap_index = 11882, .adv_w = 324, .box_w = 22, .box_h = 19, .ofs_x = -1, .ofs_y = -3}, /* U+F06C */
    {.bitmap_index = 12091, .adv_w = 324, .box_w = 21, .box_h = 14, .ofs_x = 0, .ofs_y = 0}, /* U+F06E */
    {.bitmap_index = 12238, .adv_w = 360, .box_w = 24, .box_h = 20, .ofs_x = -1, .ofs_y = -3}, /* U+F070 */
    {.bitmap_index = 12478, .adv_w = 324, .box_w = 21, .box_h = 19, .ofs_x = 0, .ofs_y = -3}, /* U+F071 */
    {.bitmap_index = 12678, .adv_w = 288, .box_w = 18, .box_h = 17, .ofs_x = 0, .ofs_y = -2}, /* U+F074 */
    {.bitmap_index = 12831, .adv_w = 252, .box_w = 16, .box_h = 10, .ofs_x = 0, .ofs_y = 2}, /* U+F077 */
    {.bitmap_index = 12911, .adv_w = 252, .box_w = 16, .box_h = 10, .ofs_x = 0, .ofs_y = 2}, /* U+F078 */
    {.bitmap_index = 12991, .adv_w = 360, .box_w = 24, .box_h = 15, .ofs_x = -1, .ofs_y = -1}, /* U+F079 */
    {.bitmap_index = 13171, .adv_w = 288, .box_w = 18, .box_h = 14, .ofs_x = 0, .ofs_y = 0}, /* U+F07B */
    {.bitmap_index = 13297, .adv_w = 288, .box_w = 18, .box_h = 18, .ofs_x = 0, .ofs_y = -2}, /* U+F093 */
    {.bitmap_index = 13459, .adv_w = 288, .box_w = 18, .box_h = 19, .ofs_x = 0, .ofs_y = -3}, /* U+F095 */
    {.bitmap_index = 13630, .adv_w = 252, .box_w = 16, .box_h = 17, .ofs_x = 0, .ofs_y = -2}, /* U+F0C4 */
    {.bitmap_index = 13766, .adv_w = 252, .box_w = 16, .box_h = 19, .ofs_x = 0, .ofs_y = -3}, /* U+F0C5 */
    {.bitmap_index = 13918, .adv_w = 252, .box_w = 16, .box_h = 17, .ofs_x = 0, .ofs_y = -2}, /* U+F0C7 */
    {.bitmap_index = 14054, .adv_w = 252, .box_w = 16, .box_h = 14, .ofs_x = 0, .ofs_y = 0}, /* U+F0C9 */
    {.bitmap_index = 14166, .adv_w = 288, .box_w = 18, .box_h = 13, .ofs_x = 0, .ofs_y = 0}, /* U+F0E0 */
    {.bitmap_index = 14283, .adv_w = 180, .box_w = 12, .box_h = 18, .ofs_x = 0, .ofs_y = -2}, /* U+F0E7 */
    {.bitmap_index = 14391, .adv_w = 252, .box_w = 16, .box_h = 18, .ofs_x = 0, .ofs_y = -2}, /* U+F0EA */
    {.bitmap_index = 14535, .adv_w = 252, .box_w = 16, .box_h = 19, .ofs_x = 0, .ofs_y = -3}, /* U+F0F3 */
    {.bitmap_index = 14687, .adv_w = 324, .box_w = 21, .box_h = 14, .ofs_x = 0, .ofs_y = 0}, /* U+F11C */
    {.bitmap_index = 14834, .adv_w = 288, .box_w = 18, .box_h = 19, .ofs_x = 0, .ofs_y = -3}, /* U+F124 */
    {.bitmap_index = 15005, .adv_w = 252, .box_w = 16, .box_h = 19, .ofs_x = 0, .ofs_y = -3}, /* U+F133 */
    {.bitmap_index = 15157, .adv_w = 216, .box_w = 14, .box_h = 19, .ofs_x = 0, .ofs_y = -3}, /* U+F15B */
    {.bitmap_index = 15290, .adv_w = 288, .box_w = 19, .box_h = 18, .ofs_x = 0, .ofs_y = -2}, /* U+F185 */
    {.bitmap_index = 15461, .adv_w = 288, .box_w = 19, .box_h = 14, .ofs_x = -1, .ofs_y = 0}, /* U+F1B9 */
    {.bitmap_index = 15594, .adv_w = 216, .box_w = 14, .box_h = 19, .ofs_x = 0, .ofs_y = -3}, /* U+F1E6 */
    {.bitmap_index = 15727, .adv_w = 360, .box_w = 23, .box_h = 16, .ofs_x = 0, .ofs_y = -1}, /* U+F1EB */
    {.bitmap_index = 15911, .adv_w = 288, .box_w = 18, .box_h = 14, .ofs_x = 0, .ofs_y = 0}, /* U+F201 */
    {.bitmap_index = 16037, .adv_w = 360, .box_w = 23, .box_h = 12, .ofs_x = 0, .ofs_y = 1}, /* U+F240 */
    {.bitmap_index = 16175, .adv_w = 360, .box_w = 23, .box_h = 12, .ofs_x = 0, .ofs_y = 1}, /* U+F241 */
    {.bitmap_index = 16313, .adv_w = 360, .box_w = 23, .box_h = 12, .ofs_x = 0, .ofs_y = 1}, /* U+F242 */
    {.bitmap_index = 16451, .adv_w = 360, .box_w = 23, .box_h = 12, .ofs_x = 0, .ofs_y = 1}, /* U+F243 */
    {.bitmap_index = 16589, .adv_w = 360, .box_w = 23, .box_h = 12, .ofs_x = 0, .ofs_y = 1}, /* U+F244 */
    {.bitmap_index = 16727, .adv_w = 288, .box_w = 18, .box_h = 16, .ofs_x = 0, .ofs_y = -1}, /* U+F275 */
    {.bitmap_index = 16871, .adv_w = 360, .box_w = 23, .box_h = 14, .ofs_x = 0, .ofs_y = 0}, /* U+F287 */
    {.bitmap_index = 17032, .adv_w = 252, .box_w = 14, .box_h = 18, .ofs_x = 1, .ofs_y = -2}, /* U+F293 */
    {.bitmap_index = 17158, .adv_w = 144, .box_w = 10, .box_h = 18, .ofs_x = 0, .ofs_y = -2}, /* U+F2C9 */
    {.bitmap_index = 17248, .adv_w = 288, .box_w = 19, .box_h = 18, .ofs_x = 0, .ofs_y = -2}, /* U+F2DB */
    {.bitmap_index = 17419, .adv_w = 252, .box_w = 16, .box_h = 19, .ofs_x = 0, .ofs_y = -3}, /* U+F2ED */
    {.bitmap_index = 17571, .adv_w = 288, .box_w = 18, .box_h = 19, .ofs_x = 0, .ofs_y = -3}, /* U+F304 */
    {.bitmap_index = 17742, .adv_w = 324, .box_w = 21, .box_h = 17, .ofs_x = 0, .ofs_y = -2}, /* U+F3FD */
    {.bitmap_index = 17921, .adv_w = 324, .box_w = 21, .box_h = 18, .ofs_x = 0, .ofs_y = -2}, /* U+F4D3 */
    {.bitmap_index = 18110, .adv_w = 360, .box_w = 23, .box_h = 19, .ofs_x = 0, .ofs_y = -3}, /* U+F519 */
    {.bitmap_index = 18329, .adv_w = 288, .box_w = 18, .box_h = 19, .ofs_x = 0, .ofs_y = -3}, /* U+F51E */
    {.bitmap_index = 18500, .adv_w = 360, .box_w = 23, .box_h = 17, .ofs_x = 0, .ofs_y = -2}, /* U+F53A */
    {.bitmap_index = 18696, .adv_w = 288, .box_w = 18, .box_h = 17, .ofs_x = 0, .ofs_y = -2}, /* U+F555 */
    {.bitmap_index = 18849, .adv_w = 360, .box_w = 23, .box_h = 14, .ofs_x = 0, .ofs_y = 0}, /* U+F55A */
    {.bitmap_index = 19010, .adv_w = 360, .box_w = 23, .box_h = 19, .ofs_x = 0, .ofs_y = -3}, /* U+F5BA */
    {.bitmap_index = 19229, .adv_w = 216, .box_w = 14, .box_h = 19, .ofs_x = 0, .ofs_y = -3}, /* U+F7C2 */
    {.bitmap_index = 19362, .adv_w = 290, .box_w = 19, .box_h = 12, .ofs_x = -1, .ofs_y = 1}, /* U+F8A2 */
};

static const uint16_t unicode_list_1[] = {
    0x0, 0xd, 0xe, 0x14, 0x30, 0x34, 0x50, 0x61,
    0x62, 0x63, 0x64, 0x75, 0x76, 0x9e, 0x9f, 0xa0,
    0xa1, 0xb7, 0xb8, 0xd6, 0xd7, 0xd8, 0xd9, 0x1f70,
    0x1f79, 0x1f7a, 0x1f7b, 0x1f7f, 0x1f83, 0x2009, 0x216f, 0xef5e,
    0xef5f, 0xef65, 0xef68, 0xef69, 0xef6a, 0xef6e, 0xef70, 0xef72,
    0xef74, 0xef76, 0xef79, 0xef7e, 0xef83, 0xef84, 0xef85, 0xef9b,
    0xefa0, 0xefa5, 0xefa8, 0xefa9, 0xefaa, 0xefae, 0xefaf, 0xefb0,
    0xefb1, 0xefb7, 0xefbd, 0xefbe, 0xefbf, 0xefc0, 0xefc4, 0xefc5,
    0xefc9, 0xefcb, 0xefcd, 0xefce, 0xefd1, 0xefd4, 0xefd5, 0xefd6,
    0xefd8, 0xeff0, 0xeff2, 0xf021, 0xf022, 0xf024, 0xf026, 0xf03d,
    0xf044, 0xf047, 0xf050, 0xf079, 0xf081, 0xf090, 0xf0b8, 0xf0e2,
    0xf116, 0xf143, 0xf148, 0xf15e, 0xf19d, 0xf19e, 0xf19f, 0xf1a0,
    0xf1a1, 0xf1d2, 0xf1e4, 0xf1f0, 0xf226, 0xf238, 0xf24a, 0xf261,
    0xf35a, 0xf430, 0xf476, 0xf47b, 0xf497, 0xf4b2, 0xf4b7, 0xf517,
    0xf71f, 0xf7ff,
};

static const lv_font_fmt_txt_cmap_t cmaps[] = {
    {
        .range_start = 32, .range_length = 95, .glyph_id_start = 1,
        .unicode_list = NULL, .glyph_id_ofs_list = NULL, .list_length = 0, .type = LV_FONT_FMT_TXT_CMAP_FORMAT0_TINY
    },
    {
        .range_start = 163, .range_length = 63488, .glyph_id_start = 96,
        .unicode_list = unicode_list_1, .glyph_id_ofs_list = NULL, .list_length = 114, .type = LV_FONT_FMT_TXT_CMAP_SPARSE_TINY
    }
};

static const lv_font_fmt_txt_dsc_t font_dsc = {
    .glyph_bitmap = glyph_bitmap,
    .glyph_dsc = glyph_dsc,
    .cmaps = cmaps,
    .kern_dsc = NULL,
    .kern_scale = 0,
    .cmap_num = 2,
    .bpp = 4,
    .kern_classes = 0,
    .bitmap_format = 0,
};

extern const lv_font_t font_pl_18;   /* external linkage also when compiled as C++ */
const lv_font_t font_pl_18 = {
    .get_glyph_dsc = lv_font_get_glyph_dsc_fmt_txt,
    .get_glyph_bitmap = lv_font_get_bitmap_fmt_txt,
    .line_height = 21,
    .base_line = 4,
    .subpx = LV_FONT_SUBPX_NONE,
    .underline_position = -1,
    .underline_thickness = 1,
    .dsc = &font_dsc,
    .fallback = NULL,
    .user_data = NULL,
};
