/* Generated by fontgen.py (Montserrat Medium + Font Awesome 5), size 32 px, bpp 4 */
#ifdef LV_LVGL_H_INCLUDE_SIMPLE
#include "lvgl.h"
#else
#include "lvgl.h"
#endif

static LV_ATTRIBUTE_LARGE_CONST const uint8_t glyph_bitmap[] = {
    0x7f, 0xff, 0x17, 0xff, 0xf1, 0x6f, 0xff, 0x6, 0xff, 0xf0, 0x5f, 0xfe, 0x4, 0xff, 0xd0, 0x4f,
    0xfd, 0x3, 0xff, 0xc0, 0x3f, 0xfb, 0x2, 0xff, 0xb0, 0x1f, 0xfa, 0x1, 0xff, 0xa0, 0xf, 0xf9,
    0x0, 0xff, 0x80, 0xe, 0xf8, 0x0, 0x0, 0x0, 0x0, 0x0, 0x0, 0x0, 0x0, 0x2c, 0xe9, 0xa,
    0xff, 0xf4, 0xaf, 0xff, 0x42, 0xce, 0x90, 0xff, 0xa0, 0x3, 0xff, 0x7e, 0xfa, 0x0, 0x2f, 0xf7,
    0xef, 0xa0, 0x2, 0xff, 0x7e, 0xf9, 0x0, 0x2f, 0xf6, 0xdf, 0x90, 0x1, 0xff, 0x6d, 0xf9, 0x0,
    0x1f, 0xf5, 0xdf, 0x80, 0x1, 0xff, 0x5c, 0xf8, 0x0, 0xf, 0xf5, 0xcf, 0x70, 0x0, 0xff, 0x40,
    0x0, 0x0, 0x0, 0xb, 0xf8, 0x0, 0x0, 0x7, 0xfd, 0x0, 0x0, 0x0, 0x0, 0x0, 0xd, 0xf6,
    0x0, 0x0, 0x9, 0xfb, 0x0, 0x0, 0x0, 0x0, 0x0, 0xf, 0xf4, 0x0, 0x0, 0xb, 0xf9, 0x0,
    0x0, 0x0, 0x0, 0x0, 0x2f, 0xf2, 0x0, 0x0, 0xd, 0xf6, 0x0, 0x0, 0x0, 0x0, 0x0, 0x4f,
    0xf0, 0x0, 0x0, 0xf, 0xf4, 0x0, 0x0, 0x2, 0xff, 0xff, 0xff, 0xff, 0xff, 0xff, 0xff, 0xff,
    0xff, 0xf9, 0x2, 0xff, 0xff, 0xff, 0xff, 0xff, 0xff, 0xff, 0xff, 0xff, 0xf9, 0x1, 0xaa, 0xaa,
    0xdf, 0xda, 0xaa, 0xaa, 0xcf, 0xfa, 0xaa, 0xa6, 0x0, 0x0, 0x0, 0xbf, 0x80, 0x0, 0x0, 0x7f,
    0xc0, 0x0, 0x0, 0x0, 0x0, 0x0, 0xdf, 0x60, 0x0, 0x0, 0x9f, 0xa0, 0x0, 0x0, 0x0, 0x0,
    0x0, 0xff, 0x40, 0x0, 0x0, 0xaf, 0x90, 0x0, 0x0, 0x0, 0x0, 0x2, 0xff, 0x20, 0x0, 0x0,
    0xcf, 0x70, 0x0, 0x0, 0x0, 0x0, 0x4, 0xff, 0x10, 0x0, 0x0, 0xef, 0x50, 0x0, 0x0, 0x0,
    0x0, 0x6, 0xfe, 0x0, 0x0, 0x1, 0xff, 0x30, 0x0, 0x0, 0x2f, 0xff, 0xff, 0xff, 0xff, 0xff,
    0xff, 0xff, 0xff, 0xff, 0x90, 0x2f, 0xff, 0xff, 0xff, 0xff, 0xff, 0xff, 0xff, 0xff, 0xff, 0x90,
    0x1a, 0xaa, 0xae, 0xfd, 0xaa, 0xaa, 0xac, 0xfe, 0xaa, 0xaa, 0x60, 0x0, 0x0, 0xc, 0xf7, 0x0,
    0x0, 0x8, 0xfb, 0x0, 0x0, 0x0, 0x0, 0x0, 0xe, 0xf5, 0x0, 0x0, 0xa, 0xfa, 0x0, 0x0,
    0x0, 0x0, 0x0, 0x1f, 0xf3, 0x0, 0x0, 0xc, 0xf8, 0x0, 0x0, 0x0, 0x0, 0x0, 0x3f, 0xf1,
    0x0, 0x0, 0xe, 0xf6, 0x0, 0x0, 0x0, 0x0, 0x0, 0x5f, 0xe0, 0x0, 0x0, 0x1f, 0xf4, 0x0,
    0x0, 0x0, 0x0, 0x0, 0x0, 0x0, 0xef, 0x20, 0x0, 0x0, 0x0, 0x0, 0x0, 0x0, 0x0, 0xef,
    0x20, 0x0, 0x0, 0x0, 0x0, 0x0, 0x0, 0x0, 0xef, 0x20, 0x0, 0x0, 0x0, 0x0, 0x0, 0x0,
    0x0, 0xef, 0x20, 0x0, 0x0, 0x0, 0x0, 0x0, 0x28, 0xce, 0xff, 0xfe, 0xb8, 0x30, 0x0, 0x0,
    0x19, 0xff, 0xff, 0xff, 0xff, 0xff, 0xfb, 0x30, 0x0, 0xbf, 0xff, 0xeb, 0xff, 0xbc, 0xff, 0xff,
    0x50, 0x7, 0xff, 0xf7, 0x10, 0xef, 0x20, 0x5, 0xce, 0x0, 0xd, 0xff, 0x70, 0x0, 0xef, 0x20,
    0x0, 0x2, 0x0, 0x1f, 0xff, 0x10, 0x0, 0xef, 0x20, 0x0, 0x0, 0x0, 0x1f, 0xff, 0x10, 0x0,
    0xef, 0x20, 0x0, 0x0, 0x0, 0xe, 0xff, 0x70, 0x0, 0xef, 0x20, 0x0, 0x0, 0x0, 0x8, 0xff,
    0xfa, 0x30, 0xef, 0x20, 0x0, 0x0, 0x0, 0x1, 0xcf, 0xff, 0xfd, 0xff, 0x30, 0x0, 0x0, 0x0,
    0x0, 0x19, 0xff, 0xff, 0xff, 0xfc, 0x83, 0x0, 0x0, 0x0, 0x0, 0x28, 0xcf, 0xff, 0xff, 0xff,
    0xb3, 0x0, 0x0, 0x0, 0x0, 0x1, 0xef, 0xef, 0xff, 0xfe, 0x40, 0x0, 0x0, 0x0, 0x0, 0xef,
    0x23, 0x9f, 0xff, 0xe1, 0x0, 0x0, 0x0, 0x0, 0xef, 0x20, 0x3, 0xff, 0xf6, 0x0, 0x0, 0x0,
    0x0, 0xef, 0x20, 0x0, 0xaf, 0xf8, 0x0, 0x0, 0x0, 0x0, 0xef, 0x20, 0x0, 0x9f, 0xf8, 0xb,
    0x50, 0x0, 0x0, 0xef, 0x20, 0x1, 0xef, 0xf5, 0x4f, 0xfc, 0x51, 0x0, 0xef, 0x20, 0x3c, 0xff,
    0xd0, 0x6f, 0xff, 0xff, 0xcb, 0xff, 0xbd, 0xff, 0xff, 0x40, 0x3, 0xbf, 0xff, 0xff, 0xff, 0xff,
    0xff, 0xd4, 0x0, 0x0, 0x3, 0x7b, 0xde, 0xff, 0xfe, 0xb6, 0x0, 0x0, 0x0, 0x0, 0x0, 0x0,
    0xef, 0x30, 0x0, 0x0, 0x0, 0x0, 0x0, 0x0, 0x0, 0xef, 0x20, 0x0, 0x0, 0x0, 0x0, 0x0,
    0x0, 0x0, 0xef, 0x20, 0x0, 0x0, 0x0, 0x0, 0x0, 0x0, 0x0, 0x77, 0x10, 0x0, 0x0, 0x0,
    0x0, 0x2a, 0xef, 0xd8, 0x10, 0x0, 0x0, 0x0, 0x0, 0x7f, 0xe1, 0x0, 0x0, 0x4e, 0xfe, 0xdf,
    0xfd, 0x20, 0x0, 0x0, 0x0, 0x3f, 0xf5, 0x0, 0x0, 0x1e, 0xf9, 0x10, 0x1b, 0xfb, 0x0, 0x0,
    0x0, 0xc, 0xfa, 0x0, 0x0, 0x6, 0xfc, 0x0, 0x0, 0x1e, 0xf3, 0x0, 0x0, 0x8, 0xfd, 0x10,
    0x0, 0x0, 0xaf, 0x70, 0x0, 0x0, 0xaf, 0x70, 0x0, 0x4, 0xff, 0x40, 0x0, 0x0, 0xc, 0xf5,
    0x0, 0x0, 0x8, 0xf8, 0x0, 0x1, 0xdf, 0x80, 0x0, 0x0, 0x0, 0xcf, 0x50, 0x0, 0x0, 0x8f,
    0x80, 0x0, 0x9f, 0xc0, 0x0, 0x0, 0x0, 0xa, 0xf7, 0x0, 0x0, 0xa, 0xf6, 0x0, 0x5f, 0xf3,
    0x0, 0x0, 0x0, 0x0, 0x5f, 0xd0, 0x0, 0x2, 0xff, 0x20, 0x1e, 0xf7, 0x0, 0x0, 0x0, 0x0,
    0x0, 0xcf, 0xb2, 0x3, 0xcf, 0x90, 0xa, 0xfb, 0x0, 0x0, 0x0, 0x0, 0x0, 0x2, 0xdf, 0xff,
    0xff, 0xb1, 0x6, 0xfe, 0x20, 0x18, 0xdf, 0xe9, 0x20, 0x0, 0x1, 0x7b, 0xca, 0x50, 0x2, 0xef,
    0x60, 0x2d, 0xfe, 0xce, 0xfe, 0x30, 0x0, 0x0, 0x0, 0x0, 0x0, 0xcf, 0xa0, 0xb, 0xfa, 0x10,
    0x9, 0xfd, 0x0, 0x0, 0x0, 0x0, 0x0, 0x7f, 0xe1, 0x3, 0xfe, 0x10, 0x0, 0xd, 0xf6, 0x0,
    0x0, 0x0, 0x0, 0x3f, 0xf4, 0x0, 0x7f, 0x90, 0x0, 0x0, 0x7f, 0xa0, 0x0, 0x0, 0x0, 0xd,
    0xf9, 0x0, 0x9, 0xf7, 0x0, 0x0, 0x5, 0xfb, 0x0, 0x0, 0x0, 0x9, 0xfd, 0x10, 0x0, 0x9f,
    0x70, 0x0, 0x0, 0x5f, 0xb0, 0x0, 0x0, 0x4, 0xff, 0x30, 0x0, 0x7, 0xf9, 0x0, 0x0, 0x7,
    0xfa, 0x0, 0x0, 0x1, 0xdf, 0x80, 0x0, 0x0, 0x3f, 0xe1, 0x0, 0x0, 0xdf, 0x60, 0x0, 0x0,
    0xaf, 0xc0, 0x0, 0x0, 0x0, 0xbf, 0xa1, 0x1, 0x9f, 0xd0, 0x0, 0x0, 0x5f, 0xe2, 0x0, 0x0,
    0x0, 0x2, 0xdf, 0xfd, 0xef, 0xe3, 0x0, 0x0, 0x2e, 0xf6, 0x0, 0x0, 0x0, 0x0, 0x1, 0x9d,
    0xfe, 0x92, 0x0, 0x0, 0x0, 0x2, 0x8c, 0xef, 0xda, 0x40, 0x0, 0x0, 0x0, 0x0, 0x0, 0x5,
    0xef, 0xff, 0xff, 0xff, 0x80, 0x0, 0x0, 0x0, 0x0, 0x2, 0xff, 0xfe, 0xcb, 0xdf, 0xff, 0x40,
    0x0, 0x0, 0x0, 0x0, 0x9f, 0xfc, 0x10, 0x0, 0x7f, 0xfa, 0x0, 0x0, 0x0, 0x0, 0xc, 0xff,
    0x30, 0x0, 0x0, 0xdf, 0xc0, 0x0, 0x0, 0x0, 0x0, 0xbf, 0xf1, 0x0, 0x0, 0xe, 0xfb, 0x0,
    0x0, 0x0, 0x0, 0x8, 0xff, 0x60, 0x0, 0x6, 0xff, 0x60, 0x0, 0x0, 0x0, 0x0, 0x2f, 0xfe,
    0x20, 0x8, 0xff, 0xb0, 0x0, 0x0, 0x0, 0x0, 0x0, 0x7f, 0xfd, 0x6d, 0xff, 0xb1, 0x0, 0x0,
    0x0, 0x0, 0x0, 0x0, 0x9f, 0xff, 0xff, 0x70, 0x0, 0x0, 0x0, 0x0, 0x0, 0x0, 0x3c, 0xff,
    0xff, 0x60, 0x0, 0x0, 0x0, 0x0, 0x0, 0x0, 0x8f, 0xff, 0xcf, 0xfe, 0x50, 0x0, 0x0, 0x20,
    0x0, 0x0, 0xaf, 0xfc, 0x30, 0x7f, 0xff, 0x60, 0x0, 0x4f, 0xd3, 0x0, 0x9f, 0xfa, 0x0, 0x0,
    0x5f, 0xff, 0x70, 0x9, 0xff, 0x10, 0x2f, 0xfd, 0x10, 0x0, 0x0, 0x4e, 0xff, 0x81, 0xef, 0xc0,
    0x7, 0xff, 0x80, 0x0, 0x0, 0x0, 0x3e, 0xff, 0xdf, 0xf5, 0x0, 0x8f, 0xf8, 0x0, 0x0, 0x0,
    0x0, 0x2d, 0xff, 0xfc, 0x0, 0x6, 0xff, 0xd1, 0x0, 0x0, 0x0, 0x0, 0x6f, 0xff, 0xc1, 0x0,
    0x1e, 0xff, 0xc4, 0x0, 0x0, 0x3, 0x9f, 0xff, 0xff, 0xc1, 0x0, 0x6f, 0xff, 0xfe, 0xca, 0xbe,
    0xff, 0xfe, 0x5b, 0xff, 0xd2, 0x0, 0x5d, 0xff, 0xff, 0xff, 0xff, 0xfa, 0x20, 0x1b, 0xfe, 0x20,
    0x0, 0x6, 0xad, 0xef, 0xec, 0x83, 0x0, 0x0, 0x1b, 0x30, 0xff, 0xae, 0xfa, 0xef, 0xae, 0xf9,
    0xdf, 0x9d, 0xf9, 0xdf, 0x8c, 0xf8, 0xcf, 0x70, 0x0, 0x6, 0xff, 0x70, 0x0, 0xdf, 0xe1, 0x0,
    0x7f, 0xf8, 0x0, 0xd, 0xff, 0x10, 0x3, 0xff, 0xb0, 0x0, 0x8f, 0xf6, 0x0, 0xd, 0xff, 0x10,
    0x2, 0xff, 0xd0, 0x0, 0x4f, 0xfa, 0x0, 0x7, 0xff, 0x80, 0x0, 0xaf, 0xf5, 0x0, 0xb, 0xff,
    0x40, 0x0, 0xcf, 0xf3, 0x0, 0xd, 0xff, 0x20, 0x0, 0xef, 0xf1, 0x0, 0xe, 0xff, 0x10, 0x0,
    0xdf, 0xf2, 0x0, 0xc, 0xff, 0x30, 0x0, 0xbf, 0xf4, 0x0, 0xa, 0xff, 0x50, 0x0, 0x7f, 0xf8,
    0x0, 0x4, 0xff, 0xa0, 0x0, 0x2f, 0xfd, 0x0, 0x0, 0xdf, 0xf1, 0x0, 0x8, 0xff, 0x60, 0x0,
    0x3f, 0xfb, 0x0, 0x0, 0xdf, 0xf1, 0x0, 0x6, 0xff, 0x80, 0x0, 0xd, 0xfe, 0x10, 0x0, 0x6f,
    0xf8, 0xbf, 0xf3, 0x0, 0x4, 0xff, 0xb0, 0x0, 0xc, 0xff, 0x40, 0x0, 0x5f, 0xfb, 0x0, 0x0,
    0xef, 0xf1, 0x0, 0xa, 0xff, 0x60, 0x0, 0x5f, 0xfa, 0x0, 0x1, 0xff, 0xe0, 0x0, 0xd, 0xff,
    0x20, 0x0, 0xbf, 0xf5, 0x0, 0x8, 0xff, 0x70, 0x0, 0x6f, 0xf9, 0x0, 0x6, 0xff, 0xa0, 0x0,
    0x5f, 0xfa, 0x0, 0x4, 0xff, 0xb0, 0x0, 0x4f, 0xfb, 0x0, 0x5, 0xff, 0xa0, 0x0, 0x6f, 0xf9,
    0x0, 0x6, 0xff, 0x90, 0x0, 0x8f, 0xf7, 0x0, 0xb, 0xff, 0x40, 0x0, 0xdf, 0xf2, 0x0, 0x1f,
    0xfe, 0x0, 0x5, 0xff, 0xa0, 0x0, 0xaf, 0xf5, 0x0, 0xe, 0xff, 0x10, 0x5, 0xff, 0xa0, 0x0,
    0xcf, 0xf4, 0x0, 0x4f, 0xfb, 0x0, 0xb, 0xff, 0x30, 0x0, 0x0, 0x0, 0x8, 0xf5, 0x0, 0x0,
    0x0, 0x0, 0x0, 0x8f, 0x50, 0x0, 0x0, 0x7, 0x40, 0x8, 0xf5, 0x0, 0x65, 0x2, 0xff, 0xa2,
    0x8f, 0x54, 0xcf, 0xd1, 0x7, 0xef, 0xfd, 0xfc, 0xff, 0xd5, 0x0, 0x1, 0x8f, 0xff, 0xfe, 0x70,
    0x0, 0x0, 0x6, 0xef, 0xff, 0xd5, 0x0, 0x0, 0x4d, 0xff, 0xef, 0xef, 0xfb, 0x30, 0x3f, 0xfc,
    0x48, 0xf5, 0x6e, 0xfe, 0x10, 0x96, 0x0, 0x8f, 0x50, 0x18, 0x60, 0x0, 0x0, 0x8, 0xf5, 0x0,
    0x0, 0x0, 0x0, 0x0, 0x8f, 0x50, 0x0, 0x0, 0x0, 0x0, 0x0, 0xff, 0xa0, 0x0, 0x0, 0x0,
    0x0, 0x0, 0xf, 0xfa, 0x0, 0x0, 0x0, 0x0, 0x0, 0x0, 0xff, 0xa0, 0x0, 0x0, 0x0, 0x0,
    0x0, 0xf, 0xfa, 0x0, 0x0, 0x0, 0x0, 0x0, 0x0, 0xff, 0xa0, 0x0, 0x0, 0x0, 0x0, 0x0,
    0xf, 0xfa, 0x0, 0x0, 0x0, 0xdf, 0xff, 0xff, 0xff, 0xff, 0xff, 0xff, 0x7d, 0xff, 0xff, 0xff,
    0xff, 0xff, 0xff, 0xf7, 0x9a, 0xaa, 0xaa, 0xff, 0xda, 0xaa, 0xaa, 0x50, 0x0, 0x0, 0xf, 0xfa,
    0x0, 0x0, 0x0, 0x0, 0x0, 0x0, 0xff, 0xa0, 0x0, 0x0, 0x0, 0x0, 0x0, 0xf, 0xfa, 0x0,
    0x0, 0x0, 0x0, 0x0, 0x0, 0xff, 0xa0, 0x0, 0x0, 0x0, 0x0, 0x0, 0xf, 0xfa, 0x0, 0x0,
    0x0, 0x9, 0xec, 0x25, 0xff, 0xf9, 0x6f, 0xff, 0xb2, 0xef, 0xf8, 0x4, 0xff, 0x30, 0x7f, 0xd0,
    0xa, 0xf8, 0x0, 0xef, 0x30, 0x3f, 0xd0, 0x0, 0x2a, 0xaa, 0xaa, 0xaa, 0xa4, 0x3f, 0xff, 0xff,
    0xff, 0xf7, 0x3f, 0xff, 0xff, 0xff, 0xf7, 0xa, 0xec, 0x26, 0xff, 0xfa, 0x6f, 0xff, 0xa0, 0xae,
    0xc2, 0x0, 0x0, 0x0, 0x0, 0x0, 0x8f, 0xf4, 0x0, 0x0, 0x0, 0x0, 0x0, 0xdf, 0xe0, 0x0,
    0x0, 0x0, 0x0, 0x3, 0xff, 0x90, 0x0, 0x0, 0x0, 0x0, 0x9, 0xff, 0x30, 0x0, 0x0, 0x0,
    0x0, 0xe, 0xfd, 0x0, 0x0, 0x0, 0x0, 0x0, 0x4f, 0xf8, 0x0, 0x0, 0x0, 0x0, 0x0, 0xaf,
    0xf2, 0x0, 0x0, 0x0, 0x0, 0x1, 0xef, 0xc0, 0x0, 0x0, 0x0, 0x0, 0x5, 0xff, 0x70, 0x0,
    0x0, 0x0, 0x0, 0xa, 0xff, 0x20, 0x0, 0x0, 0x0, 0x0, 0x1f, 0xfb, 0x0, 0x0, 0x0, 0x0,
    0x0, 0x6f, 0xf6, 0x0, 0x0, 0x0, 0x0, 0x0, 0xbf, 0xf1, 0x0, 0x0, 0x0, 0x0, 0x2, 0xff,
    0xb0, 0x0, 0x0, 0x0, 0x0, 0x7, 0xff, 0x50, 0x0, 0x0, 0x0, 0x0, 0xc, 0xfe, 0x10, 0x0,
    0x0, 0x0, 0x0, 0x2f, 0xfa, 0x0, 0x0, 0x0, 0x0, 0x0, 0x8f, 0xf4, 0x0, 0x0, 0x0, 0x0,
    0x0, 0xdf, 0xe0, 0x0, 0x0, 0x0, 0x0, 0x3, 0xff, 0x90, 0x0, 0x0, 0x0, 0x0, 0x8, 0xff,
    0x40, 0x0, 0x0, 0x0, 0x0, 0xd, 0xfd, 0x0, 0x0, 0x0, 0x0, 0x0, 0x4f, 0xf8, 0x0, 0x0,
    0x0, 0x0, 0x0, 0x9f, 0xf3, 0x0, 0x0, 0x0, 0x0, 0x0, 0xef, 0xc0, 0x0, 0x0, 0x0, 0x0,
    0x5, 0xff, 0x70, 0x0, 0x0, 0x0, 0x0, 0xa, 0xff, 0x20, 0x0, 0x0, 0x0, 0x0, 0x1e, 0xfc,
    0x0, 0x0, 0x0, 0x0, 0x0, 0x6f, 0xf6, 0x0, 0x0, 0x0, 0x0, 0x0, 0xbf, 0xf1, 0x0, 0x0,
    0x0, 0x0, 0x0, 0x0, 0x0, 0x1, 0x6b, 0xef, 0xec, 0x82, 0x0, 0x0, 0x0, 0x0, 0x5, 0xef,
    0xff, 0xff, 0xff, 0xf9, 0x0, 0x0, 0x0, 0x7, 0xff, 0xff, 0xcb, 0xbe, 0xff, 0xfb, 0x10, 0x0,
    0x5, 0xff, 0xfb, 0x20, 0x0, 0x17, 0xff, 0xfa, 0x0, 0x1, 0xef, 0xfa, 0x0, 0x0, 0x0, 0x5,
    0xff, 0xf4, 0x0, 0x7f, 0xfd, 0x10, 0x0, 0x0, 0x0, 0x9, 0xff, 0xc0, 0xc, 0xff, 0x70, 0x0,
    0x0, 0x0, 0x0, 0x2f, 0xff, 0x21, 0xff, 0xf2, 0x0, 0x0, 0x0, 0x0, 0x0, 0xcf, 0xf6, 0x4f,
    0xfe, 0x0, 0x0, 0x0, 0x0, 0x0, 0x9, 0xff, 0x96, 0xff, 0xc0, 0x0, 0x0, 0x0, 0x0, 0x0,
    0x7f, 0xfb, 0x7f, 0xfb, 0x0, 0x0, 0x0, 0x0, 0x0, 0x6, 0xff, 0xc7, 0xff, 0xb0, 0x0, 0x0,
    0x0, 0x0, 0x0, 0x6f, 0xfc, 0x6f, 0xfc, 0x0, 0x0, 0x0, 0x0, 0x0, 0x7, 0xff, 0xb4, 0xff,
    0xe0, 0x0, 0x0, 0x0, 0x0, 0x0, 0x9f, 0xf9, 0x1f, 0xff, 0x20, 0x0, 0x0, 0x0, 0x0, 0xc,
    0xff, 0x60, 0xcf, 0xf7, 0x0, 0x0, 0x0, 0x0, 0x2, 0xff, 0xf2, 0x7, 0xff, 0xd1, 0x0, 0x0,
    0x0, 0x0, 0x9f, 0xfc, 0x0, 0x1e, 0xff, 0x90, 0x0, 0x0, 0x0, 0x5f, 0xff, 0x40, 0x0, 0x5f,
    0xff, 0xa2, 0x0, 0x1, 0x7f, 0xff, 0xa0, 0x0, 0x0, 0x7f, 0xff, 0xfc, 0xbb, 0xef, 0xff, 0xc1,
    0x0, 0x0, 0x0, 0x5e, 0xff, 0xff, 0xff, 0xff, 0x91, 0x0, 0x0, 0x0, 0x0, 0x17, 0xbe, 0xfe,
    0xc8, 0x30, 0x0, 0x0, 0xbf, 0xff, 0xff, 0xff, 0x7b, 0xff, 0xff, 0xff, 0xf7, 0x8a, 0xaa, 0xad,
    0xff, 0x70, 0x0, 0x0, 0xaf, 0xf7, 0x0, 0x0, 0xa, 0xff, 0x70, 0x0, 0x0, 0xaf, 0xf7, 0x0,
    0x0, 0xa, 0xff, 0x70, 0x0, 0x0, 0xaf, 0xf7, 0x0, 0x0, 0xa, 0xff, 0x70, 0x0, 0x0, 0xaf,
    0xf7, 0x0, 0x0, 0xa, 0xff, 0x70, 0x0, 0x0, 0xaf, 0xf7, 0x0, 0x0, 0xa, 0xff, 0x70, 0x0,
    0x0, 0xaf, 0xf7, 0x0, 0x0, 0xa, 0xff, 0x70, 0x0, 0x0, 0xaf, 0xf7, 0x0, 0x0, 0xa, 0xff,
    0x70, 0x0, 0x0, 0xaf, 0xf7, 0x0, 0x0, 0xa, 0xff, 0x70, 0x0, 0x0, 0xaf, 0xf7, 0x0, 0x0,
    0xa, 0xff, 0x70, 0x0, 0x0, 0xaf, 0xf7, 0x0, 0x1, 0x59, 0xce, 0xfe, 0xda, 0x50, 0x0, 0x0,
    0x0, 0x6e, 0xff, 0xff, 0xff, 0xff, 0xfc, 0x20, 0x0, 0x1b, 0xff, 0xff, 0xdb, 0xab, 0xef, 0xff,
    0xe2, 0x0, 0x3e, 0xff, 0x92, 0x0, 0x0, 0x6, 0xef, 0xfb, 0x0, 0x2, 0xc4, 0x0, 0x0, 0x0,
    0x0, 0x5f, 0xff, 0x10, 0x0, 0x0, 0x0, 0x0, 0x0, 0x0, 0xe, 0xff, 0x40, 0x0, 0x0, 0x0,
    0x0, 0x0, 0x0, 0xe, 0xff, 0x40, 0x0, 0x0, 0x0, 0x0, 0x0, 0x0, 0x1f, 0xff, 0x20, 0x0,
    0x0, 0x0, 0x0, 0x0, 0x0, 0x6f, 0xfd, 0x0, 0x0, 0x0, 0x0, 0x0, 0x0, 0x2, 0xef, 0xf7,
    0x0, 0x0, 0x0, 0x0, 0x0, 0x0, 0x1c, 0xff, 0xc0, 0x0, 0x0, 0x0, 0x0, 0x0, 0x1, 0xcf,
    0xfe, 0x20, 0x0, 0x0, 0x0, 0x0, 0x0, 0x2d, 0xff, 0xe2, 0x0, 0x0, 0x0, 0x0, 0x0, 0x2,
    0xdf, 0xfd, 0x20, 0x0, 0x0, 0x0, 0x0, 0x0, 0x2d, 0xff, 0xd2, 0x0, 0x0, 0x0, 0x0, 0x0,
    0x3, 0xef, 0xfc, 0x10, 0x0, 0x0, 0x0, 0x0, 0x0, 0x4e, 0xff, 0xb1, 0x0, 0x0, 0x0, 0x0,
    0x0, 0x4, 0xef, 0xfb, 0x10, 0x0, 0x0, 0x0, 0x0, 0x0, 0x5f, 0xff, 0xa0, 0x0, 0x0, 0x0,
    0x0, 0x0, 0x5, 0xff, 0xff, 0xaa, 0xaa, 0xaa, 0xaa, 0xaa, 0xa3, 0xc, 0xff, 0xff, 0xff, 0xff,
    0xff, 0xff, 0xff, 0xf4, 0xc, 0xff, 0xff, 0xff, 0xff, 0xff, 0xff, 0xff, 0xf4, 0xc, 0xff, 0xff,
    0xff, 0xff, 0xff, 0xff, 0xff, 0x0, 0xcf, 0xff, 0xff, 0xff, 0xff, 0xff, 0xff, 0xf0, 0x8, 0xaa,
    0xaa, 0xaa, 0xaa, 0xab, 0xff, 0xf9, 0x0, 0x0, 0x0, 0x0, 0x0, 0x0, 0xbf, 0xfc, 0x0, 0x0,
    0x0, 0x0, 0x0, 0x0, 0x8f, 0xfd, 0x10, 0x0, 0x0, 0x0, 0x0, 0x0, 0x6f, 0xfe, 0x30, 0x0,
    0x0, 0x0, 0x0, 0x0, 0x4f, 0xff, 0x50, 0x0, 0x0, 0x0, 0x0, 0x0, 0x2e, 0xff, 0x70, 0x0,
    0x0, 0x0, 0x0, 0x0, 0x1d, 0xff, 0xa0, 0x0, 0x0, 0x0, 0x0, 0x0, 0x9, 0xff, 0xfc, 0x95,
    0x10, 0x0, 0x0, 0x0, 0x0, 0xaf, 0xff, 0xff, 0xfe, 0x50, 0x0, 0x0, 0x0, 0x6, 0x99, 0xad,
    0xff, 0xff, 0x70, 0x0, 0x0, 0x0, 0x0, 0x0, 0x3, 0xcf, 0xff, 0x20, 0x0, 0x0, 0x0, 0x0,
    0x0, 0x1, 0xdf, 0xf9, 0x0, 0x0, 0x0, 0x0, 0x0, 0x0, 0x7, 0xff, 0xc0, 0x0, 0x0, 0x0,
    0x0, 0x0, 0x0, 0x6f, 0xfc, 0x0, 0x0, 0x0, 0x0, 0x0, 0x0, 0x8, 0xff, 0xb0, 0xa6, 0x0,
    0x0, 0x0, 0x0, 0x1, 0xef, 0xf7, 0x4f, 0xfc, 0x51, 0x0, 0x0, 0x4, 0xdf, 0xfe, 0x19, 0xff,
    0xff, 0xfd, 0xba, 0xbe, 0xff, 0xff, 0x40, 0x5, 0xdf, 0xff, 0xff, 0xff, 0xff, 0xfc, 0x30, 0x0,
    0x0, 0x38, 0xbd, 0xef, 0xec, 0x94, 0x0, 0x0, 0x0, 0x0, 0x0, 0x0, 0x0, 0xb, 0xff, 0xb0,
    0x0, 0x0, 0x0, 0x0, 0x0, 0x0, 0x0, 0x8, 0xff, 0xd1, 0x0, 0x0, 0x0, 0x0, 0x0, 0x0,
    0x0, 0x5, 0xff, 0xf3, 0x0, 0x0, 0x0, 0x0, 0x0, 0x0, 0x0, 0x2, 0xef, 0xf6, 0x0, 0x0,
    0x0, 0x0, 0x0, 0x0, 0x0, 0x1, 0xdf, 0xf9, 0x0, 0x0, 0x0, 0x0, 0x0, 0x0, 0x0, 0x0,
    0xaf, 0xfc, 0x0, 0x0, 0x0, 0x0, 0x0, 0x0, 0x0, 0x0, 0x7f, 0xfe, 0x20, 0x0, 0x0, 0x0,
    0x0, 0x0, 0x0, 0x0, 0x4f, 0xff, 0x40, 0x0, 0x0, 0x0, 0x0, 0x0, 0x0, 0x0, 0x2e, 0xff,
    0x70, 0x0, 0x0, 0x0, 0x0, 0x0, 0x0, 0x0, 0xc, 0xff, 0xa0, 0x0, 0x3, 0xcc, 0x90, 0x0,
    0x0, 0x0, 0x9, 0xff, 0xd1, 0x0, 0x0, 0x4f, 0xfc, 0x0, 0x0, 0x0, 0x6, 0xff, 0xe2, 0x0,
    0x0, 0x4, 0xff, 0xc0, 0x0, 0x0, 0x3, 0xff, 0xf5, 0x0, 0x0, 0x0, 0x4f, 0xfc, 0x0, 0x0,
    0x1, 0xdf, 0xf8, 0x0, 0x0, 0x0, 0x4, 0xff, 0xc0, 0x0, 0x0, 0xaf, 0xff, 0xff, 0xff, 0xff,
    0xff, 0xff, 0xff, 0xff, 0xff, 0xc, 0xff, 0xff, 0xff, 0xff, 0xff, 0xff, 0xff, 0xff, 0xff, 0xf0,
    0x9b, 0xbb, 0xbb, 0xbb, 0xbb, 0xbb, 0xcf, 0xfe, 0xbb, 0xbb, 0x0, 0x0, 0x0, 0x0, 0x0, 0x0,
    0x5, 0xff, 0xc0, 0x0, 0x0, 0x0, 0x0, 0x0, 0x0, 0x0, 0x0, 0x5f, 0xfc, 0x0, 0x0, 0x0,
    0x0, 0x0, 0x0, 0x0, 0x0, 0x5, 0xff, 0xc0, 0x0, 0x0, 0x0, 0x0, 0x0, 0x0, 0x0, 0x0,
    0x5f, 0xfc, 0x0, 0x0, 0x0, 0x0, 0x0, 0x0, 0x0, 0x0, 0x5, 0xff, 0xc0, 0x0, 0x0, 0x0,
    0xa, 0xff, 0xff, 0xff, 0xff, 0xff, 0xff, 0x0, 0x0, 0xc, 0xff, 0xff, 0xff, 0xff, 0xff, 0xff,
    0x0, 0x0, 0xe, 0xff, 0xaa, 0xaa, 0xaa, 0xaa, 0xaa, 0x0, 0x0, 0xf, 0xfe, 0x0, 0x0, 0x0,
    0x0, 0x0, 0x0, 0x0, 0x2f, 0xfd, 0x0, 0x0, 0x0, 0x0, 0x0, 0x0, 0x0, 0x4f, 0xfb, 0x0,
    0x0, 0x0, 0x0, 0x0, 0x0, 0x0, 0x5f, 0xfa, 0x0, 0x0, 0x0, 0x0, 0x0, 0x0, 0x0, 0x7f,
    0xf8, 0x0, 0x0, 0x0, 0x0, 0x0, 0x0, 0x0, 0x8f, 0xfc, 0xaa, 0xa9, 0x75, 0x10, 0x0, 0x0,
    0x0, 0xaf, 0xff, 0xff, 0xff, 0xff, 0xfb, 0x30, 0x0, 0x0, 0xcf, 0xff, 0xff, 0xff, 0xff, 0xff,
    0xf6, 0x0, 0x0, 0x0, 0x0, 0x0, 0x12, 0x59, 0xff, 0xff, 0x30, 0x0, 0x0, 0x0, 0x0, 0x0,
    0x0, 0x2d, 0xff, 0xb0, 0x0, 0x0, 0x0, 0x0, 0x0, 0x0, 0x5, 0xff, 0xf1, 0x0, 0x0, 0x0,
    0x0, 0x0, 0x0, 0x1, 0xff, 0xf3, 0x0, 0x0, 0x0, 0x0, 0x0, 0x0, 0x0, 0xff, 0xf3, 0x0,
    0x0, 0x0, 0x0, 0x0, 0x0, 0x2, 0xff, 0xf1, 0x5, 0xb1, 0x0, 0x0, 0x0, 0x0, 0xa, 0xff,
    0xc0, 0xd, 0xfe, 0x83, 0x0, 0x0, 0x2, 0xaf, 0xff, 0x50, 0x3e, 0xff, 0xff, 0xec, 0xab, 0xdf,
    0xff, 0xf8, 0x0, 0x2, 0xaf, 0xff, 0xff, 0xff, 0xff, 0xfe, 0x60, 0x0, 0x0, 0x1, 0x6a, 0xce,
    0xfe, 0xdb, 0x61, 0x0, 0x0, 0x0, 0x0, 0x0, 0x27, 0xbd, 0xff, 0xec, 0x94, 0x0, 0x0, 0x0,
    0x19, 0xff, 0xff, 0xff, 0xff, 0xff, 0x70, 0x0, 0x3, 0xdf, 0xff, 0xfc, 0xba, 0xbe, 0xff, 0x20,
    0x0, 0x2e, 0xff, 0xe7, 0x10, 0x0, 0x0, 0x36, 0x0, 0x0, 0xbf, 0xfd, 0x20, 0x0, 0x0, 0x0,
    0x0, 0x0, 0x4, 0xff, 0xe3, 0x0, 0x0, 0x0, 0x0, 0x0, 0x0, 0xb, 0xff, 0x80, 0x0, 0x0,
    0x0, 0x0, 0x0, 0x0, 0x1f, 0xff, 0x30, 0x0, 0x0, 0x0, 0x0, 0x0, 0x0, 0x3f, 0xfe, 0x0,
    0x4, 0x79, 0xa8, 0x61, 0x0, 0x0, 0x6f, 0xfc, 0x4, 0xdf, 0xff, 0xff, 0xff, 0x91, 0x0, 0x7f,
    0xfb, 0x6f, 0xff, 0xff, 0xff, 0xff, 0xfd, 0x20, 0x7f, 0xfe, 0xff, 0xd6, 0x20, 0x14, 0x9f, 0xff,
    0xc0, 0x6f, 0xff, 0xfa, 0x0, 0x0, 0x0, 0x4, 0xff, 0xf5, 0x5f, 0xff, 0xe1, 0x0, 0x0, 0x0,
    0x0, 0x9f, 0xfa, 0x2f, 0xff, 0x90, 0x0, 0x0, 0x0, 0x0, 0x4f, 0xfc, 0xe, 0xff, 0x80, 0x0,
    0x0, 0x0, 0x0, 0x4f, 0xfd, 0x9, 0xff, 0xc0, 0x0, 0x0, 0x0, 0x0, 0x7f, 0xfb, 0x2, 0xff,
    0xf5, 0x0, 0x0, 0x0, 0x1, 0xdf, 0xf6, 0x0, 0x8f, 0xff, 0x81, 0x0, 0x0, 0x4d, 0xff, 0xd1,
    0x0, 0xa, 0xff, 0xff, 0xcb, 0xbd, 0xff, 0xfe, 0x30, 0x0, 0x0, 0x7e, 0xff, 0xff, 0xff, 0xff,
    0xc3, 0x0, 0x0, 0x0, 0x1, 0x7b, 0xdf, 0xed, 0xa5, 0x0, 0x0, 0x1f, 0xff, 0xff, 0xff, 0xff,
    0xff, 0xff, 0xff, 0xfd, 0x1f, 0xff, 0xff, 0xff, 0xff, 0xff, 0xff, 0xff, 0xfd, 0x1f, 0xff, 0xaa,
    0xaa, 0xaa, 0xaa, 0xaa, 0xef, 0xfa, 0x1f, 0xff, 0x0, 0x0, 0x0, 0x0, 0x2, 0xff, 0xf3, 0x1f,
    0xff, 0x0, 0x0, 0x0, 0x0, 0x9, 0xff, 0xb0, 0x1f, 0xff, 0x0, 0x0, 0x0, 0x0, 0x1e, 0xff,
    0x50, 0x9, 0x99, 0x0, 0x0, 0x0, 0x0, 0x7f, 0xfd, 0x0, 0x0, 0x0, 0x0, 0x0, 0x0, 0x0,
    0xef, 0xf6, 0x0, 0x0, 0x0, 0x0, 0x0, 0x0, 0x6, 0xff, 0xe0, 0x0, 0x0, 0x0, 0x0, 0x0,
    0x0, 0xd, 0xff, 0x70, 0x0, 0x0, 0x0, 0x0, 0x0, 0x0, 0x5f, 0xfe, 0x10, 0x0, 0x0, 0x0,
    0x0, 0x0, 0x0, 0xcf, 0xf9, 0x0, 0x0, 0x0, 0x0, 0x0, 0x0, 0x4, 0xff, 0xf2, 0x0, 0x0,
    0x0, 0x0, 0x0, 0x0, 0xb, 0xff, 0xa0, 0x0, 0x0, 0x0, 0x0, 0x0, 0x0, 0x2f, 0xff, 0x30,
    0x0, 0x0, 0x0, 0x0, 0x0, 0x0, 0x9f, 0xfb, 0x0, 0x0, 0x0, 0x0, 0x0, 0x0, 0x1, 0xff,
    0xf4, 0x0, 0x0, 0x0, 0x0, 0x0, 0x0, 0x8, 0xff, 0xd0, 0x0, 0x0, 0x0, 0x0, 0x0, 0x0,
    0x1e, 0xff, 0x60, 0x0, 0x0, 0x0, 0x0, 0x0, 0x0, 0x7f, 0xfe, 0x0, 0x0, 0x0, 0x0, 0x0,
    0x0, 0x0, 0xdf, 0xf7, 0x0, 0x0, 0x0, 0x0, 0x0, 0x0, 0x5, 0xff, 0xe1, 0x0, 0x0, 0x0,
    0x0, 0x0, 0x0, 0x16, 0xad, 0xef, 0xec, 0x94, 0x0, 0x0, 0x0, 0x0, 0x7e, 0xff, 0xff, 0xff,
    0xff, 0xfc, 0x30, 0x0, 0x0, 0x9f, 0xff, 0xfd, 0xbb, 0xce, 0xff, 0xfe, 0x40, 0x0, 0x4f, 0xff,
    0xa3, 0x0, 0x0, 0x6, 0xef, 0xfd, 0x0, 0x9, 0xff, 0xb0, 0x0, 0x0, 0x0, 0x2, 0xff, 0xf4,
    0x0, 0xbf, 0xf6, 0x0, 0x0, 0x0, 0x0, 0xc, 0xff, 0x60, 0xa, 0xff, 0x70, 0x0, 0x0, 0x0,
    0x0, 0xdf, 0xf4, 0x0, 0x6f, 0xfd, 0x10, 0x0, 0x0, 0x0, 0x5f, 0xfe, 0x10, 0x1, 0xcf, 0xfe,
    0x83, 0x10, 0x14, 0x9f, 0xff, 0x70, 0x0, 0x1, 0xbf, 0xff, 0xff, 0xff, 0xff, 0xfe, 0x70, 0x0,
    0x0, 0x5, 0xef, 0xff, 0xff, 0xff, 0xff, 0xb2, 0x0, 0x0, 0x1b, 0xff, 0xff, 0xcb, 0xab, 0xef,
    0xff, 0xf5, 0x0, 0xa, 0xff, 0xf7, 0x10, 0x0, 0x0, 0x3b, 0xff, 0xf4, 0x3, 0xff, 0xf4, 0x0,
    0x0, 0x0, 0x0, 0xa, 0xff, 0xc0, 0x7f, 0xfc, 0x0, 0x0, 0x0, 0x0, 0x0, 0x2f, 0xff, 0x19,
    0xff, 0xa0, 0x0, 0x0, 0x0, 0x0, 0x0, 0xff, 0xf3, 0x8f, 0xfc, 0x0, 0x0, 0x0, 0x0, 0x0,
    0x3f, 0xff, 0x24, 0xff, 0xf5, 0x0, 0x0, 0x0, 0x0, 0xb, 0xff, 0xd0, 0xc, 0xff, 0xf8, 0x10,
    0x0, 0x0, 0x3c, 0xff, 0xf6, 0x0, 0x2d, 0xff, 0xff, 0xcb, 0xab, 0xef, 0xff, 0xf9, 0x0, 0x0,
    0x1a, 0xff, 0xff, 0xff, 0xff, 0xff, 0xe6, 0x0, 0x0, 0x0, 0x2, 0x7b, 0xde, 0xfe, 0xc9, 0x51,
    0x0, 0x0, 0x0, 0x0, 0x16, 0xbd, 0xfe, 0xda, 0x60, 0x0, 0x0, 0x0, 0x0, 0x6e, 0xff, 0xff,
    0xff, 0xff, 0xd5, 0x0, 0x0, 0x0, 0x7f, 0xff, 0xfc, 0xab, 0xdf, 0xff, 0xf6, 0x0, 0x0, 0x4f,
    0xff, 0xa2, 0x0, 0x0, 0x29, 0xff, 0xf4, 0x0, 0xb, 0xff, 0xa0, 0x0, 0x0, 0x0, 0x7, 0xff,
    0xd0, 0x0, 0xff, 0xf2, 0x0, 0x0, 0x0, 0x0, 0xe, 0xff, 0x50, 0x1f, 0xff, 0x0, 0x0, 0x0,
    0x0, 0x0, 0xcf, 0xfa, 0x0, 0xff, 0xf2, 0x0, 0x0, 0x0, 0x0, 0xe, 0xff, 0xd0, 0xc, 0xff,
    0x90, 0x0, 0x0, 0x0, 0x7, 0xff, 0xff, 0x10, 0x6f, 0xff, 0xa2, 0x0, 0x0, 0x29, 0xff, 0xff,
    0xf2, 0x0, 0xaf, 0xff, 0xfc, 0xbb, 0xcf, 0xff, 0x9f, 0xff, 0x30, 0x0, 0x8f, 0xff, 0xff, 0xff,
    0xff, 0x81, 0xff, 0xf2, 0x0, 0x0, 0x28, 0xce, 0xfe, 0xc8, 0x20, 0x1f, 0xff, 0x10, 0x0, 0x0,
    0x0, 0x0, 0x0, 0x0, 0x4, 0xff, 0xe0, 0x0, 0x0, 0x0, 0x0, 0x0, 0x0, 0x0, 0x8f, 0xfb,
    0x0, 0x0, 0x0, 0x0, 0x0, 0x0, 0x0, 0xd, 0xff, 0x70, 0x0, 0x0, 0x0, 0x0, 0x0, 0x0,
    0x7, 0xff, 0xe1, 0x0, 0x0, 0x0, 0x0, 0x0, 0x0, 0x5, 0xff, 0xf7, 0x0, 0x0, 0x8, 0x20,
    0x0, 0x0, 0x3a, 0xff, 0xfb, 0x0, 0x0, 0x5, 0xff, 0xdb, 0xab, 0xdf, 0xff, 0xfb, 0x10, 0x0,
    0x0, 0xbf, 0xff, 0xff, 0xff, 0xff, 0xe7, 0x0, 0x0, 0x0, 0x1, 0x6a, 0xde, 0xfe, 0xda, 0x61,
    0x0, 0x0, 0x0, 0xa, 0xec, 0x26, 0xff, 0xfa, 0x6f, 0xff, 0xa0, 0xae, 0xc2, 0x0, 0x0, 0x0,
    0x0, 0x0, 0x0, 0x0, 0x0, 0x0, 0x0, 0x0, 0x0, 0x0, 0x0, 0x0, 0x0, 0x0, 0x0, 0x0,
    0x0, 0x0, 0x0, 0x0, 0xae, 0xc2, 0x6f, 0xff, 0xa6, 0xff, 0xfa, 0xa, 0xec, 0x20, 0xa, 0xec,
    0x26, 0xff, 0xfa, 0x6f, 0xff, 0xa0, 0xae, 0xc2, 0x0, 0x0, 0x0, 0x0, 0x0, 0x0, 0x0, 0x0,
    0x0, 0x0, 0x0, 0x0, 0x0, 0x0, 0x0, 0x0, 0x0, 0x0, 0x0, 0x0, 0x0, 0x0, 0x0, 0x9e,
    0xc2, 0x5f, 0xff, 0x96, 0xff, 0xfb, 0x2e, 0xff, 0x80, 0x4f, 0xf3, 0x7, 0xfd, 0x0, 0xaf, 0x80,
    0xe, 0xf3, 0x3, 0xfd, 0x0, 0x0, 0x0, 0x0, 0x0, 0x0, 0x0, 0x0, 0x10, 0x0, 0x0, 0x0,
    0x0, 0x0, 0x17, 0xd7, 0x0, 0x0, 0x0, 0x0, 0x4, 0xaf, 0xff, 0x70, 0x0, 0x0, 0x1, 0x7d,
    0xff, 0xff, 0xc4, 0x0, 0x0, 0x4a, 0xff, 0xff, 0xe9, 0x30, 0x0, 0x28, 0xdf, 0xff, 0xfb, 0x50,
    0x0, 0x0, 0xaf, 0xff, 0xfd, 0x72, 0x0, 0x0, 0x0, 0xd, 0xff, 0xb4, 0x0, 0x0, 0x0, 0x0,
    0x0, 0xdf, 0xff, 0xa4, 0x0, 0x0, 0x0, 0x0, 0x4, 0xbf, 0xff, 0xfd, 0x82, 0x0, 0x0, 0x0,
    0x0, 0x28, 0xdf, 0xff, 0xfb, 0x50, 0x0, 0x0, 0x0, 0x0, 0x4a, 0xff, 0xff, 0xe9, 0x30, 0x0,
    0x0, 0x0, 0x1, 0x7d, 0xff, 0xff, 0x70, 0x0, 0x0, 0x0, 0x0, 0x4, 0xaf, 0xf7, 0x0, 0x0,
    0x0, 0x0, 0x0, 0x0, 0x17, 0x50, 0xdf, 0xff, 0xff, 0xff, 0xff, 0xff, 0xff, 0x7d, 0xff, 0xff,
    0xff, 0xff, 0xff, 0xff, 0xf7, 0x9a, 0xaa, 0xaa, 0xaa, 0xaa, 0xaa, 0xaa, 0x50, 0x0, 0x0, 0x0,
    0x0, 0x0, 0x0, 0x0, 0x0, 0x0, 0x0, 0x0, 0x0, 0x0, 0x0, 0x0, 0x0, 0x0, 0x0, 0x0,
    0x0, 0x0, 0x0, 0x0, 0x0, 0x0, 0x0, 0x0, 0x0, 0x0, 0x9, 0xaa, 0xaa, 0xaa, 0xaa, 0xaa,
    0xaa, 0xa5, 0xdf, 0xff, 0xff, 0xff, 0xff, 0xff, 0xff, 0x7d, 0xff, 0xff, 0xff, 0xff, 0xff, 0xff,
    0xf7, 0x10, 0x0, 0x0, 0x0, 0x0, 0x0, 0x0, 0xd, 0xa5, 0x0, 0x0, 0x0, 0x0, 0x0, 0x0,
    0xdf, 0xfd, 0x82, 0x0, 0x0, 0x0, 0x0, 0x8, 0xef, 0xff, 0xfb, 0x50, 0x0, 0x0, 0x0, 0x0,
    0x5b, 0xff, 0xff, 0xe8, 0x20, 0x0, 0x0, 0x0, 0x2, 0x7d, 0xff, 0xff, 0xb5, 0x0, 0x0, 0x0,
    0x0, 0x4, 0xae, 0xff, 0xfe, 0x50, 0x0, 0x0, 0x0, 0x0, 0x16, 0xdf, 0xf7, 0x0, 0x0, 0x0,
    0x0, 0x16, 0xcf, 0xff, 0x70, 0x0, 0x0, 0x4, 0xaf, 0xff, 0xfe, 0x82, 0x0, 0x2, 0x7d, 0xff,
    0xff, 0xb5, 0x0, 0x0, 0x5b, 0xff, 0xff, 0xe8, 0x20, 0x0, 0x0, 0xcf, 0xff, 0xfb, 0x50, 0x0,
    0x0, 0x0, 0xd, 0xfd, 0x82, 0x0, 0x0, 0x0, 0x0, 0x0, 0x95, 0x0, 0x0, 0x0, 0x0, 0x0,
    0x0, 0x0, 0x0, 0x0, 0x59, 0xce, 0xfe, 0xda, 0x50, 0x0, 0x0, 0x5, 0xdf, 0xff, 0xff, 0xff,
    0xff, 0xd3, 0x0, 0x9, 0xff, 0xff, 0xdb, 0xbc, 0xef, 0xff, 0xe3, 0x6, 0xff, 0xfa, 0x30, 0x0,
    0x1, 0x8f, 0xff, 0xb0, 0x7, 0xe5, 0x0, 0x0, 0x0, 0x0, 0x7f, 0xff, 0x10, 0x1, 0x0, 0x0,
    0x0, 0x0, 0x2, 0xff, 0xf2, 0x0, 0x0, 0x0, 0x0, 0x0, 0x0, 0x2f, 0xff, 0x10, 0x0, 0x0,
    0x0, 0x0, 0x0, 0x8, 0xff, 0xc0, 0x0, 0x0, 0x0, 0x0, 0x0, 0x4, 0xff, 0xf4, 0x0, 0x0,
    0x0, 0x0, 0x0, 0x5, 0xff, 0xf7, 0x0, 0x0, 0x0, 0x0, 0x0, 0x7, 0xff, 0xf7, 0x0, 0x0,
    0x0, 0x0, 0x0, 0x6, 0xff, 0xf6, 0x0, 0x0, 0x0, 0x0, 0x0, 0x2, 0xff, 0xf6, 0x0, 0x0,
    0x0, 0x0, 0x0, 0x0, 0x7f, 0xfc, 0x0, 0x0, 0x0, 0x0, 0x0, 0x0, 0xa, 0xff, 0x80, 0x0,
    0x0, 0x0, 0x0, 0x0, 0x0, 0x0, 0x0, 0x0, 0x0, 0x0, 0x0, 0x0, 0x0, 0x0, 0x0, 0x0,
    0x0, 0x0, 0x0, 0x0, 0x0, 0x0, 0x0, 0x0, 0x0, 0x0, 0x0, 0x0, 0x0, 0x0, 0x6, 0xed,
    0x40, 0x0, 0x0, 0x0, 0x0, 0x0, 0x1, 0xff, 0xfd, 0x0, 0x0, 0x0, 0x0, 0x0, 0x0, 0x1f,
    0xff, 0xd0, 0x0, 0x0, 0x0, 0x0, 0x0, 0x0, 0x6e, 0xd4, 0x0, 0x0, 0x0, 0x0, 0x0, 0x0,
    0x0, 0x0, 0x48, 0xbd, 0xef, 0xed, 0xc9, 0x51, 0x0, 0x0, 0x0, 0x0, 0x0, 0x0, 0x0, 0x0,
    0x18, 0xef, 0xff, 0xff, 0xff, 0xff, 0xff, 0xfa, 0x30, 0x0, 0x0, 0x0, 0x0, 0x0, 0x0, 0x6e,
    0xff, 0xff, 0xec, 0xba, 0xbc, 0xef, 0xff, 0xff, 0x91, 0x0, 0x0, 0x0, 0x0, 0x1, 0xaf, 0xff,
    0xd7, 0x30, 0x0, 0x0, 0x0, 0x26, 0xbf, 0xff, 0xd2, 0x0, 0x0, 0x0, 0x1, 0xcf, 0xfe, 0x60,
    0x0, 0x0, 0x0, 0x0, 0x0, 0x0, 0x3b, 0xff, 0xe2, 0x0, 0x0, 0x0, 0xaf, 0xfb, 0x10, 0x0,
    0x4, 0x8a, 0x97, 0x30, 0x2, 0xaa, 0x67, 0xff, 0xd1, 0x0, 0x0, 0x6f, 0xfb, 0x0, 0x0, 0x4d,
    0xff, 0xff, 0xff, 0xc2, 0x3f, 0xf9, 0x6, 0xff, 0x90, 0x0, 0x1e, 0xfd, 0x10, 0x0, 0x7f, 0xff,
    0xff, 0xff, 0xff, 0xe6, 0xff, 0x90, 0x9, 0xff, 0x20, 0x6, 0xff, 0x40, 0x0, 0x5f, 0xff, 0xb5,
    0x10, 0x26, 0xdf, 0xff, 0xf9, 0x0, 0x1e, 0xf9, 0x0, 0xcf, 0xb0, 0x0, 0xe, 0xff, 0x80, 0x0,
    0x0, 0x1, 0xbf, 0xff, 0x90, 0x0, 0x7f, 0xe0, 0x1f, 0xf6, 0x0, 0x5, 0xff, 0xc0, 0x0, 0x0,
    0x0, 0x1, 0xef, 0xf9, 0x0, 0x1, 0xff, 0x34, 0xff, 0x20, 0x0, 0xaf, 0xf5, 0x0, 0x0, 0x0,
    0x0, 0x8, 0xff, 0x90, 0x0, 0xd, 0xf6, 0x6f, 0xf0, 0x0, 0xc, 0xff, 0x10, 0x0, 0x0, 0x0,
    0x0, 0x4f, 0xf9, 0x0, 0x0, 0xbf, 0x77, 0xfe, 0x0, 0x0, 0xdf, 0xe0, 0x0, 0x0, 0x0, 0x0,
    0x3, 0xff, 0x90, 0x0, 0xa, 0xf8, 0x7f, 0xe0, 0x0, 0xc, 0xff, 0x0, 0x0, 0x0, 0x0, 0x0,
    0x3f, 0xf9, 0x0, 0x0, 0xaf, 0x76, 0xff, 0x0, 0x0, 0xbf, 0xf2, 0x0, 0x0, 0x0, 0x0, 0x6,
    0xff, 0x90, 0x0, 0xb, 0xf6, 0x4f, 0xf2, 0x0, 0x7, 0xff, 0x70, 0x0, 0x0, 0x0, 0x0, 0xbf,
    0xf9, 0x0, 0x0, 0xdf, 0x41, 0xff, 0x60, 0x0, 0x1f, 0xfe, 0x20, 0x0, 0x0, 0x0, 0x5f, 0xff,
    0x90, 0x0, 0x3f, 0xf1, 0xb, 0xfc, 0x0, 0x0, 0x8f, 0xfd, 0x30, 0x0, 0x0, 0x5e, 0xff, 0xfc,
    0x0, 0xa, 0xfa, 0x0, 0x6f, 0xf4, 0x0, 0x0, 0xbf, 0xff, 0xb7, 0x68, 0xcf, 0xf9, 0xcf, 0xfa,
    0x6b, 0xff, 0x30, 0x0, 0xdf, 0xd1, 0x0, 0x0, 0x9f, 0xff, 0xff, 0xff, 0xf8, 0x5, 0xff, 0xff,
    0xff, 0x60, 0x0, 0x5, 0xff, 0xb0, 0x0, 0x0, 0x39, 0xdf, 0xed, 0x93, 0x0, 0x5, 0xce, 0xeb,
    0x40, 0x0, 0x0, 0xa, 0xff, 0xb1, 0x0, 0x0, 0x0, 0x0, 0x0, 0x0, 0x0, 0x0, 0x0, 0x0,
    0x0, 0x0, 0x0, 0x1c, 0xff, 0xd5, 0x0, 0x0, 0x0, 0x0, 0x0, 0x0, 0x0, 0x0, 0x0, 0x0,
    0x0, 0x0, 0x0, 0x1b, 0xff, 0xfd, 0x73, 0x0, 0x0, 0x0, 0x2, 0x69, 0x0, 0x0, 0x0, 0x0,
    0x0, 0x0, 0x0, 0x7, 0xef, 0xff, 0xfe, 0xcb, 0xab, 0xce, 0xff, 0xf2, 0x0, 0x0, 0x0, 0x0,
    0x0, 0x0, 0x0, 0x2, 0x8e, 0xff, 0xff, 0xff, 0xff, 0xff, 0xfa, 0x10, 0x0, 0x0, 0x0, 0x0,
    0x0, 0x0, 0x0, 0x0, 0x14, 0x8b, 0xde, 0xfe, 0xda, 0x61, 0x0, 0x0, 0x0, 0x0, 0x0, 0x0,
    0x0, 0x0, 0x0, 0x2, 0xff, 0xf8, 0x0, 0x0, 0x0, 0x0, 0x0, 0x0, 0x0, 0x0, 0x0, 0x9,
    0xff, 0xfe, 0x10, 0x0, 0x0, 0x0, 0x0, 0x0, 0x0, 0x0, 0x0, 0x1e, 0xff, 0xff, 0x70, 0x0,
    0x0, 0x0, 0x0, 0x0, 0x0, 0x0, 0x0, 0x8f, 0xfb, 0xff, 0xd0, 0x0, 0x0, 0x0, 0x0, 0x0,
    0x0, 0x0, 0x1, 0xef, 0xf2, 0xbf, 0xf5, 0x0, 0x0, 0x0, 0x0, 0x0, 0x0, 0x0, 0x6, 0xff,
    0xa0, 0x5f, 0xfc, 0x0, 0x0, 0x0, 0x0, 0x0, 0x0, 0x0, 0xd, 0xff, 0x30, 0xd, 0xff, 0x40,
    0x0, 0x0, 0x0, 0x0, 0x0, 0x0, 0x5f, 0xfc, 0x0, 0x6, 0xff, 0xb0, 0x0, 0x0, 0x0, 0x0,
    0x0, 0x0, 0xcf, 0xf5, 0x0, 0x1, 0xef, 0xf3, 0x0, 0x0, 0x0, 0x0, 0x0, 0x4, 0xff, 0xd0,
    0x0, 0x0, 0x8f, 0xfa, 0x0, 0x0, 0x0, 0x0, 0x0, 0xb, 0xff, 0x60, 0x0, 0x0, 0x1f, 0xff,
    0x20, 0x0, 0x0, 0x0, 0x0, 0x3f, 0xfe, 0x10, 0x0, 0x0, 0x9, 0xff, 0x90, 0x0, 0x0, 0x0,
    0x0, 0xaf, 0xf8, 0x0, 0x0, 0x0, 0x2, 0xff, 0xf1, 0x0, 0x0, 0x0, 0x2, 0xff, 0xf1, 0x0,
    0x0, 0x0, 0x0, 0xbf, 0xf8, 0x0, 0x0, 0x0, 0x9, 0xff, 0xff, 0xff, 0xff, 0xff, 0xff, 0xff,
    0xfe, 0x10, 0x0, 0x0, 0x1e, 0xff, 0xff, 0xff, 0xff, 0xff, 0xff, 0xff, 0xff, 0x70, 0x0, 0x0,
    0x8f, 0xfd, 0x88, 0x88, 0x88, 0x88, 0x88, 0x8a, 0xff, 0xd0, 0x0, 0x1, 0xef, 0xf5, 0x0, 0x0,
    0x0, 0x0, 0x0, 0x0, 0xef, 0xf6, 0x0, 0x6, 0xff, 0xd0, 0x0, 0x0, 0x0, 0x0, 0x0, 0x0,
    0x7f, 0xfc, 0x0, 0xd, 0xff, 0x60, 0x0, 0x0, 0x0, 0x0, 0x0, 0x0, 0x1e, 0xff, 0x40, 0x5f,
    0xfe, 0x0, 0x0, 0x0, 0x0, 0x0, 0x0, 0x0, 0x9, 0xff, 0xb0, 0xcf, 0xf7, 0x0, 0x0, 0x0,
    0x0, 0x0, 0x0, 0x0, 0x2, 0xff, 0xf3, 0xaf, 0xff, 0xff, 0xff, 0xff, 0xfe, 0xda, 0x61, 0x0,
    0x0, 0xaf, 0xff, 0xff, 0xff, 0xff, 0xff, 0xff, 0xfe, 0x50, 0x0, 0xaf, 0xfd, 0xaa, 0xaa, 0xaa,
    0xac, 0xef, 0xff, 0xf6, 0x0, 0xaf, 0xf8, 0x0, 0x0, 0x0, 0x0, 0x5, 0xef, 0xfe, 0x10, 0xaf,
    0xf8, 0x0, 0x0, 0x0, 0x0, 0x0, 0x3f, 0xff, 0x50, 0xaf, 0xf8, 0x0, 0x0, 0x0, 0x0, 0x0,
    0xc, 0xff, 0x60, 0xaf, 0xf8, 0x0, 0x0, 0x0, 0x0, 0x0, 0xc, 0xff, 0x50, 0xaf, 0xf8, 0x0,
    0x0, 0x0, 0x0, 0x0, 0x3f, 0xff, 0x20, 0xaf, 0xf8, 0x0, 0x0, 0x0, 0x0, 0x5, 0xdf, 0xf9,
    0x0, 0xaf, 0xfd, 0xaa, 0xaa, 0xaa, 0xab, 0xef, 0xff, 0xa0, 0x0, 0xaf, 0xff, 0xff, 0xff, 0xff,
    0xff, 0xff, 0xfc, 0x20, 0x0, 0xaf, 0xff, 0xff, 0xff, 0xff, 0xff, 0xff, 0xff, 0xf8, 0x0, 0xaf,
    0xf8, 0x0, 0x0, 0x0, 0x0, 0x24, 0xaf, 0xff, 0x80, 0xaf, 0xf8, 0x0, 0x0, 0x0, 0x0, 0x0,
    0x6, 0xff, 0xf2, 0xaf, 0xf8, 0x0, 0x0, 0x0, 0x0, 0x0, 0x0, 0xcf, 0xf7, 0xaf, 0xf8, 0x0,
    0x0, 0x0, 0x0, 0x0, 0x0, 0xaf, 0xf9, 0xaf, 0xf8, 0x0, 0x0, 0x0, 0x0, 0x0, 0x0, 0xbf,
    0xf9, 0xaf, 0xf8, 0x0, 0x0, 0x0, 0x0, 0x0, 0x2, 0xff, 0xf6, 0xaf, 0xf8, 0x0, 0x0, 0x0,
    0x0, 0x0, 0x4d, 0xff, 0xe1, 0xaf, 0xfd, 0xaa, 0xaa, 0xaa, 0xaa, 0xce, 0xff, 0xff, 0x60, 0xaf,
    0xff, 0xff, 0xff, 0xff, 0xff, 0xff, 0xff, 0xe5, 0x0, 0xaf, 0xff, 0xff, 0xff, 0xff, 0xff, 0xec,
    0xa5, 0x10, 0x0, 0x0, 0x0, 0x0, 0x2, 0x6a, 0xde, 0xfe, 0xc9, 0x51, 0x0, 0x0, 0x0, 0x0,
    0x29, 0xff, 0xff, 0xff, 0xff, 0xff, 0xe7, 0x10, 0x0, 0x0, 0x5e, 0xff, 0xff, 0xdb, 0xab, 0xdf,
    0xff, 0xfc, 0x10, 0x0, 0x7f, 0xff, 0xf8, 0x20, 0x0, 0x0, 0x39, 0xff, 0xf9, 0x0, 0x5f, 0xff,
    0xc3, 0x0, 0x0, 0x0, 0x0, 0x3, 0xea, 0x0, 0x1e, 0xff, 0xc1, 0x0, 0x0, 0x0, 0x0, 0x0,
    0x1, 0x0, 0x8, 0xff, 0xe2, 0x0, 0x0, 0x0, 0x0, 0x0, 0x0, 0x0, 0x0, 0xdf, 0xf7, 0x0,
    0x0, 0x0, 0x0, 0x0, 0x0, 0x0, 0x0, 0x3f, 0xff, 0x20, 0x0, 0x0, 0x0, 0x0, 0x0, 0x0,
    0x0, 0x5, 0xff, 0xd0, 0x0, 0x0, 0x0, 0x0, 0x0, 0x0, 0x0, 0x0, 0x7f, 0xfb, 0x0, 0x0,
    0x0, 0x0, 0x0, 0x0, 0x0, 0x0, 0x7, 0xff, 0xb0, 0x0, 0x0, 0x0, 0x0, 0x0, 0x0, 0x0,
    0x0, 0x5f, 0xfd, 0x0, 0x0, 0x0, 0x0, 0x0, 0x0, 0x0, 0x0, 0x3, 0xff, 0xf2, 0x0, 0x0,
    0x0, 0x0, 0x0, 0x0, 0x0, 0x0, 0xd, 0xff, 0x70, 0x0, 0x0, 0x0, 0x0, 0x0, 0x0, 0x0,
    0x0, 0x8f, 0xfe, 0x20, 0x0, 0x0, 0x0, 0x0, 0x0, 0x0, 0x0, 0x1, 0xef, 0xfc, 0x10, 0x0,
    0x0, 0x0, 0x0, 0x0, 0x10, 0x0, 0x5, 0xff, 0xfc, 0x20, 0x0, 0x0, 0x0, 0x0, 0x3d, 0xa0,
    0x0, 0x7, 0xff, 0xfe, 0x82, 0x0, 0x0, 0x3, 0x9f, 0xff, 0x90, 0x0, 0x5, 0xef, 0xff, 0xfd,
    0xba, 0xbd, 0xff, 0xff, 0xc2, 0x0, 0x0, 0x2, 0xaf, 0xff, 0xff, 0xff, 0xff, 0xfe, 0x71, 0x0,
    0x0, 0x0, 0x0, 0x27, 0xbd, 0xef, 0xec, 0x95, 0x10, 0x0, 0xaf, 0xff, 0xff, 0xff, 0xff, 0xee,
    0xb8, 0x40, 0x0, 0x0, 0x0, 0xaf, 0xff, 0xff, 0xff, 0xff, 0xff, 0xff, 0xfd, 0x60, 0x0, 0x0,
    0xaf, 0xfd, 0xaa, 0xaa, 0xaa, 0xbc, 0xff, 0xff, 0xfb, 0x10, 0x0, 0xaf, 0xf8, 0x0, 0x0, 0x0,
    0x0, 0x15, 0xcf, 0xff, 0xd2, 0x0, 0xaf, 0xf8, 0x0, 0x0, 0x0, 0x0, 0x0, 0x7, 0xff, 0xfc,
    0x0, 0xaf, 0xf8, 0x0, 0x0, 0x0, 0x0, 0x0, 0x0, 0x5f, 0xff, 0x70, 0xaf, 0xf8, 0x0, 0x0,
    0x0, 0x0, 0x0, 0x0, 0x9, 0xff, 0xe1, 0xaf, 0xf8, 0x0, 0x0, 0x0, 0x0, 0x0, 0x0, 0x1,
    0xef, 0xf5, 0xaf, 0xf8, 0x0, 0x0, 0x0, 0x0, 0x0, 0x0, 0x0, 0xaf, 0xf9, 0xaf, 0xf8, 0x0,
    0x0, 0x0, 0x0, 0x0, 0x0, 0x0, 0x6f, 0xfc, 0xaf, 0xf8, 0x0, 0x0, 0x0, 0x0, 0x0, 0x0,
    0x0, 0x5f, 0xfd, 0xaf, 0xf8, 0x0, 0x0, 0x0, 0x0, 0x0, 0x0, 0x0, 0x5f, 0xfd, 0xaf, 0xf8,
    0x0, 0x0, 0x0, 0x0, 0x0, 0x0, 0x0, 0x6f, 0xfc, 0xaf, 0xf8, 0x0, 0x0, 0x0, 0x0, 0x0,
    0x0, 0x0, 0xaf, 0xf9, 0xaf, 0xf8, 0x0, 0x0, 0x0, 0x0, 0x0, 0x0, 0x1, 0xef, 0xf5, 0xaf,
    0xf8, 0x0, 0x0, 0x0, 0x0, 0x0, 0x0, 0x8, 0xff, 0xe1, 0xaf, 0xf8, 0x0, 0x0, 0x0, 0x0,
    0x0, 0x0, 0x5f, 0xff, 0x70, 0xaf, 0xf8, 0x0, 0x0, 0x0, 0x0, 0x0, 0x7, 0xff, 0xfc, 0x0,
    0xaf, 0xf8, 0x0, 0x0, 0x0, 0x0, 0x15, 0xcf, 0xff, 0xd2, 0x0, 0xaf, 0xfd, 0xaa, 0xaa, 0xaa,
    0xbc, 0xff, 0xff, 0xfb, 0x10, 0x0, 0xaf, 0xff, 0xff, 0xff, 0xff, 0xff, 0xff, 0xfd, 0x60, 0x0,
    0x0, 0xaf, 0xff, 0xff, 0xff, 0xff, 0xfe, 0xb8, 0x40, 0x0, 0x0, 0x0, 0xaf, 0xff, 0xff, 0xff,
    0xff, 0xff, 0xff, 0xff, 0x3a, 0xff, 0xff, 0xff, 0xff, 0xff, 0xff, 0xff, 0xf3, 0xaf, 0xfd, 0xaa,
    0xaa, 0xaa, 0xaa, 0xaa, 0xaa, 0x2a, 0xff, 0x80, 0x0, 0x0, 0x0, 0x0, 0x0, 0x0, 0xaf, 0xf8,
    0x0, 0x0, 0x0, 0x0, 0x0, 0x0, 0xa, 0xff, 0x80, 0x0, 0x0, 0x0, 0x0, 0x0, 0x0, 0xaf,
    0xf8, 0x0, 0x0, 0x0, 0x0, 0x0, 0x0, 0xa, 0xff, 0x80, 0x0, 0x0, 0x0, 0x0, 0x0, 0x0,
    0xaf, 0xf8, 0x0, 0x0, 0x0, 0x0, 0x0, 0x0, 0xa, 0xff, 0xda, 0xaa, 0xaa, 0xaa, 0xaa, 0xa8,
    0x0, 0xaf, 0xff, 0xff, 0xff, 0xff, 0xff, 0xff, 0xc0, 0xa, 0xff, 0xff, 0xff, 0xff, 0xff, 0xff,
    0xfc, 0x0, 0xaf, 0xf8, 0x0, 0x0, 0x0, 0x0, 0x0, 0x0, 0xa, 0xff, 0x80, 0x0, 0x0, 0x0,
    0x0, 0x0, 0x0, 0xaf, 0xf8, 0x0, 0x0, 0x0, 0x0, 0x0, 0x0, 0xa, 0xff, 0x80, 0x0, 0x0,
    0x0, 0x0, 0x0, 0x0, 0xaf, 0xf8, 0x0, 0x0, 0x0, 0x0, 0x0, 0x0, 0xa, 0xff, 0x80, 0x0,
    0x0, 0x0, 0x0, 0x0, 0x0, 0xaf, 0xf8, 0x0, 0x0, 0x0, 0x0, 0x0, 0x0, 0xa, 0xff, 0xda,
    0xaa, 0xaa, 0xaa, 0xaa, 0xaa, 0xa6, 0xaf, 0xff, 0xff, 0xff, 0xff, 0xff, 0xff, 0xff, 0x9a, 0xff,
    0xff, 0xff, 0xff, 0xff, 0xff, 0xff, 0xf9, 0xaf, 0xff, 0xff, 0xff, 0xff, 0xff, 0xff, 0xff, 0x3a,
    0xff, 0xff, 0xff, 0xff, 0xff, 0xff, 0xff, 0xf3, 0xaf, 0xfd, 0xaa, 0xaa, 0xaa, 0xaa, 0xaa, 0xaa,
    0x2a, 0xff, 0x80, 0x0, 0x0, 0x0, 0x0, 0x0, 0x0, 0xaf, 0xf8, 0x0, 0x0, 0x0, 0x0, 0x0,
    0x0, 0xa, 0xff, 0x80, 0x0, 0x0, 0x0, 0x0, 0x0, 0x0, 0xaf, 0xf8, 0x0, 0x0, 0x0, 0x0,
    0x0, 0x0, 0xa, 0xff, 0x80, 0x0, 0x0, 0x0, 0x0, 0x0, 0x0, 0xaf, 0xf8, 0x0, 0x0, 0x0,
    0x0, 0x0, 0x0, 0xa, 0xff, 0x80, 0x0, 0x0, 0x0, 0x0, 0x0, 0x0, 0xaf, 0xfd, 0xaa, 0xaa,
    0xaa, 0xaa, 0xaa, 0x80, 0xa, 0xff, 0xff, 0xff, 0xff, 0xff, 0xff, 0xfc, 0x0, 0xaf, 0xff, 0xff,
    0xff, 0xff, 0xff, 0xff, 0xc0, 0xa, 0xff, 0x80, 0x0, 0x0, 0x0, 0x0, 0x0, 0x0, 0xaf, 0xf8,
    0x0, 0x0, 0x0, 0x0, 0x0, 0x0, 0xa, 0xff, 0x80, 0x0, 0x0, 0x0, 0x0, 0x0, 0x0, 0xaf,
    0xf8, 0x0, 0x0, 0x0, 0x0, 0x0, 0x0, 0xa, 0xff, 0x80, 0x0, 0x0, 0x0, 0x0, 0x0, 0x0,
    0xaf, 0xf8, 0x0, 0x0, 0x0, 0x0, 0x0, 0x0, 0xa, 0xff, 0x80, 0x0, 0x0, 0x0, 0x0, 0x0,
    0x0, 0xaf, 0xf8, 0x0, 0x0, 0x0, 0x0, 0x0, 0x0, 0xa, 0xff, 0x80, 0x0, 0x0, 0x0, 0x0,
    0x0, 0x0, 0x0, 0x0, 0x0, 0x1, 0x6a, 0xde, 0xfe, 0xda, 0x62, 0x0, 0x0, 0x0, 0x0, 0x2,
    0x9f, 0xff, 0xff, 0xff, 0xff, 0xff, 0x92, 0x0, 0x0, 0x0, 0x5e, 0xff, 0xff, 0xeb, 0xab, 0xdf,
    0xff, 0xfe, 0x40, 0x0, 0x7, 0xff, 0xff, 0x83, 0x0, 0x0, 0x2, 0x7e, 0xff, 0xc0, 0x0, 0x5f,
    0xff, 0xc3, 0x0, 0x0, 0x0, 0x0, 0x1, 0xac, 0x10, 0x1, 0xef, 0xfc, 0x10, 0x0, 0x0, 0x0,
    0x0, 0x0, 0x1, 0x0, 0x8, 0xff, 0xe2, 0x0, 0x0, 0x0, 0x0, 0x0, 0x0, 0x0, 0x0, 0xd,
    0xff, 0x70, 0x0, 0x0, 0x0, 0x0, 0x0, 0x0, 0x0, 0x0, 0x3f, 0xff, 0x20, 0x0, 0x0, 0x0,
    0x0, 0x0, 0x0, 0x0, 0x0, 0x5f, 0xfd, 0x0, 0x0, 0x0, 0x0, 0x0, 0x0, 0x0, 0x0, 0x0,
    0x7f, 0xfb, 0x0, 0x0, 0x0, 0x0, 0x0, 0x0, 0x0, 0x22, 0x20, 0x7f, 0xfb, 0x0, 0x0, 0x0,
    0x0, 0x0, 0x0, 0x2, 0xff, 0xe0, 0x5f, 0xfd, 0x0, 0x0, 0x0, 0x0, 0x0, 0x0, 0x2, 0xff,
    0xe0, 0x3f, 0xff, 0x20, 0x0, 0x0, 0x0, 0x0, 0x0, 0x2, 0xff, 0xe0, 0xd, 0xff, 0x70, 0x0,
    0x0, 0x0, 0x0, 0x0, 0x2, 0xff, 0xe0, 0x8, 0xff, 0xe2, 0x0, 0x0, 0x0, 0x0, 0x0, 0x2,
    0xff, 0xe0, 0x1, 0xef, 0xfd, 0x10, 0x0, 0x0, 0x0, 0x0, 0x2, 0xff, 0xe0, 0x0, 0x5f, 0xff,
    0xd3, 0x0, 0x0, 0x0, 0x0, 0x2, 0xff, 0xe0, 0x0, 0x6, 0xff, 0xff, 0x82, 0x0, 0x0, 0x1,
    0x6d, 0xff, 0xe0, 0x0, 0x0, 0x5e, 0xff, 0xff, 0xdb, 0xab, 0xdf, 0xff, 0xff, 0x90, 0x0, 0x0,
    0x2, 0x9f, 0xff, 0xff, 0xff, 0xff, 0xff, 0xb4, 0x0, 0x0, 0x0, 0x0, 0x2, 0x6a, 0xde, 0xfe,
    0xda, 0x72, 0x0, 0x0, 0xaf, 0xf8, 0x0, 0x0, 0x0, 0x0, 0x0, 0x0, 0x9f, 0xf9, 0xaf, 0xf8,
    0x0, 0x0, 0x0, 0x0, 0x0, 0x0, 0x9f, 0xf9, 0xaf, 0xf8, 0x0, 0x0, 0x0, 0x0, 0x0, 0x0,
    0x9f, 0xf9, 0xaf, 0xf8, 0x0, 0x0, 0x0, 0x0, 0x0, 0x0, 0x9f, 0xf9, 0xaf, 0xf8, 0x0, 0x0,
    0x0, 0x0, 0x0, 0x0, 0x9f, 0xf9, 0xaf, 0xf8, 0x0, 0x0, 0x0, 0x0, 0x0, 0x0, 0x9f, 0xf9,
    0xaf, 0xf8, 0x0, 0x0, 0x0, 0x0, 0x0, 0x0, 0x9f, 0xf9, 0xaf, 0xf8, 0x0, 0x0, 0x0, 0x0,
    0x0, 0x0, 0x9f, 0xf9, 0xaf, 0xf8, 0x0, 0x0, 0x0, 0x0, 0x0, 0x0, 0x9f, 0xf9, 0xaf, 0xfd,
    0xaa, 0xaa, 0xaa, 0xaa, 0xaa, 0xaa, 0xdf, 0xf9, 0xaf, 0xff, 0xff, 0xff, 0xff, 0xff, 0xff, 0xff,
    0xff, 0xf9, 0xaf, 0xff, 0xff, 0xff, 0xff, 0xff, 0xff, 0xff, 0xff, 0xf9, 0xaf, 0xf8, 0x0, 0x0,
    0x0, 0x0, 0x0, 0x0, 0x9f, 0xf9, 0xaf, 0xf8, 0x0, 0x0, 0x0, 0x0, 0x0, 0x0, 0x9f, 0xf9,
    0xaf, 0xf8, 0x0, 0x0, 0x0, 0x0, 0x0, 0x0, 0x9f, 0xf9, 0xaf, 0xf8, 0x0, 0x0, 0x0, 0x0,
    0x0, 0x0, 0x9f, 0xf9, 0xaf, 0xf8, 0x0, 0x0, 0x0, 0x0, 0x0, 0x0, 0x9f, 0xf9, 0xaf, 0xf8,
    0x0, 0x0, 0x0, 0x0, 0x0, 0x0, 0x9f, 0xf9, 0xaf, 0xf8, 0x0, 0x0, 0x0, 0x0, 0x0, 0x0,
    0x9f, 0xf9, 0xaf, 0xf8, 0x0, 0x0, 0x0, 0x0, 0x0, 0x0, 0x9f, 0xf9, 0xaf, 0xf8, 0x0, 0x0,
    0x0, 0x0, 0x0, 0x0, 0x9f, 0xf9, 0xaf, 0xf8, 0x0, 0x0, 0x0, 0x0, 0x0, 0x0, 0x9f, 0xf9,
    0xaf, 0xf8, 0xaf, 0xf8, 0xaf, 0xf8, 0xaf, 0xf8, 0xaf, 0xf8, 0xaf, 0xf8, 0xaf, 0xf8, 0xaf, 0xf8,
    0xaf, 0xf8, 0xaf, 0xf8, 0xaf, 0xf8, 0xaf, 0xf8, 0xaf, 0xf8, 0xaf, 0xf8, 0xaf, 0xf8, 0xaf, 0xf8,
    0xaf, 0xf8, 0xaf, 0xf8, 0xaf, 0xf8, 0xaf, 0xf8, 0xaf, 0xf8, 0xaf, 0xf8, 0x0, 0xf, 0xff, 0xff,
    0xff, 0xff, 0xff, 0x40, 0x0, 0xff, 0xff, 0xff, 0xff, 0xff, 0xf4, 0x0, 0xa, 0xaa, 0xaa, 0xaa,
    0xaf, 0xff, 0x40, 0x0, 0x0, 0x0, 0x0, 0x0, 0xef, 0xf4, 0x0, 0x0, 0x0, 0x0, 0x0, 0xe,
    0xff, 0x40, 0x0, 0x0, 0x0, 0x0, 0x0, 0xef, 0xf4, 0x0, 0x0, 0x0, 0x0, 0x0, 0xe, 0xff,
    0x40, 0x0, 0x0, 0x0, 0x0, 0x0, 0xef, 0xf4, 0x0, 0x0, 0x0, 0x0, 0x0, 0xe, 0xff, 0x40,
    0x0, 0x0, 0x0, 0x0, 0x0, 0xef, 0xf4, 0x0, 0x0, 0x0, 0x0, 0x0, 0xe, 0xff, 0x40, 0x0,
    0x0, 0x0, 0x0, 0x0, 0xef, 0xf4, 0x0, 0x0, 0x0, 0x0, 0x0, 0xe, 0xff, 0x40, 0x0, 0x0,
    0x0, 0x0, 0x0, 0xef, 0xf4, 0x0, 0x0, 0x0, 0x0, 0x0, 0xe, 0xff, 0x40, 0x0, 0x0, 0x0,
    0x0, 0x0, 0xef, 0xf3, 0x0, 0x10, 0x0, 0x0, 0x0, 0x2f, 0xff, 0x20, 0x2d, 0x40, 0x0, 0x0,
    0x7, 0xff, 0xe0, 0x1d, 0xff, 0x71, 0x0, 0x5, 0xef, 0xf8, 0x0, 0xaf, 0xff, 0xeb, 0xad, 0xff,
    0xfe, 0x10, 0x0, 0x8f, 0xff, 0xff, 0xff, 0xfd, 0x30, 0x0, 0x0, 0x38, 0xce, 0xfe, 0xb7, 0x10,
    0x0, 0xaf, 0xf8, 0x0, 0x0, 0x0, 0x0, 0x0, 0x1b, 0xff, 0xc1, 0xaf, 0xf8, 0x0, 0x0, 0x0,
    0x0, 0x0, 0xbf, 0xfd, 0x10, 0xaf, 0xf8, 0x0, 0x0, 0x0, 0x0, 0xb, 0xff, 0xd2, 0x0, 0xaf,
    0xf8, 0x0, 0x0, 0x0, 0x0, 0xbf, 0xfd, 0x20, 0x0, 0xaf, 0xf8, 0x0, 0x0, 0x0, 0xa, 0xff,
    0xe2, 0x0, 0x0, 0xaf, 0xf8, 0x0, 0x0, 0x0, 0xaf, 0xfe, 0x20, 0x0, 0x0, 0xaf, 0xf8, 0x0,
    0x0, 0xa, 0xff, 0xe3, 0x0, 0x0, 0x0, 0xaf, 0xf8, 0x0, 0x0, 0xaf, 0xfe, 0x30, 0x0, 0x0,
    0x0, 0xaf, 0xf8, 0x0, 0xa, 0xff, 0xe4, 0x0, 0x0, 0x0, 0x0, 0xaf, 0xf8, 0x0, 0xaf, 0xff,
    0x40, 0x0, 0x0, 0x0, 0x0, 0xaf, 0xf8, 0x9, 0xff, 0xff, 0x40, 0x0, 0x0, 0x0, 0x0, 0xaf,
    0xf9, 0x9f, 0xff, 0xff, 0xe2, 0x0, 0x0, 0x0, 0x0, 0xaf, 0xfe, 0xff, 0xf7, 0xef, 0xfd, 0x10,
    0x0, 0x0, 0x0, 0xaf, 0xff, 0xff, 0x50, 0x3e, 0xff, 0xb0, 0x0, 0x0, 0x0, 0xaf, 0xff, 0xf6,
    0x0, 0x5, 0xff, 0xf9, 0x0, 0x0, 0x0, 0xaf, 0xff, 0x60, 0x0, 0x0, 0x7f, 0xff, 0x70, 0x0,
    0x0, 0xaf, 0xf9, 0x0, 0x0, 0x0, 0x9, 0xff, 0xf5, 0x0, 0x0, 0xaf, 0xf8, 0x0, 0x0, 0x0,
    0x0, 0xaf, 0xfe, 0x30, 0x0, 0xaf, 0xf8, 0x0, 0x0, 0x0, 0x0, 0x1c, 0xff, 0xe2, 0x0, 0xaf,
    0xf8, 0x0, 0x0, 0x0, 0x0, 0x1, 0xdf, 0xfc, 0x10, 0xaf, 0xf8, 0x0, 0x0, 0x0, 0x0, 0x0,
    0x2e, 0xff, 0xa0, 0xaf, 0xf8, 0x0, 0x0, 0x0, 0x0, 0x0, 0x4, 0xff, 0xf8, 0xaf, 0xf8, 0x0,
    0x0, 0x0, 0x0, 0x0, 0x0, 0xaf, 0xf8, 0x0, 0x0, 0x0, 0x0, 0x0, 0x0, 0xaf, 0xf8, 0x0,
    0x0, 0x0, 0x0, 0x0, 0x0, 0xaf, 0xf8, 0x0, 0x0, 0x0, 0x0, 0x0, 0x0, 0xaf, 0xf8, 0x0,
    0x0, 0x0, 0x0, 0x0, 0x0, 0xaf, 0xf8, 0x0, 0x0, 0x0, 0x0, 0x0, 0x0, 0xaf, 0xf8, 0x0,
    0x0, 0x0, 0x0, 0x0, 0x0, 0xaf, 0xf8, 0x0, 0x0, 0x0, 0x0, 0x0, 0x0, 0xaf, 0xf8, 0x0,
    0x0, 0x0, 0x0, 0x0, 0x0, 0xaf, 0xf8, 0x0, 0x0, 0x0, 0x0, 0x0, 0x0, 0xaf, 0xf8, 0x0,
    0x0, 0x0, 0x0, 0x0, 0x0, 0xaf, 0xf8, 0x0, 0x0, 0x0, 0x0, 0x0, 0x0, 0xaf, 0xf8, 0x0,
    0x0, 0x0, 0x0, 0x0, 0x0, 0xaf, 0xf8, 0x0, 0x0, 0x0, 0x0, 0x0, 0x0, 0xaf, 0xf8, 0x0,
    0x0, 0x0, 0x0, 0x0, 0x0, 0xaf, 0xf8, 0x0, 0x0, 0x0, 0x0, 0x0, 0x0, 0xaf, 0xf8, 0x0,
    0x0, 0x0, 0x0, 0x0, 0x0, 0xaf, 0xf8, 0x0, 0x0, 0x0, 0x0, 0x0, 0x0, 0xaf, 0xf8, 0x0,
    0x0, 0x0, 0x0, 0x0, 0x0, 0xaf, 0xfd, 0xcc, 0xcc, 0xcc, 0xcc, 0xcc, 0xc8, 0xaf, 0xff, 0xff,
    0xff, 0xff, 0xff, 0xff, 0xfa, 0xaf, 0xff, 0xff, 0xff, 0xff, 0xff, 0xff, 0xfa, 0xaf, 0xf4, 0x0,
    0x0, 0x0, 0x0, 0x0, 0x0, 0x0, 0x0, 0xb, 0xff, 0x3a, 0xff, 0xd0, 0x0, 0x0, 0x0, 0x0,
    0x0, 0x0, 0x0, 0x5, 0xff, 0xf3, 0xaf, 0xff, 0x70, 0x0, 0x0, 0x0, 0x0, 0x0, 0x0, 0x1,
    0xdf, 0xff, 0x3a, 0xff, 0xfe, 0x20, 0x0, 0x0, 0x0, 0x0, 0x0, 0x0, 0x8f, 0xff, 0xf3, 0xaf,
    0xff, 0xfb, 0x0, 0x0, 0x0, 0x0, 0x0, 0x0, 0x2f, 0xff, 0xff, 0x3a, 0xff, 0xff, 0xf5, 0x0,
    0x0, 0x0, 0x0, 0x0, 0xb, 0xff, 0xff, 0xf3, 0xaf, 0xfb, 0xff, 0xd1, 0x0, 0x0, 0x0, 0x0,
    0x5, 0xff, 0xce, 0xff, 0x3a, 0xff, 0x7b, 0xff, 0x80, 0x0, 0x0, 0x0, 0x1, 0xdf, 0xf3, 0xef,
    0xf3, 0xaf, 0xf7, 0x2e, 0xff, 0x20, 0x0, 0x0, 0x0, 0x8f, 0xf9, 0xe, 0xff, 0x3a, 0xff, 0x70,
    0x7f, 0xfb, 0x0, 0x0, 0x0, 0x2f, 0xfe, 0x10, 0xef, 0xf3, 0xaf, 0xf7, 0x0, 0xdf, 0xf5, 0x0,
    0x0, 0xb, 0xff, 0x50, 0xe, 0xff, 0x3a, 0xff, 0x70, 0x4, 0xff, 0xd1, 0x0, 0x5, 0xff, 0xb0,
    0x0, 0xef, 0xf3, 0xaf, 0xf7, 0x0, 0xa, 0xff, 0x80, 0x0, 0xdf, 0xf2, 0x0, 0xd, 0xff, 0x3a,
    0xff, 0x70, 0x0, 0x1e, 0xff, 0x20, 0x8f, 0xf8, 0x0, 0x0, 0xdf, 0xf3, 0xaf, 0xf7, 0x0, 0x0,
    0x6f, 0xfb, 0x2f, 0xfd, 0x10, 0x0, 0xd, 0xff, 0x3a, 0xff, 0x70, 0x0, 0x0, 0xcf, 0xfd, 0xff,
    0x50, 0x0, 0x0, 0xdf, 0xf3, 0xaf, 0xf7, 0x0, 0x0, 0x3, 0xff, 0xff, 0xb0, 0x0, 0x0, 0xd,
    0xff, 0x3a, 0xff, 0x70, 0x0, 0x0, 0x9, 0xff, 0xf2, 0x0, 0x0, 0x0, 0xdf, 0xf3, 0xaf, 0xf7,
    0x0, 0x0, 0x0, 0x1e, 0xf7, 0x0, 0x0, 0x0, 0xd, 0xff, 0x3a, 0xff, 0x70, 0x0, 0x0, 0x0,
    0x35, 0x0, 0x0, 0x0, 0x0, 0xdf, 0xf3, 0xaf, 0xf7, 0x0, 0x0, 0x0, 0x0, 0x0, 0x0, 0x0,
    0x0, 0xd, 0xff, 0x3a, 0xff, 0x70, 0x0, 0x0, 0x0, 0x0, 0x0, 0x0, 0x0, 0x0, 0xdf, 0xf3,
    0xaf, 0xf6, 0x0, 0x0, 0x0, 0x0, 0x0, 0x0, 0x9f, 0xf9, 0xaf, 0xff, 0x30, 0x0, 0x0, 0x0,
    0x0, 0x0, 0x9f, 0xf9, 0xaf, 0xff, 0xe2, 0x0, 0x0, 0x0, 0x0, 0x0, 0x9f, 0xf9, 0xaf, 0xff,
    0xfc, 0x10, 0x0, 0x0, 0x0, 0x0, 0x9f, 0xf9, 0xaf, 0xff, 0xff, 0xa0, 0x0, 0x0, 0x0, 0x0,
    0x9f, 0xf9, 0xaf, 0xfe, 0xff, 0xf7, 0x0, 0x0, 0x0, 0x0, 0x9f, 0xf9, 0xaf, 0xf9, 0xbf, 0xff,
    0x50, 0x0, 0x0, 0x0, 0x9f, 0xf9, 0xaf, 0xf8, 0x1d, 0xff, 0xe3, 0x0, 0x0, 0x0, 0x9f, 0xf9,
    0xaf, 0xf8, 0x2, 0xef, 0xfd, 0x10, 0x0, 0x0, 0x9f, 0xf9, 0xaf, 0xf8, 0x0, 0x4f, 0xff, 0xb0,
    0x0, 0x0, 0x9f, 0xf9, 0xaf, 0xf8, 0x0, 0x7, 0xff, 0xf9, 0x0, 0x0, 0x9f, 0xf9, 0xaf, 0xf8,
    0x0, 0x0, 0xaf, 0xff, 0x60, 0x0, 0x9f, 0xf9, 0xaf, 0xf8, 0x0, 0x0, 0xc, 0xff, 0xf4, 0x0,
    0x9f, 0xf9, 0xaf, 0xf8, 0x0, 0x0, 0x2, 0xdf, 0xfe, 0x20, 0x9f, 0xf9, 0xaf, 0xf8, 0x0, 0x0,
    0x0, 0x3f, 0xff, 0xc1, 0x9f, 0xf9, 0xaf, 0xf8, 0x0, 0x0, 0x0, 0x5, 0xff, 0xfa, 0x9f, 0xf9,
    0xaf, 0xf8, 0x0, 0x0, 0x0, 0x0, 0x8f, 0xff, 0xef, 0xf9, 0xaf, 0xf8, 0x0, 0x0, 0x0, 0x0,
    0xa, 0xff, 0xff, 0xf9, 0xaf, 0xf8, 0x0, 0x0, 0x0, 0x0, 0x1, 0xcf, 0xff, 0xf9, 0xaf, 0xf8,
    0x0, 0x0, 0x0, 0x0, 0x0, 0x2e, 0xff, 0xf9, 0xaf, 0xf8, 0x0, 0x0, 0x0, 0x0, 0x0, 0x4,
    0xff, 0xf9, 0xaf, 0xf8, 0x0, 0x0, 0x0, 0x0, 0x0, 0x0, 0x6f, 0xf9, 0x0, 0x0, 0x0, 0x1,
    0x6a, 0xde, 0xfe, 0xda, 0x61, 0x0, 0x0, 0x0, 0x0, 0x0, 0x0, 0x19, 0xff, 0xff, 0xff, 0xff,
    0xff, 0xe8, 0x10, 0x0, 0x0, 0x0, 0x0, 0x5e, 0xff, 0xff, 0xdb, 0xab, 0xdf, 0xff, 0xfe, 0x40,
    0x0, 0x0, 0x0, 0x6f, 0xff, 0xf8, 0x20, 0x0, 0x0, 0x29, 0xff, 0xff, 0x50, 0x0, 0x0, 0x4f,
    0xff, 0xc3, 0x0, 0x0, 0x0, 0x0, 0x3, 0xdf, 0xff, 0x30, 0x0, 0x1e, 0xff, 0xc1, 0x0, 0x0,
    0x0, 0x0, 0x0, 0x1, 0xdf, 0xfd, 0x0, 0x8, 0xff, 0xe2, 0x0, 0x0, 0x0, 0x0, 0x0, 0x0,
    0x3, 0xff, 0xf6, 0x0, 0xdf, 0xf7, 0x0, 0x0, 0x0, 0x0, 0x0, 0x0, 0x0, 0x9, 0xff, 0xc0,
    0x3f, 0xff, 0x20, 0x0, 0x0, 0x0, 0x0, 0x0, 0x0, 0x0, 0x4f, 0xff, 0x15, 0xff, 0xd0, 0x0,
    0x0, 0x0, 0x0, 0x0, 0x0, 0x0, 0x0, 0xff, 0xf3, 0x7f, 0xfb, 0x0, 0x0, 0x0, 0x0, 0x0,
    0x0, 0x0, 0x0, 0xd, 0xff, 0x57, 0xff, 0xb0, 0x0, 0x0, 0x0, 0x0, 0x0, 0x0, 0x0, 0x0,
    0xdf, 0xf5, 0x5f, 0xfd, 0x0, 0x0, 0x0, 0x0, 0x0, 0x0, 0x0, 0x0, 0xf, 0xff, 0x33, 0xff,
    0xf2, 0x0, 0x0, 0x0, 0x0, 0x0, 0x0, 0x0, 0x4, 0xff, 0xf1, 0xd, 0xff, 0x70, 0x0, 0x0,
    0x0, 0x0, 0x0, 0x0, 0x0, 0x9f, 0xfc, 0x0, 0x8f, 0xfe, 0x20, 0x0, 0x0, 0x0, 0x0, 0x0,
    0x0, 0x3f, 0xff, 0x60, 0x1, 0xef, 0xfc, 0x10, 0x0, 0x0, 0x0, 0x0, 0x0, 0x1d, 0xff, 0xd0,
    0x0, 0x4, 0xff, 0xfc, 0x20, 0x0, 0x0, 0x0, 0x0, 0x3d, 0xff, 0xf3, 0x0, 0x0, 0x6, 0xff,
    0xfe, 0x82, 0x0, 0x0, 0x2, 0x8f, 0xff, 0xf5, 0x0, 0x0, 0x0, 0x5, 0xef, 0xff, 0xfd, 0xba,
    0xbd, 0xff, 0xff, 0xe4, 0x0, 0x0, 0x0, 0x0, 0x2, 0x9f, 0xff, 0xff, 0xff, 0xff, 0xfe, 0x91,
    0x0, 0x0, 0x0, 0x0, 0x0, 0x0, 0x26, 0xad, 0xef, 0xed, 0xa6, 0x10, 0x0, 0x0, 0x0, 0xaf,
    0xff, 0xff, 0xff, 0xff, 0xec, 0x94, 0x0, 0x0, 0xa, 0xff, 0xff, 0xff, 0xff, 0xff, 0xff, 0xfd,
    0x40, 0x0, 0xaf, 0xfd, 0xaa, 0xaa, 0xab, 0xce, 0xff, 0xff, 0x70, 0xa, 0xff, 0x80, 0x0, 0x0,
    0x0, 0x4, 0xcf, 0xff, 0x40, 0xaf, 0xf8, 0x0, 0x0, 0x0, 0x0, 0x1, 0xcf, 0xfc, 0xa, 0xff,
    0x80, 0x0, 0x0, 0x0, 0x0, 0x3, 0xff, 0xf3, 0xaf, 0xf8, 0x0, 0x0, 0x0, 0x0, 0x0, 0xd,
    0xff, 0x5a, 0xff, 0x80, 0x0, 0x0, 0x0, 0x0, 0x0, 0xcf, 0xf6, 0xaf, 0xf8, 0x0, 0x0, 0x0,
    0x0, 0x0, 0xd, 0xff, 0x5a, 0xff, 0x80, 0x0, 0x0, 0x0, 0x0, 0x3, 0xff, 0xf3, 0xaf, 0xf8,
    0x0, 0x0, 0x0, 0x0, 0x0, 0xbf, 0xfc, 0xa, 0xff, 0x80, 0x0, 0x0, 0x0, 0x4, 0xcf, 0xff,
    0x40, 0xaf, 0xfd, 0xaa, 0xaa, 0xaa, 0xce, 0xff, 0xff, 0x70, 0xa, 0xff, 0xff, 0xff, 0xff, 0xff,
    0xff, 0xfd, 0x40, 0x0, 0xaf, 0xff, 0xff, 0xff, 0xff, 0xec, 0x95, 0x0, 0x0, 0xa, 0xff, 0x80,
    0x0, 0x0, 0x0, 0x0, 0x0, 0x0, 0x0, 0xaf, 0xf8, 0x0, 0x0, 0x0, 0x0, 0x0, 0x0, 0x0,
    0xa, 0xff, 0x80, 0x0, 0x0, 0x0, 0x0, 0x0, 0x0, 0x0, 0xaf, 0xf8, 0x0, 0x0, 0x0, 0x0,
    0x0, 0x0, 0x0, 0xa, 0xff, 0x80, 0x0, 0x0, 0x0, 0x0, 0x0, 0x0, 0x0, 0xaf, 0xf8, 0x0,
    0x0, 0x0, 0x0, 0x0, 0x0, 0x0, 0xa, 0xff, 0x80, 0x0, 0x0, 0x0, 0x0, 0x0, 0x0, 0x0,
    0x0, 0x0, 0x0, 0x1, 0x6a, 0xde, 0xfe, 0xda, 0x61, 0x0, 0x0, 0x0, 0x0, 0x0, 0x0, 0x1,
    0x9f, 0xff, 0xff, 0xff, 0xff, 0xfe, 0x81, 0x0, 0x0, 0x0, 0x0, 0x0, 0x5e, 0xff, 0xff, 0xdb,
    0xab, 0xdf, 0xff, 0xfe, 0x40, 0x0, 0x0, 0x0, 0x6, 0xff, 0xff, 0x82, 0x0, 0x0, 0x3, 0x9f,
    0xff, 0xf5, 0x0, 0x0, 0x0, 0x4f, 0xff, 0xc3, 0x0, 0x0, 0x0, 0x0, 0x3, 0xdf, 0xff, 0x30,
    0x0, 0x1, 0xef, 0xfc, 0x10, 0x0, 0x0, 0x0, 0x0, 0x0, 0x1d, 0xff, 0xc0, 0x0, 0x7, 0xff,
    0xe2, 0x0, 0x0, 0x0, 0x0, 0x0, 0x0, 0x3, 0xff, 0xf5, 0x0, 0xd, 0xff, 0x70, 0x0, 0x0,
    0x0, 0x0, 0x0, 0x0, 0x0, 0x9f, 0xfb, 0x0, 0x2f, 0xff, 0x20, 0x0, 0x0, 0x0, 0x0, 0x0,
    0x0, 0x0, 0x4f, 0xff, 0x10, 0x5f, 0xfd, 0x0, 0x0, 0x0, 0x0, 0x0, 0x0, 0x0, 0x0, 0xf,
    0xff, 0x30, 0x7f, 0xfb, 0x0, 0x0, 0x0, 0x0, 0x0, 0x0, 0x0, 0x0, 0xd, 0xff, 0x50, 0x7f,
    0xfb, 0x0, 0x0, 0x0, 0x0, 0x0, 0x0, 0x0, 0x0, 0xd, 0xff, 0x50, 0x6f, 0xfd, 0x0, 0x0,
    0x0, 0x0, 0x0, 0x0, 0x0, 0x0, 0xf, 0xff, 0x40, 0x3f, 0xff, 0x20, 0x0, 0x0, 0x0, 0x0,
    0x0, 0x0, 0x0, 0x4f, 0xff, 0x10, 0xe, 0xff, 0x70, 0x0, 0x0, 0x0, 0x0, 0x0, 0x0, 0x0,
    0x9f, 0xfc, 0x0, 0x8, 0xff, 0xe2, 0x0, 0x0, 0x0, 0x0, 0x0, 0x0, 0x3, 0xff, 0xf6, 0x0,
    0x2, 0xef, 0xfc, 0x10, 0x0, 0x0, 0x0, 0x0, 0x0, 0x1d, 0xff, 0xd0, 0x0, 0x0, 0x6f, 0xff,
    0xc2, 0x0, 0x0, 0x0, 0x0, 0x3, 0xdf, 0xff, 0x40, 0x0, 0x0, 0x9, 0xff, 0xfe, 0x82, 0x0,
    0x0, 0x2, 0x9f, 0xff, 0xf6, 0x0, 0x0, 0x0, 0x0, 0x8f, 0xff, 0xff, 0xdb, 0xab, 0xdf, 0xff,
    0xfe, 0x50, 0x0, 0x0, 0x0, 0x0, 0x4, 0xcf, 0xff, 0xff, 0xff, 0xff, 0xff, 0xa2, 0x0, 0x0,
    0x0, 0x0, 0x0, 0x0, 0x4, 0x9c, 0xef, 0xff, 0xfd, 0x72, 0x0, 0x0, 0x0, 0x0, 0x0, 0x0,
    0x0, 0x0, 0x0, 0x1, 0xcf, 0xff, 0x50, 0x0, 0x0, 0x8, 0x40, 0x0, 0x0, 0x0, 0x0, 0x0,
    0x0, 0x1c, 0xff, 0xfa, 0x31, 0x14, 0xbf, 0xe2, 0x0, 0x0, 0x0, 0x0, 0x0, 0x0, 0x1, 0xaf,
    0xff, 0xff, 0xff, 0xff, 0xc1, 0x0, 0x0, 0x0, 0x0, 0x0, 0x0, 0x0, 0x6, 0xef, 0xff, 0xff,
    0xf9, 0x10, 0x0, 0x0, 0x0, 0x0, 0x0, 0x0, 0x0, 0x0, 0x5, 0x8a, 0x97, 0x20, 0x0, 0xaf,
    0xff, 0xff, 0xff, 0xff, 0xec, 0x94, 0x0, 0x0, 0xa, 0xff, 0xff, 0xff, 0xff, 0xff, 0xff, 0xfd,
    0x40, 0x0, 0xaf, 0xfd, 0xaa, 0xaa, 0xab, 0xce, 0xff, 0xff, 0x70, 0xa, 0xff, 0x80, 0x0, 0x0,
    0x0, 0x4, 0xcf, 0xff, 0x40, 0xaf, 0xf8, 0x0, 0x0, 0x0, 0x0, 0x1, 0xcf, 0xfc, 0xa, 0xff,
    0x80, 0x0, 0x0, 0x0, 0x0, 0x3, 0xff, 0xf2, 0xaf, 0xf8, 0x0, 0x0, 0x0, 0x0, 0x0, 0xd,
    0xff, 0x5a, 0xff, 0x80, 0x0, 0x0, 0x0, 0x0, 0x0, 0xcf, 0xf6, 0xaf, 0xf8, 0x0, 0x0, 0x0,
    0x0, 0x0, 0xd, 0xff, 0x5a, 0xff, 0x80, 0x0, 0x0, 0x0, 0x0, 0x3, 0xff, 0xf3, 0xaf, 0xf8,
    0x0, 0x0, 0x0, 0x0, 0x1, 0xcf, 0xfd, 0xa, 0xff, 0x80, 0x0, 0x0, 0x0, 0x4, 0xcf, 0xff,
    0x50, 0xaf, 0xfd, 0xaa, 0xaa, 0xaa, 0xce, 0xff, 0xff, 0x70, 0xa, 0xff, 0xff, 0xff, 0xff, 0xff,
    0xff, 0xfd, 0x50, 0x0, 0xaf, 0xff, 0xff, 0xff, 0xff, 0xff, 0xfc, 0x0, 0x0, 0xa, 0xff, 0x80,
    0x0, 0x0, 0x2, 0xef, 0xf5, 0x0, 0x0, 0xaf, 0xf8, 0x0, 0x0, 0x0, 0x6, 0xff, 0xe1, 0x0,
    0xa, 0xff, 0x80, 0x0, 0x0, 0x0, 0xb, 0xff, 0xb0, 0x0, 0xaf, 0xf8, 0x0, 0x0, 0x0, 0x0,
    0x2e, 0xff, 0x60, 0xa, 0xff, 0x80, 0x0, 0x0, 0x0, 0x0, 0x6f, 0xfe, 0x20, 0xaf, 0xf8, 0x0,
    0x0, 0x0, 0x0, 0x0, 0xaf, 0xfc, 0xa, 0xff, 0x80, 0x0, 0x0, 0x0, 0x0, 0x1, 0xef, 0xf7,
    0x0, 0x0, 0x26, 0xad, 0xef, 0xed, 0xa6, 0x10, 0x0, 0x0, 0x8, 0xef, 0xff, 0xff, 0xff, 0xff,
    0xfa, 0x20, 0x0, 0xaf, 0xff, 0xfd, 0xba, 0xbe, 0xff, 0xff, 0x60, 0x6, 0xff, 0xf8, 0x10, 0x0,
    0x0, 0x28, 0xee, 0x10, 0xd, 0xff, 0x70, 0x0, 0x0, 0x0, 0x0, 0x14, 0x0, 0x1f, 0xff, 0x10,
    0x0, 0x0, 0x0, 0x0, 0x0, 0x0, 0x2f, 0xff, 0x10, 0x0, 0x0, 0x0, 0x0, 0x0, 0x0, 0xe,
    0xff, 0x70, 0x0, 0x0, 0x0, 0x0, 0x0, 0x0, 0x9, 0xff, 0xf9, 0x20, 0x0, 0x0, 0x0, 0x0,
    0x0, 0x1, 0xcf, 0xff, 0xfc, 0x85, 0x10, 0x0, 0x0, 0x0, 0x0, 0x19, 0xff, 0xff, 0xff, 0xfc,
    0x83, 0x0, 0x0, 0x0, 0x0, 0x27, 0xcf, 0xff, 0xff, 0xff, 0xb2, 0x0, 0x0, 0x0, 0x0, 0x1,
    0x48, 0xcf, 0xff, 0xfe, 0x40, 0x0, 0x0, 0x0, 0x0, 0x0, 0x1, 0x7e, 0xff, 0xe1, 0x0, 0x0,
    0x0, 0x0, 0x0, 0x0, 0x3, 0xff, 0xf6, 0x0, 0x0, 0x0, 0x0, 0x0, 0x0, 0x0, 0xaf, 0xf8,
    0x0, 0x0, 0x0, 0x0, 0x0, 0x0, 0x0, 0xaf, 0xf7, 0xc, 0x70, 0x0, 0x0, 0x0, 0x0, 0x2,
    0xef, 0xf4, 0x5f, 0xfd, 0x72, 0x0, 0x0, 0x0, 0x5d, 0xff, 0xc0, 0x5e, 0xff, 0xff, 0xec, 0xba,
    0xce, 0xff, 0xfe, 0x30, 0x2, 0x9e, 0xff, 0xff, 0xff, 0xff, 0xff, 0xb2, 0x0, 0x0, 0x1, 0x59,
    0xcd, 0xfe, 0xdc, 0x83, 0x0, 0x0, 0xdf, 0xff, 0xff, 0xff, 0xff, 0xff, 0xff, 0xff, 0xff, 0xad,
    0xff, 0xff, 0xff, 0xff, 0xff, 0xff, 0xff, 0xff, 0xfa, 0x9a, 0xaa, 0xaa, 0xab, 0xff, 0xfa, 0xaa,
    0xaa, 0xaa, 0x70, 0x0, 0x0, 0x0, 0x3f, 0xff, 0x0, 0x0, 0x0, 0x0, 0x0, 0x0, 0x0, 0x3,
    0xff, 0xf0, 0x0, 0x0, 0x0, 0x0, 0x0, 0x0, 0x0, 0x3f, 0xff, 0x0, 0x0, 0x0, 0x0, 0x0,
    0x0, 0x0, 0x3, 0xff, 0xf0, 0x0, 0x0, 0x0, 0x0, 0x0, 0x0, 0x0, 0x3f, 0xff, 0x0, 0x0,
    0x0, 0x0, 0x0, 0x0, 0x0, 0x3, 0xff, 0xf0, 0x0, 0x0, 0x0, 0x0, 0x0, 0x0, 0x0, 0x3f,
    0xff, 0x0, 0x0, 0x0, 0x0, 0x0, 0x0, 0x0, 0x3, 0xff, 0xf0, 0x0, 0x0, 0x0, 0x0, 0x0,
    0x0, 0x0, 0x3f, 0xff, 0x0, 0x0, 0x0, 0x0, 0x0, 0x0, 0x0, 0x3, 0xff, 0xf0, 0x0, 0x0,
    0x0, 0x0, 0x0, 0x0, 0x0, 0x3f, 0xff, 0x0, 0x0, 0x0, 0x0, 0x0, 0x0, 0x0, 0x3, 0xff,
    0xf0, 0x0, 0x0, 0x0, 0x0, 0x0, 0x0, 0x0, 0x3f, 0xff, 0x0, 0x0, 0x0, 0x0, 0x0, 0x0,
    0x0, 0x3, 0xff, 0xf0, 0x0, 0x0, 0x0, 0x0, 0x0, 0x0, 0x0, 0x3f, 0xff, 0x0, 0x0, 0x0,
    0x0, 0x0, 0x0, 0x0, 0x3, 0xff, 0xf0, 0x0, 0x0, 0x0, 0x0, 0x0, 0x0, 0x0, 0x3f, 0xff,
    0x0, 0x0, 0x0, 0x0, 0x0, 0x0, 0x0, 0x3, 0xff, 0xf0, 0x0, 0x0, 0x0, 0x0, 0x0, 0x0,
    0x0, 0x3f, 0xff, 0x0, 0x0, 0x0, 0x0, 0xcf, 0xf6, 0x0, 0x0, 0x0, 0x0, 0x0, 0x0, 0xff,
    0xf2, 0xcf, 0xf6, 0x0, 0x0, 0x0, 0x0, 0x0, 0x0, 0xff, 0xf2, 0xcf, 0xf6, 0x0, 0x0, 0x0,
    0x0, 0x0, 0x0, 0xff, 0xf2, 0xcf, 0xf6, 0x0, 0x0, 0x0, 0x0, 0x0, 0x0, 0xff, 0xf2, 0xcf,
    0xf6, 0x0, 0x0, 0x0, 0x0, 0x0, 0x0, 0xff, 0xf2, 0xcf, 0xf6, 0x0, 0x0, 0x0, 0x0, 0x0,
    0x0, 0xff, 0xf2, 0xcf, 0xf6, 0x0, 0x0, 0x0, 0x0, 0x0, 0x0, 0xff, 0xf2, 0xcf, 0xf6, 0x0,
    0x0, 0x0, 0x0, 0x0, 0x0, 0xff, 0xf2, 0xcf, 0xf6, 0x0, 0x0, 0x0, 0x0, 0x0, 0x0, 0xff,
    0xf2, 0xcf, 0xf6, 0x0, 0x0, 0x0, 0x0, 0x0, 0x0, 0xff, 0xf2, 0xcf, 0xf6, 0x0, 0x0, 0x0,
    0x0, 0x0, 0x0, 0xff, 0xf2, 0xcf, 0xf6, 0x0, 0x0, 0x0, 0x0, 0x0, 0x0, 0xff, 0xf2, 0xcf,
    0xf6, 0x0, 0x0, 0x0, 0x0, 0x0, 0x0, 0xff, 0xf1, 0xbf, 0xf7, 0x0, 0x0, 0x0, 0x0, 0x0,
    0x1, 0xff, 0xf0, 0xaf, 0xf9, 0x0, 0x0, 0x0, 0x0, 0x0, 0x3, 0xff, 0xe0, 0x7f, 0xfc, 0x0,
    0x0, 0x0, 0x0, 0x0, 0x7, 0xff, 0xb0, 0x3f, 0xff, 0x40, 0x0, 0x0, 0x0, 0x0, 0xd, 0xff,
    0x70, 0xb, 0xff, 0xd1, 0x0, 0x0, 0x0, 0x0, 0x9f, 0xfe, 0x10, 0x3, 0xef, 0xfd, 0x50, 0x0,
    0x0, 0x3b, 0xff, 0xf6, 0x0, 0x0, 0x5f, 0xff, 0xfe, 0xba, 0xbd, 0xff, 0xff, 0x90, 0x0, 0x0,
    0x3, 0xcf, 0xff, 0xff, 0xff, 0xff, 0xe6, 0x0, 0x0, 0x0, 0x0, 0x4, 0x9c, 0xef, 0xed, 0xa6,
    0x10, 0x0, 0x0, 0xcf, 0xfa, 0x0, 0x0, 0x0, 0x0, 0x0, 0x0, 0x0, 0x9, 0xff, 0x95, 0xff,
    0xf2, 0x0, 0x0, 0x0, 0x0, 0x0, 0x0, 0x1, 0xff, 0xf2, 0xd, 0xff, 0x80, 0x0, 0x0, 0x0,
    0x0, 0x0, 0x0, 0x8f, 0xfa, 0x0, 0x7f, 0xfe, 0x10, 0x0, 0x0, 0x0, 0x0, 0x0, 0x1e, 0xff,
    0x40, 0x1, 0xef, 0xf6, 0x0, 0x0, 0x0, 0x0, 0x0, 0x6, 0xff, 0xc0, 0x0, 0x9, 0xff, 0xd0,
    0x0, 0x0, 0x0, 0x0, 0x0, 0xdf, 0xf5, 0x0, 0x0, 0x2f, 0xff, 0x50, 0x0, 0x0, 0x0, 0x0,
    0x5f, 0xfd, 0x0, 0x0, 0x0, 0xaf, 0xfc, 0x0, 0x0, 0x0, 0x0, 0xb, 0xff, 0x70, 0x0, 0x0,
    0x3, 0xff, 0xf3, 0x0, 0x0, 0x0, 0x3, 0xff, 0xe1, 0x0, 0x0, 0x0, 0xc, 0xff, 0xa0, 0x0,
    0x0, 0x0, 0xaf, 0xf9, 0x0, 0x0, 0x0, 0x0, 0x5f, 0xff, 0x20, 0x0, 0x0, 0x2f, 0xff, 0x20,
    0x0, 0x0, 0x0, 0x0, 0xdf, 0xf8, 0x0, 0x0, 0x8, 0xff, 0xa0, 0x0, 0x0, 0x0, 0x0, 0x6,
    0xff, 0xe1, 0x0, 0x1, 0xef, 0xf3, 0x0, 0x0, 0x0, 0x0, 0x0, 0x1e, 0xff, 0x70, 0x0, 0x7f,
    0xfc, 0x0, 0x0, 0x0, 0x0, 0x0, 0x0, 0x8f, 0xfd, 0x0, 0xd, 0xff, 0x50, 0x0, 0x0, 0x0,
    0x0, 0x0, 0x2, 0xff, 0xf5, 0x5, 0xff, 0xd0, 0x0, 0x0, 0x0, 0x0, 0x0, 0x0, 0xa, 0xff,
    0xc0, 0xcf, 0xf7, 0x0, 0x0, 0x0, 0x0, 0x0, 0x0, 0x0, 0x3f, 0xff, 0x7f, 0xfe, 0x10, 0x0,
    0x0, 0x0, 0x0, 0x0, 0x0, 0x0, 0xbf, 0xff, 0xff, 0x80, 0x0, 0x0, 0x0, 0x0, 0x0, 0x0,
    0x0, 0x4, 0xff, 0xff, 0xf2, 0x0, 0x0, 0x0, 0x0, 0x0, 0x0, 0x0, 0x0, 0xd, 0xff, 0xfa,
    0x0, 0x0, 0x0, 0x0, 0x0, 0x0, 0x0, 0x0, 0x0, 0x6f, 0xff, 0x30, 0x0, 0x0, 0x0, 0x0,
    0xcf, 0xf7, 0x0, 0x0, 0x0, 0x0, 0x0, 0x8, 0xff, 0xc0, 0x0, 0x0, 0x0, 0x0, 0x0, 0x3f,
    0xfd, 0x7f, 0xfc, 0x0, 0x0, 0x0, 0x0, 0x0, 0xd, 0xff, 0xf2, 0x0, 0x0, 0x0, 0x0, 0x0,
    0x8f, 0xf8, 0x2f, 0xff, 0x20, 0x0, 0x0, 0x0, 0x0, 0x3f, 0xff, 0xf7, 0x0, 0x0, 0x0, 0x0,
    0x0, 0xdf, 0xf2, 0xc, 0xff, 0x70, 0x0, 0x0, 0x0, 0x0, 0x8f, 0xff, 0xfc, 0x0, 0x0, 0x0,
    0x0, 0x4, 0xff, 0xc0, 0x7, 0xff, 0xd0, 0x0, 0x0, 0x0, 0x0, 0xef, 0xfe, 0xff, 0x20, 0x0,
    0x0, 0x0, 0x9, 0xff, 0x70, 0x2, 0xff, 0xf3, 0x0, 0x0, 0x0, 0x4, 0xff, 0xb9, 0xff, 0x80,
    0x0, 0x0, 0x0, 0xe, 0xff, 0x20, 0x0, 0xbf, 0xf8, 0x0, 0x0, 0x0, 0x9, 0xff, 0x54, 0xff,
    0xd0, 0x0, 0x0, 0x0, 0x4f, 0xfc, 0x0, 0x0, 0x6f, 0xfd, 0x0, 0x0, 0x0, 0xe, 0xfe, 0x10,
    0xef, 0xf3, 0x0, 0x0, 0x0, 0x9f, 0xf7, 0x0, 0x0, 0x1f, 0xff, 0x30, 0x0, 0x0, 0x5f, 0xfa,
    0x0, 0x8f, 0xf8, 0x0, 0x0, 0x0, 0xef, 0xf2, 0x0, 0x0, 0xb, 0xff, 0x80, 0x0, 0x0, 0xaf,
    0xf5, 0x0, 0x3f, 0xfd, 0x0, 0x0, 0x4, 0xff, 0xc0, 0x0, 0x0, 0x6, 0xff, 0xd0, 0x0, 0x1,
    0xff, 0xe0, 0x0, 0xd, 0xff, 0x30, 0x0, 0xa, 0xff, 0x70, 0x0, 0x0, 0x1, 0xff, 0xf3, 0x0,
    0x6, 0xff, 0x90, 0x0, 0x8, 0xff, 0x80, 0x0, 0xe, 0xff, 0x20, 0x0, 0x0, 0x0, 0xbf, 0xf8,
    0x0, 0xb, 0xff, 0x40, 0x0, 0x2, 0xff, 0xe0, 0x0, 0x5f, 0xfb, 0x0, 0x0, 0x0, 0x0, 0x6f,
    0xfd, 0x0, 0x1f, 0xfd, 0x0, 0x0, 0x0, 0xcf, 0xf4, 0x0, 0xaf, 0xf6, 0x0, 0x0, 0x0, 0x0,
    0x1f, 0xff, 0x30, 0x7f, 0xf8, 0x0, 0x0, 0x0, 0x7f, 0xf9, 0x1, 0xef, 0xf1, 0x0, 0x0, 0x0,
    0x0, 0xa, 0xff, 0x80, 0xcf, 0xf3, 0x0, 0x0, 0x0, 0x2f, 0xfe, 0x5, 0xff, 0xb0, 0x0, 0x0,
    0x0, 0x0, 0x5, 0xff, 0xd2, 0xff, 0xd0, 0x0, 0x0, 0x0, 0xc, 0xff, 0x4a, 0xff, 0x60, 0x0,
    0x0, 0x0, 0x0, 0x1, 0xff, 0xfb, 0xff, 0x80, 0x0, 0x0, 0x0, 0x6, 0xff, 0xaf, 0xff, 0x10,
    0x0, 0x0, 0x0, 0x0, 0x0, 0xaf, 0xff, 0xff, 0x20, 0x0, 0x0, 0x0, 0x1, 0xff, 0xff, 0xfb,
    0x0, 0x0, 0x0, 0x0, 0x0, 0x0, 0x5f, 0xff, 0xfc, 0x0, 0x0, 0x0, 0x0, 0x0, 0xbf, 0xff,
    0xf5, 0x0, 0x0, 0x0, 0x0, 0x0, 0x0, 0x1e, 0xff, 0xf7, 0x0, 0x0, 0x0, 0x0, 0x0, 0x6f,
    0xff, 0xf1, 0x0, 0x0, 0x0, 0x0, 0x0, 0x0, 0xa, 0xff, 0xf2, 0x0, 0x0, 0x0, 0x0, 0x0,
    0x1f, 0xff, 0xa0, 0x0, 0x0, 0x0, 0xb, 0xff, 0xd1, 0x0, 0x0, 0x0, 0x0, 0x0, 0x5f, 0xff,
    0x30, 0x1, 0xdf, 0xfa, 0x0, 0x0, 0x0, 0x0, 0x2, 0xef, 0xf7, 0x0, 0x0, 0x4f, 0xff, 0x60,
    0x0, 0x0, 0x0, 0xb, 0xff, 0xa0, 0x0, 0x0, 0x8, 0xff, 0xf3, 0x0, 0x0, 0x0, 0x7f, 0xfd,
    0x10, 0x0, 0x0, 0x0, 0xbf, 0xfd, 0x10, 0x0, 0x4, 0xff, 0xf3, 0x0, 0x0, 0x0, 0x0, 0x2e,
    0xff, 0x90, 0x0, 0x1d, 0xff, 0x70, 0x0, 0x0, 0x0, 0x0, 0x5, 0xff, 0xf5, 0x0, 0xaf, 0xfb,
    0x0, 0x0, 0x0, 0x0, 0x0, 0x0, 0x9f, 0xfe, 0x26, 0xff, 0xe1, 0x0, 0x0, 0x0, 0x0, 0x0,
    0x0, 0xc, 0xff, 0xdf, 0xff, 0x40, 0x0, 0x0, 0x0, 0x0, 0x0, 0x0, 0x2, 0xef, 0xff, 0xf8,
    0x0, 0x0, 0x0, 0x0, 0x0, 0x0, 0x0, 0x0, 0x6f, 0xff, 0xd0, 0x0, 0x0, 0x0, 0x0, 0x0,
    0x0, 0x0, 0x0, 0xbf, 0xff, 0xf4, 0x0, 0x0, 0x0, 0x0, 0x0, 0x0, 0x0, 0x7, 0xff, 0xff,
    0xfe, 0x10, 0x0, 0x0, 0x0, 0x0, 0x0, 0x0, 0x3f, 0xff, 0x5d, 0xff, 0xb0, 0x0, 0x0, 0x0,
    0x0, 0x0, 0x1, 0xdf, 0xf9, 0x3, 0xef, 0xf8, 0x0, 0x0, 0x0, 0x0, 0x0, 0xb, 0xff, 0xc0,
    0x0, 0x6f, 0xff, 0x40, 0x0, 0x0, 0x0, 0x0, 0x7f, 0xfe, 0x20, 0x0, 0xa, 0xff, 0xe1, 0x0,
    0x0, 0x0, 0x3, 0xff, 0xf6, 0x0, 0x0, 0x1, 0xdf, 0xfb, 0x0, 0x0, 0x0, 0x1d, 0xff, 0xa0,
    0x0, 0x0, 0x0, 0x3f, 0xff, 0x80, 0x0, 0x0, 0xbf, 0xfd, 0x10, 0x0, 0x0, 0x0, 0x6, 0xff,
    0xf4, 0x0, 0x7, 0xff, 0xf3, 0x0, 0x0, 0x0, 0x0, 0x0, 0xaf, 0xfe, 0x10, 0x3f, 0xff, 0x70,
    0x0, 0x0, 0x0, 0x0, 0x0, 0x1d, 0xff, 0xb0, 0xc, 0xff, 0x90, 0x0, 0x0, 0x0, 0x0, 0x0,
    0x0, 0xaf, 0xf8, 0x3, 0xff, 0xf3, 0x0, 0x0, 0x0, 0x0, 0x0, 0x4, 0xff, 0xd1, 0x0, 0x9f,
    0xfc, 0x0, 0x0, 0x0, 0x0, 0x0, 0xd, 0xff, 0x40, 0x0, 0x1e, 0xff, 0x70, 0x0, 0x0, 0x0,
    0x0, 0x8f, 0xfa, 0x0, 0x0, 0x5, 0xff, 0xe2, 0x0, 0x0, 0x0, 0x2, 0xff, 0xe2, 0x0, 0x0,
    0x0, 0xbf, 0xfa, 0x0, 0x0, 0x0, 0xb, 0xff, 0x70, 0x0, 0x0, 0x0, 0x2f, 0xff, 0x50, 0x0,
    0x0, 0x5f, 0xfc, 0x0, 0x0, 0x0, 0x0, 0x7, 0xff, 0xd1, 0x0, 0x1, 0xef, 0xf3, 0x0, 0x0,
    0x0, 0x0, 0x0, 0xdf, 0xf8, 0x0, 0x9, 0xff, 0x90, 0x0, 0x0, 0x0, 0x0, 0x0, 0x4f, 0xff,
    0x30, 0x3f, 0xfe, 0x10, 0x0, 0x0, 0x0, 0x0, 0x0, 0x9, 0xff, 0xb0, 0xcf, 0xf5, 0x0, 0x0,
    0x0, 0x0, 0x0, 0x0, 0x1, 0xef, 0xfb, 0xff, 0xb0, 0x0, 0x0, 0x0, 0x0, 0x0, 0x0, 0x0,
    0x6f, 0xff, 0xff, 0x20, 0x0, 0x0, 0x0, 0x0, 0x0, 0x0, 0x0, 0xb, 0xff, 0xf8, 0x0, 0x0,
    0x0, 0x0, 0x0, 0x0, 0x0, 0x0, 0x4, 0xff, 0xe0, 0x0, 0x0, 0x0, 0x0, 0x0, 0x0, 0x0,
    0x0, 0x4, 0xff, 0xe0, 0x0, 0x0, 0x0, 0x0, 0x0, 0x0, 0x0, 0x0, 0x4, 0xff, 0xe0, 0x0,
    0x0, 0x0, 0x0, 0x0, 0x0, 0x0, 0x0, 0x4, 0xff, 0xe0, 0x0, 0x0, 0x0, 0x0, 0x0, 0x0,
    0x0, 0x0, 0x4, 0xff, 0xe0, 0x0, 0x0, 0x0, 0x0, 0x0, 0x0, 0x0, 0x0, 0x4, 0xff, 0xe0,
    0x0, 0x0, 0x0, 0x0, 0x0, 0x0, 0x0, 0x0, 0x4, 0xff, 0xe0, 0x0, 0x0, 0x0, 0x0, 0x0,
    0x0, 0x0, 0x0, 0x4, 0xff, 0xe0, 0x0, 0x0, 0x0, 0x0, 0x6f, 0xff, 0xff, 0xff, 0xff, 0xff,
    0xff, 0xff, 0xff, 0xa0, 0x6f, 0xff, 0xff, 0xff, 0xff, 0xff, 0xff, 0xff, 0xff, 0xa0, 0x4a, 0xaa,
    0xaa, 0xaa, 0xaa, 0xaa, 0xaa, 0xdf, 0xff, 0x50, 0x0, 0x0, 0x0, 0x0, 0x0, 0x0, 0x4, 0xff,
    0xf8, 0x0, 0x0, 0x0, 0x0, 0x0, 0x0, 0x0, 0x2e, 0xff, 0xb0, 0x0, 0x0, 0x0, 0x0, 0x0,
    0x0, 0x1, 0xcf, 0xfd, 0x10, 0x0, 0x0, 0x0, 0x0, 0x0, 0x0, 0xa, 0xff, 0xe2, 0x0, 0x0,
    0x0, 0x0, 0x0, 0x0, 0x0, 0x7f, 0xff, 0x40, 0x0, 0x0, 0x0, 0x0, 0x0, 0x0, 0x5, 0xff,
    0xf7, 0x0, 0x0, 0x0, 0x0, 0x0, 0x0, 0x0, 0x2e, 0xff, 0xa0, 0x0, 0x0, 0x0, 0x0, 0x0,
    0x0, 0x1, 0xdf, 0xfc, 0x10, 0x0, 0x0, 0x0, 0x0, 0x0, 0x0, 0xb, 0xff, 0xe2, 0x0, 0x0,
    0x0, 0x0, 0x0, 0x0, 0x0, 0x8f, 0xff, 0x40, 0x0, 0x0, 0x0, 0x0, 0x0, 0x0, 0x6, 0xff,
    0xf6, 0x0, 0x0, 0x0, 0x0, 0x0, 0x0, 0x0, 0x3f, 0xff, 0x90, 0x0, 0x0, 0x0, 0x0, 0x0,
    0x0, 0x2, 0xef, 0xfb, 0x0, 0x0, 0x0, 0x0, 0x0, 0x0, 0x0, 0xc, 0xff, 0xd1, 0x0, 0x0,
    0x0, 0x0, 0x0, 0x0, 0x0, 0xaf, 0xfe, 0x30, 0x0, 0x0, 0x0, 0x0, 0x0, 0x0, 0x7, 0xff,
    0xf5, 0x0, 0x0, 0x0, 0x0, 0x0, 0x0, 0x0, 0x4f, 0xff, 0xea, 0xaa, 0xaa, 0xaa, 0xaa, 0xaa,
    0xaa, 0xa1, 0x9f, 0xff, 0xff, 0xff, 0xff, 0xff, 0xff, 0xff, 0xff, 0xf1, 0x9f, 0xff, 0xff, 0xff,
    0xff, 0xff, 0xff, 0xff, 0xff, 0xf1, 0xaf, 0xff, 0xff, 0xf1, 0xaf, 0xff, 0xff, 0xf1, 0xaf, 0xfc,
    0xaa, 0xa0, 0xaf, 0xf7, 0x0, 0x0, 0xaf, 0xf7, 0x0, 0x0, 0xaf, 0xf7, 0x0, 0x0, 0xaf, 0xf7,
    0x0, 0x0, 0xaf, 0xf7, 0x0, 0x0, 0xaf, 0xf7, 0x0, 0x0, 0xaf, 0xf7, 0x0, 0x0, 0xaf, 0xf7,
    0x0, 0x0, 0xaf, 0xf7, 0x0, 0x0, 0xaf, 0xf7, 0x0, 0x0, 0xaf, 0xf7, 0x0, 0x0, 0xaf, 0xf7,
    0x0, 0x0, 0xaf, 0xf7, 0x0, 0x0, 0xaf, 0xf7, 0x0, 0x0, 0xaf, 0xf7, 0x0, 0x0, 0xaf, 0xf7,
    0x0, 0x0, 0xaf, 0xf7, 0x0, 0x0, 0xaf, 0xf7, 0x0, 0x0, 0xaf, 0xf7, 0x0, 0x0, 0xaf, 0xf7,
    0x0, 0x0, 0xaf, 0xf7, 0x0, 0x0, 0xaf, 0xf7, 0x0, 0x0, 0xaf, 0xf7, 0x0, 0x0, 0xaf, 0xf7,
    0x0, 0x0, 0xaf, 0xfc, 0xaa, 0xa0, 0xaf, 0xff, 0xff, 0xf1, 0xaf, 0xff, 0xff, 0xf1, 0x1f, 0xfb,
    0x0, 0x0, 0x0, 0x0, 0x0, 0x0, 0xaf, 0xf1, 0x0, 0x0, 0x0, 0x0, 0x0, 0x5, 0xff, 0x70,
    0x0, 0x0, 0x0, 0x0, 0x0, 0x1e, 0xfc, 0x0, 0x0, 0x0, 0x0, 0x0, 0x0, 0xaf, 0xf2, 0x0,
    0x0, 0x0, 0x0, 0x0, 0x4, 0xff, 0x70, 0x0, 0x0, 0x0, 0x0, 0x0, 0xe, 0xfd, 0x0, 0x0,
    0x0, 0x0, 0x0, 0x0, 0x9f, 0xf3, 0x0, 0x0, 0x0, 0x0, 0x0, 0x3, 0xff, 0x80, 0x0, 0x0,
    0x0, 0x0, 0x0, 0xd, 0xfd, 0x0, 0x0, 0x0, 0x0, 0x0, 0x0, 0x8f, 0xf4, 0x0, 0x0, 0x0,
    0x0, 0x0, 0x3, 0xff, 0x90, 0x0, 0x0, 0x0, 0x0, 0x0, 0xc, 0xfe, 0x0, 0x0, 0x0, 0x0,
    0x0, 0x0, 0x7f, 0xf5, 0x0, 0x0, 0x0, 0x0, 0x0, 0x2, 0xff, 0xa0, 0x0, 0x0, 0x0, 0x0,
    0x0, 0xb, 0xfe, 0x10, 0x0, 0x0, 0x0, 0x0, 0x0, 0x6f, 0xf6, 0x0, 0x0, 0x0, 0x0, 0x0,
    0x1, 0xff, 0xb0, 0x0, 0x0, 0x0, 0x0, 0x0, 0xb, 0xff, 0x10, 0x0, 0x0, 0x0, 0x0, 0x0,
    0x5f, 0xf6, 0x0, 0x0, 0x0, 0x0, 0x0, 0x1, 0xef, 0xc0, 0x0, 0x0, 0x0, 0x0, 0x0, 0xa,
    0xff, 0x20, 0x0, 0x0, 0x0, 0x0, 0x0, 0x4f, 0xf7, 0x0, 0x0, 0x0, 0x0, 0x0, 0x0, 0xef,
    0xd0, 0x0, 0x0, 0x0, 0x0, 0x0, 0x9, 0xff, 0x30, 0x0, 0x0, 0x0, 0x0, 0x0, 0x4f, 0xf8,
    0x0, 0x0, 0x0, 0x0, 0x0, 0x0, 0xdf, 0xd0, 0x0, 0x0, 0x0, 0x0, 0x0, 0x8, 0xff, 0x40,
    0x0, 0x0, 0x0, 0x0, 0x0, 0x3f, 0xf9, 0x0, 0x0, 0x0, 0x0, 0x0, 0x0, 0xdf, 0xe0, 0x6f,
    0xff, 0xff, 0xf4, 0x6f, 0xff, 0xff, 0xf4, 0x4a, 0xaa, 0xef, 0xf4, 0x0, 0x0, 0xcf, 0xf4, 0x0,
    0x0, 0xcf, 0xf4, 0x0, 0x0, 0xcf, 0xf4, 0x0, 0x0, 0xcf, 0xf4, 0x0, 0x0, 0xcf, 0xf4, 0x0,
    0x0, 0xcf, 0xf4, 0x0, 0x0, 0xcf, 0xf4, 0x0, 0x0, 0xcf, 0xf4, 0x0, 0x0, 0xcf, 0xf4, 0x0,
    0x0, 0xcf, 0xf4, 0x0, 0x0, 0xcf, 0xf4, 0x0, 0x0, 0xcf, 0xf4, 0x0, 0x0, 0xcf, 0xf4, 0x0,
    0x0, 0xcf, 0xf4, 0x0, 0x0, 0xcf, 0xf4, 0x0, 0x0, 0xcf, 0xf4, 0x0, 0x0, 0xcf, 0xf4, 0x0,
    0x0, 0xcf, 0xf4, 0x0, 0x0, 0xcf, 0xf4, 0x0, 0x0, 0xcf, 0xf4, 0x0, 0x0, 0xcf, 0xf4, 0x0,
    0x0, 0xcf, 0xf4, 0x0, 0x0, 0xcf, 0xf4, 0x0, 0x0, 0xcf, 0xf4, 0x4a, 0xaa, 0xef, 0xf4, 0x6f,
    0xff, 0xff, 0xf4, 0x6f, 0xff, 0xff, 0xf4, 0x0, 0x0, 0x2, 0xff, 0xd0, 0x0, 0x0, 0x0, 0x0,
    0x0, 0x9f, 0xff, 0x40, 0x0, 0x0, 0x0, 0x0, 0x1e, 0xfe, 0xfb, 0x0, 0x0, 0x0, 0x0, 0x7,
    0xfe, 0x5f, 0xf2, 0x0, 0x0, 0x0, 0x0, 0xdf, 0x80, 0xdf, 0x90, 0x0, 0x0, 0x0, 0x5f, 0xf2,
    0x6, 0xfe, 0x10, 0x0, 0x0, 0xc, 0xfa, 0x0, 0x1e, 0xf7, 0x0, 0x0, 0x3, 0xff, 0x40, 0x0,
    0x9f, 0xd0, 0x0, 0x0, 0xaf, 0xc0, 0x0, 0x2, 0xff, 0x50, 0x0, 0x1f, 0xf6, 0x0, 0x0, 0xb,
    0xfb, 0x0, 0x8, 0xfe, 0x0, 0x0, 0x0, 0x4f, 0xf3, 0x0, 0xef, 0x80, 0x0, 0x0, 0x0, 0xdf,
    0x90, 0x6f, 0xf1, 0x0, 0x0, 0x0, 0x6, 0xfe, 0x10, 0xff, 0xff, 0xff, 0xff, 0xff, 0xff, 0xff,
    0xff, 0xff, 0xff, 0xff, 0xff, 0xff, 0xff, 0xff, 0xff, 0x8, 0xff, 0xe4, 0x0, 0x0, 0x5, 0xef,
    0xf5, 0x0, 0x0, 0x2, 0xcf, 0xf6, 0x0, 0x0, 0x0, 0x8f, 0xf7, 0x0, 0x2, 0x7b, 0xde, 0xfe,
    0xb7, 0x10, 0x0, 0x2, 0xaf, 0xff, 0xff, 0xff, 0xff, 0xe4, 0x0, 0xb, 0xff, 0xfe, 0xca, 0xbd,
    0xff, 0xfe, 0x30, 0x3, 0xfa, 0x40, 0x0, 0x0, 0x4d, 0xff, 0xb0, 0x0, 0x20, 0x0, 0x0, 0x0,
    0x3, 0xff, 0xf1, 0x0, 0x0, 0x0, 0x0, 0x0, 0x0, 0xdf, 0xf4, 0x0, 0x0, 0x0, 0x0, 0x0,
    0x0, 0xbf, 0xf5, 0x0, 0x5, 0xad, 0xef, 0xff, 0xff, 0xff, 0xf5, 0x1, 0xcf, 0xff, 0xff, 0xff,
    0xff, 0xff, 0xf5, 0xb, 0xff, 0xfe, 0xba, 0xaa, 0xaa, 0xef, 0xf5, 0x3f, 0xff, 0x60, 0x0, 0x0,
    0x0, 0xbf, 0xf5, 0x5f, 0xfb, 0x0, 0x0, 0x0, 0x0, 0xbf, 0xf5, 0x5f, 0xfc, 0x0, 0x0, 0x0,
    0x4, 0xff, 0xf5, 0x2f, 0xff, 0x70, 0x0, 0x1, 0x6e, 0xff, 0xf5, 0xa, 0xff, 0xfe, 0xba, 0xce,
    0xff, 0xcf, 0xf5, 0x1, 0xbf, 0xff, 0xff, 0xff, 0xf6, 0x8f, 0xf5, 0x0, 0x5, 0xad, 0xfe, 0xd8,
    0x20, 0x8f, 0xf5, 0x1f, 0xff, 0x0, 0x0, 0x0, 0x0, 0x0, 0x0, 0x0, 0x1, 0xff, 0xf0, 0x0,
    0x0, 0x0, 0x0, 0x0, 0x0, 0x0, 0x1f, 0xff, 0x0, 0x0, 0x0, 0x0, 0x0, 0x0, 0x0, 0x1,
    0xff, 0xf0, 0x0, 0x0, 0x0, 0x0, 0x0, 0x0, 0x0, 0x1f, 0xff, 0x0, 0x0, 0x0, 0x0, 0x0,
    0x0, 0x0, 0x1, 0xff, 0xf0, 0x0, 0x0, 0x0, 0x0, 0x0, 0x0, 0x0, 0x1f, 0xff, 0x0, 0x0,
    0x0, 0x0, 0x0, 0x0, 0x0, 0x1, 0xff, 0xf0, 0x3, 0x9d, 0xee, 0xda, 0x40, 0x0, 0x0, 0x1f,
    0xff, 0x9, 0xff, 0xff, 0xff, 0xff, 0xb2, 0x0, 0x1, 0xff, 0xfa, 0xff, 0xfc, 0xbc, 0xef, 0xff,
    0xe3, 0x0, 0x1f, 0xff, 0xff, 0x92, 0x0, 0x1, 0x6e, 0xff, 0xd1, 0x1, 0xff, 0xff, 0x60, 0x0,
    0x0, 0x0, 0x2e, 0xff, 0x90, 0x1f, 0xff, 0xa0, 0x0, 0x0, 0x0, 0x0, 0x6f, 0xfe, 0x11, 0xff,
    0xf4, 0x0, 0x0, 0x0, 0x0, 0x0, 0xef, 0xf4, 0x1f, 0xff, 0x10, 0x0, 0x0, 0x0, 0x0, 0xb,
    0xff, 0x61, 0xff, 0xf0, 0x0, 0x0, 0x0, 0x0, 0x0, 0xaf, 0xf7, 0x1f, 0xff, 0x10, 0x0, 0x0,
    0x0, 0x0, 0xb, 0xff, 0x61, 0xff, 0xf4, 0x0, 0x0, 0x0, 0x0, 0x0, 0xef, 0xf4, 0x1f, 0xff,
    0xb0, 0x0, 0x0, 0x0, 0x0, 0x6f, 0xfe, 0x11, 0xff, 0xff, 0x60, 0x0, 0x0, 0x0, 0x3e, 0xff,
    0x90, 0x1f, 0xff, 0xff, 0x92, 0x0, 0x1, 0x6e, 0xff, 0xd1, 0x1, 0xff, 0xdb, 0xff, 0xfc, 0xbc,
    0xef, 0xff, 0xe3, 0x0, 0x1f, 0xfd, 0x1a, 0xff, 0xff, 0xff, 0xff, 0xc2, 0x0, 0x1, 0xff, 0xd0,
    0x4, 0x9d, 0xef, 0xda, 0x50, 0x0, 0x0, 0x0, 0x0, 0x4, 0x9d, 0xef, 0xdb, 0x61, 0x0, 0x0,
    0x0, 0x2c, 0xff, 0xff, 0xff, 0xff, 0xd4, 0x0, 0x0, 0x4e, 0xff, 0xfe, 0xbb, 0xcf, 0xff, 0xf4,
    0x0, 0x2e, 0xff, 0xd5, 0x0, 0x0, 0x2b, 0xff, 0xe1, 0xb, 0xff, 0xd1, 0x0, 0x0, 0x0, 0xa,
    0xc3, 0x2, 0xff, 0xf3, 0x0, 0x0, 0x0, 0x0, 0x0, 0x0, 0x6f, 0xfc, 0x0, 0x0, 0x0, 0x0,
    0x0, 0x0, 0x9, 0xff, 0x80, 0x0, 0x0, 0x0, 0x0, 0x0, 0x0, 0xaf, 0xf7, 0x0, 0x0, 0x0,
    0x0, 0x0, 0x0, 0x9, 0xff, 0x90, 0x0, 0x0, 0x0, 0x0, 0x0, 0x0, 0x6f, 0xfc, 0x0, 0x0,
    0x0, 0x0, 0x0, 0x0, 0x2, 0xff, 0xf3, 0x0, 0x0, 0x0, 0x0, 0x0, 0x0, 0xb, 0xff, 0xd1,
    0x0, 0x0, 0x0, 0x8, 0x91, 0x0, 0x2e, 0xff, 0xd5, 0x0, 0x0, 0x2a, 0xff, 0xd1, 0x0, 0x3e,
    0xff, 0xfe, 0xbb, 0xcf, 0xff, 0xf5, 0x0, 0x0, 0x2b, 0xff, 0xff, 0xff, 0xff, 0xe5, 0x0, 0x0,
    0x0, 0x4, 0x9d, 0xef, 0xdb, 0x61, 0x0, 0x0, 0x0, 0x0, 0x0, 0x0, 0x0, 0x0, 0x0, 0x2f,
    0xfe, 0x0, 0x0, 0x0, 0x0, 0x0, 0x0, 0x0, 0x2f, 0xfe, 0x0, 0x0, 0x0, 0x0, 0x0, 0x0,
    0x0, 0x2f, 0xfe, 0x0, 0x0, 0x0, 0x0, 0x0, 0x0, 0x0, 0x2f, 0xfe, 0x0, 0x0, 0x0, 0x0,
    0x0, 0x0, 0x0, 0x2f, 0xfe, 0x0, 0x0, 0x0, 0x0, 0x0, 0x0, 0x0, 0x2f, 0xfe, 0x0, 0x0,
    0x0, 0x0, 0x0, 0x0, 0x0, 0x2f, 0xfe, 0x0, 0x0, 0x6, 0xad, 0xfe, 0xc8, 0x20, 0x2f, 0xfe,
    0x0, 0x3, 0xdf, 0xff, 0xff, 0xff, 0xf7, 0x2f, 0xfe, 0x0, 0x5f, 0xff, 0xfe, 0xbb, 0xdf, 0xff,
    0xaf, 0xfe, 0x3, 0xef, 0xfd, 0x50, 0x0, 0x2, 0xaf, 0xff, 0xfe, 0xc, 0xff, 0xd1, 0x0, 0x0,
    0x0, 0x9, 0xff, 0xfe, 0x3f, 0xff, 0x30, 0x0, 0x0, 0x0, 0x0, 0xdf, 0xfe, 0x7f, 0xfc, 0x0,
    0x0, 0x0, 0x0, 0x0, 0x7f, 0xfe, 0x9f, 0xf8, 0x0, 0x0, 0x0, 0x0, 0x0, 0x4f, 0xfe, 0xaf,
    0xf7, 0x0, 0x0, 0x0, 0x0, 0x0, 0x2f, 0xfe, 0x9f, 0xf9, 0x0, 0x0, 0x0, 0x0, 0x0, 0x4f,
    0xfe, 0x7f, 0xfc, 0x0, 0x0, 0x0, 0x0, 0x0, 0x7f, 0xfe, 0x3f, 0xff, 0x30, 0x0, 0x0, 0x0,
    0x0, 0xdf, 0xfe, 0xc, 0xff, 0xd1, 0x0, 0x0, 0x0, 0x9, 0xff, 0xfe, 0x3, 0xef, 0xfd, 0x50,
    0x0, 0x3, 0xbf, 0xff, 0xfe, 0x0, 0x5f, 0xff, 0xfe, 0xbb, 0xdf, 0xff, 0xaf, 0xfe, 0x0, 0x3,
    0xdf, 0xff, 0xff, 0xff, 0xf8, 0x1f, 0xfe, 0x0, 0x0, 0x6, 0xad, 0xfe, 0xc8, 0x30, 0xf, 0xfe,
    0x0, 0x0, 0x6, 0xad, 0xfe, 0xd9, 0x30, 0x0, 0x0, 0x0, 0x3, 0xdf, 0xff, 0xff, 0xff, 0xfa,
    0x10, 0x0, 0x0, 0x5f, 0xff, 0xfc, 0xbb, 0xdf, 0xff, 0xc1, 0x0, 0x2, 0xef, 0xfa, 0x20, 0x0,
    0x4, 0xdf, 0xfa, 0x0, 0xb, 0xff, 0x80, 0x0, 0x0, 0x0, 0x1c, 0xff, 0x40, 0x2f, 0xfd, 0x0,
    0x0, 0x0, 0x0, 0x3, 0xff, 0xb0, 0x7f, 0xf8, 0x0, 0x0, 0x0, 0x0, 0x0, 0xcf, 0xf0, 0x9f,
    0xff, 0xff, 0xff, 0xff, 0xff, 0xff, 0xff, 0xf2, 0xaf, 0xff, 0xff, 0xff, 0xff, 0xff, 0xff, 0xff,
    0xf3, 0x9f, 0xfc, 0xaa, 0xaa, 0xaa, 0xaa, 0xaa, 0xaa, 0xa2, 0x6f, 0xf9, 0x0, 0x0, 0x0, 0x0,
    0x0, 0x0, 0x0, 0x2f, 0xfe, 0x10, 0x0, 0x0, 0x0, 0x0, 0x0, 0x0, 0xb, 0xff, 0xb1, 0x0,
    0x0, 0x0, 0x0, 0x50, 0x0, 0x2, 0xef, 0xfd, 0x40, 0x0, 0x0, 0x4c, 0xf7, 0x0, 0x0, 0x4e,
    0xff, 0xfe, 0xba, 0xbe, 0xff, 0xfc, 0x0, 0x0, 0x2, 0xcf, 0xff, 0xff, 0xff, 0xff, 0x91, 0x0,
    0x0, 0x0, 0x4, 0x9c, 0xef, 0xec, 0x83, 0x0, 0x0, 0x0, 0x0, 0x2, 0x8d, 0xee, 0xc7, 0x0,
    0x0, 0x3, 0xef, 0xff, 0xff, 0xf4, 0x0, 0x0, 0xdf, 0xff, 0xcb, 0xed, 0x0, 0x0, 0x5f, 0xfe,
    0x20, 0x1, 0x30, 0x0, 0x8, 0xff, 0x80, 0x0, 0x0, 0x0, 0x0, 0x9f, 0xf6, 0x0, 0x0, 0x0,
    0x0, 0xa, 0xff, 0x60, 0x0, 0x0, 0x8, 0xff, 0xff, 0xff, 0xff, 0xff, 0x40, 0x8f, 0xff, 0xff,
    0xff, 0xff, 0xf4, 0x5, 0xaa, 0xdf, 0xfc, 0xaa, 0xaa, 0x30, 0x0, 0xa, 0xff, 0x70, 0x0, 0x0,
    0x0, 0x0, 0xaf, 0xf7, 0x0, 0x0, 0x0, 0x0, 0xa, 0xff, 0x70, 0x0, 0x0, 0x0, 0x0, 0xaf,
    0xf7, 0x0, 0x0, 0x0, 0x0, 0xa, 0xff, 0x70, 0x0, 0x0, 0x0, 0x0, 0xaf, 0xf7, 0x0, 0x0,
    0x0, 0x0, 0xa, 0xff, 0x70, 0x0, 0x0, 0x0, 0x0, 0xaf, 0xf7, 0x0, 0x0, 0x0, 0x0, 0xa,
    0xff, 0x70, 0x0, 0x0, 0x0, 0x0, 0xaf, 0xf7, 0x0, 0x0, 0x0, 0x0, 0xa, 0xff, 0x70, 0x0,
    0x0, 0x0, 0x0, 0xaf, 0xf7, 0x0, 0x0, 0x0, 0x0, 0xa, 0xff, 0x70, 0x0, 0x0, 0x0, 0x0,
    0xaf, 0xf7, 0x0, 0x0, 0x0, 0x0, 0x0, 0x15, 0xad, 0xee, 0xd9, 0x40, 0xc, 0xff, 0x20, 0x0,
    0x4d, 0xff, 0xff, 0xff, 0xff, 0xb1, 0xcf, 0xf2, 0x0, 0x7f, 0xff, 0xfe, 0xba, 0xcf, 0xff, 0xdd,
    0xff, 0x20, 0x4f, 0xff, 0xc4, 0x0, 0x0, 0x17, 0xff, 0xff, 0xf2, 0xd, 0xff, 0xb0, 0x0, 0x0,
    0x0, 0x3, 0xef, 0xff, 0x24, 0xff, 0xe1, 0x0, 0x0, 0x0, 0x0, 0x7, 0xff, 0xf2, 0x8f, 0xfa,
    0x0, 0x0, 0x0, 0x0, 0x0, 0x1f, 0xff, 0x29, 0xff, 0x70, 0x0, 0x0, 0x0, 0x0, 0x0, 0xef,
    0xf2, 0x9f, 0xf8, 0x0, 0x0, 0x0, 0x0, 0x0, 0xe, 0xff, 0x28, 0xff, 0xa0, 0x0, 0x0, 0x0,
    0x0, 0x2, 0xff, 0xf2, 0x4f, 0xff, 0x20, 0x0, 0x0, 0x0, 0x0, 0x8f, 0xff, 0x20, 0xdf, 0xfc,
    0x10, 0x0, 0x0, 0x0, 0x4f, 0xff, 0xf2, 0x4, 0xff, 0xfd, 0x40, 0x0, 0x1, 0x7f, 0xff, 0xff,
    0x20, 0x6, 0xff, 0xff, 0xeb, 0xbc, 0xff, 0xfd, 0xef, 0xf2, 0x0, 0x4, 0xdf, 0xff, 0xff, 0xff,
    0xfb, 0x1e, 0xff, 0x20, 0x0, 0x1, 0x6b, 0xdf, 0xed, 0x94, 0x0, 0xff, 0xf1, 0x0, 0x0, 0x0,
    0x0, 0x0, 0x0, 0x0, 0x2f, 0xff, 0x0, 0x0, 0x0, 0x0, 0x0, 0x0, 0x0, 0x7, 0xff, 0xb0,
    0x0, 0x64, 0x0, 0x0, 0x0, 0x0, 0x2, 0xef, 0xf7, 0x0, 0x2f, 0xfb, 0x51, 0x0, 0x0, 0x5,
    0xdf, 0xfe, 0x10, 0x8, 0xff, 0xff, 0xfc, 0xba, 0xbe, 0xff, 0xff, 0x40, 0x0, 0x5, 0xdf, 0xff,
    0xff, 0xff, 0xff, 0xfd, 0x30, 0x0, 0x0, 0x0, 0x48, 0xbd, 0xef, 0xed, 0x95, 0x0, 0x0, 0x0,
    0x1f, 0xff, 0x0, 0x0, 0x0, 0x0, 0x0, 0x0, 0x0, 0x1f, 0xff, 0x0, 0x0, 0x0, 0x0, 0x0,
    0x0, 0x0, 0x1f, 0xff, 0x0, 0x0, 0x0, 0x0, 0x0, 0x0, 0x0, 0x1f, 0xff, 0x0, 0x0, 0x0,
    0x0, 0x0, 0x0, 0x0, 0x1f, 0xff, 0x0, 0x0, 0x0, 0x0, 0x0, 0x0, 0x0, 0x1f, 0xff, 0x0,
    0x0, 0x0, 0x0, 0x0, 0x0, 0x0, 0x1f, 0xff, 0x0, 0x0, 0x0, 0x0, 0x0, 0x0, 0x0, 0x1f,
    0xff, 0x0, 0x5a, 0xde, 0xed, 0x93, 0x0, 0x0, 0x1f, 0xff, 0x2c, 0xff, 0xff, 0xff, 0xff, 0x90,
    0x0, 0x1f, 0xff, 0xdf, 0xfe, 0xba, 0xcf, 0xff, 0xf9, 0x0, 0x1f, 0xff, 0xfe, 0x50, 0x0, 0x2,
    0xbf, 0xff, 0x30, 0x1f, 0xff, 0xe3, 0x0, 0x0, 0x0, 0xc, 0xff, 0x90, 0x1f, 0xff, 0x80, 0x0,
    0x0, 0x0, 0x6, 0xff, 0xd0, 0x1f, 0xff, 0x30, 0x0, 0x0, 0x0, 0x2, 0xff, 0xe0, 0x1f, 0xff,
    0x10, 0x0, 0x0, 0x0, 0x1, 0xff, 0xf0, 0x1f, 0xff, 0x0, 0x0, 0x0, 0x0, 0x1, 0xff, 0xf0,
    0x1f, 0xff, 0x0, 0x0, 0x0, 0x0, 0x1, 0xff, 0xf0, 0x1f, 0xff, 0x0, 0x0, 0x0, 0x0, 0x1,
    0xff, 0xf0, 0x1f, 0xff, 0x0, 0x0, 0x0, 0x0, 0x1, 0xff, 0xf0, 0x1f, 0xff, 0x0, 0x0, 0x0,
    0x0, 0x1, 0xff, 0xf0, 0x1f, 0xff, 0x0, 0x0, 0x0, 0x0, 0x1, 0xff, 0xf0, 0x1f, 0xff, 0x0,
    0x0, 0x0, 0x0, 0x1, 0xff, 0xf0, 0x1f, 0xff, 0x0, 0x0, 0x0, 0x0, 0x1, 0xff, 0xf0, 0x1f,
    0xff, 0x0, 0x0, 0x0, 0x0, 0x1, 0xff, 0xf0, 0x1b, 0xea, 0x18, 0xff, 0xf6, 0x8f, 0xff, 0x61,
    0xbe, 0xa0, 0x0, 0x0, 0x0, 0x0, 0x0, 0x0, 0x0, 0x1, 0xff, 0xf0, 0x1f, 0xff, 0x1, 0xff,
    0xf0, 0x1f, 0xff, 0x1, 0xff, 0xf0, 0x1f, 0xff, 0x1, 0xff, 0xf0, 0x1f, 0xff, 0x1, 0xff, 0xf0,
    0x1f, 0xff, 0x1, 0xff, 0xf0, 0x1f, 0xff, 0x1, 0xff, 0xf0, 0x1f, 0xff, 0x1, 0xff, 0xf0, 0x1f,
    0xff, 0x1, 0xff, 0xf0, 0x0, 0x0, 0x0, 0xae, 0xc2, 0x0, 0x0, 0x6, 0xff, 0xf9, 0x0, 0x0,
    0x6, 0xff, 0xf9, 0x0, 0x0, 0x0, 0xae, 0xb1, 0x0, 0x0, 0x0, 0x0, 0x0, 0x0, 0x0, 0x0,
    0x0, 0x0, 0x0, 0x0, 0x0, 0x0, 0x0, 0x0, 0x0, 0x0, 0xef, 0xf2, 0x0, 0x0, 0x0, 0xef,
    0xf2, 0x0, 0x0, 0x0, 0xef, 0xf2, 0x0, 0x0, 0x0, 0xef, 0xf2, 0x0, 0x0, 0x0, 0xef, 0xf2,
    0x0, 0x0, 0x0, 0xef, 0xf2, 0x0, 0x0, 0x0, 0xef, 0xf2, 0x0, 0x0, 0x0, 0xef, 0xf2, 0x0,
    0x0, 0x0, 0xef, 0xf2, 0x0, 0x0, 0x0, 0xef, 0xf2, 0x0, 0x0, 0x0, 0xef, 0xf2, 0x0, 0x0,
    0x0, 0xef, 0xf2, 0x0, 0x0, 0x0, 0xef, 0xf2, 0x0, 0x0, 0x0, 0xef, 0xf2, 0x0, 0x0, 0x0,
    0xef, 0xf2, 0x0, 0x0, 0x0, 0xef, 0xf2, 0x0, 0x0, 0x0, 0xef, 0xf2, 0x0, 0x0, 0x0, 0xef,
    0xf2, 0x0, 0x0, 0x1, 0xff, 0xf1, 0x2, 0x0, 0x8, 0xff, 0xd0, 0x5f, 0xb9, 0xcf, 0xff, 0x60,
    0xbf, 0xff, 0xff, 0xfa, 0x0, 0x4a, 0xdf, 0xec, 0x60, 0x0, 0x1f, 0xff, 0x0, 0x0, 0x0, 0x0,
    0x0, 0x0, 0x0, 0x1f, 0xff, 0x0, 0x0, 0x0, 0x0, 0x0, 0x0, 0x0, 0x1f, 0xff, 0x0, 0x0,
    0x0, 0x0, 0x0, 0x0, 0x0, 0x1f, 0xff, 0x0, 0x0, 0x0, 0x0, 0x0, 0x0, 0x0, 0x1f, 0xff,
    0x0, 0x0, 0x0, 0x0, 0x0, 0x0, 0x0, 0x1f, 0xff, 0x0, 0x0, 0x0, 0x0, 0x0, 0x0, 0x0,
    0x1f, 0xff, 0x0, 0x0, 0x0, 0x0, 0x0, 0x0, 0x0, 0x1f, 0xff, 0x0, 0x0, 0x0, 0x0, 0x5f,
    0xff, 0x70, 0x1f, 0xff, 0x0, 0x0, 0x0, 0x6, 0xff, 0xf7, 0x0, 0x1f, 0xff, 0x0, 0x0, 0x0,
    0x7f, 0xff, 0x70, 0x0, 0x1f, 0xff, 0x0, 0x0, 0x8, 0xff, 0xf6, 0x0, 0x0, 0x1f, 0xff, 0x0,
    0x0, 0x9f, 0xff, 0x60, 0x0, 0x0, 0x1f, 0xff, 0x0, 0xa, 0xff, 0xf6, 0x0, 0x0, 0x0, 0x1f,
    0xff, 0x1, 0xbf, 0xff, 0x60, 0x0, 0x0, 0x0, 0x1f, 0xff, 0x1c, 0xff, 0xfe, 0x30, 0x0, 0x0,
    0x0, 0x1f, 0xff, 0xdf, 0xff, 0xff, 0xd1, 0x0, 0x0, 0x0, 0x1f, 0xff, 0xff, 0xe6, 0xff, 0xfa,
    0x0, 0x0, 0x0, 0x1f, 0xff, 0xfd, 0x20, 0x6f, 0xff, 0x70, 0x0, 0x0, 0x1f, 0xff, 0xd2, 0x0,
    0x9, 0xff, 0xf4, 0x0, 0x0, 0x1f, 0xff, 0x10, 0x0, 0x0, 0xbf, 0xfe, 0x20, 0x0, 0x1f, 0xff,
    0x0, 0x0, 0x0, 0x1d, 0xff, 0xc1, 0x0, 0x1f, 0xff, 0x0, 0x0, 0x0, 0x3, 0xef, 0xfa, 0x0,
    0x1f, 0xff, 0x0, 0x0, 0x0, 0x0, 0x5f, 0xff, 0x70, 0x1f, 0xff, 0x0, 0x0, 0x0, 0x0, 0x8,
    0xff, 0xf4, 0x1f, 0xff, 0x1f, 0xff, 0x1f, 0xff, 0x1f, 0xff, 0x1f, 0xff, 0x1f, 0xff, 0x1f, 0xff,
    0x1f, 0xff, 0x1f, 0xff, 0x1f, 0xff, 0x1f, 0xff, 0x1f, 0xff, 0x1f, 0xff, 0x1f, 0xff, 0x1f, 0xff,
    0x1f, 0xff, 0x1f, 0xff, 0x1f, 0xff, 0x1f, 0xff, 0x1f, 0xff, 0x1f, 0xff, 0x1f, 0xff, 0x1f, 0xff,
    0x1f, 0xff, 0x1f, 0xfd, 0x0, 0x6b, 0xdf, 0xec, 0x71, 0x0, 0x0, 0x49, 0xde, 0xfd, 0xa4, 0x0,
    0x0, 0x1f, 0xfd, 0x2d, 0xff, 0xff, 0xff, 0xfe, 0x40, 0x1a, 0xff, 0xff, 0xff, 0xff, 0xb1, 0x0,
    0x1f, 0xfe, 0xef, 0xfd, 0xbb, 0xdf, 0xff, 0xe3, 0xcf, 0xff, 0xca, 0xbe, 0xff, 0xfb, 0x0, 0x1f,
    0xff, 0xfd, 0x40, 0x0, 0x4, 0xef, 0xff, 0xff, 0xa1, 0x0, 0x1, 0x9f, 0xff, 0x50, 0x1f, 0xff,
    0xe2, 0x0, 0x0, 0x0, 0x4f, 0xff, 0xf9, 0x0, 0x0, 0x0, 0xb, 0xff, 0xa0, 0x1f, 0xff, 0x80,
    0x0, 0x0, 0x0, 0xd, 0xff, 0xf1, 0x0, 0x0, 0x0, 0x5, 0xff, 0xe0, 0x1f, 0xff, 0x30, 0x0,
    0x0, 0x0, 0xa, 0xff, 0xb0, 0x0, 0x0, 0x0, 0x1, 0xff, 0xf0, 0x1f, 0xff, 0x10, 0x0, 0x0,
    0x0, 0x8, 0xff, 0x90, 0x0, 0x0, 0x0, 0x0, 0xff, 0xf1, 0x1f, 0xff, 0x0, 0x0, 0x0, 0x0,
    0x8, 0xff, 0x80, 0x0, 0x0, 0x0, 0x0, 0xff, 0xf1, 0x1f, 0xff, 0x0, 0x0, 0x0, 0x0, 0x8,
    0xff, 0x80, 0x0, 0x0, 0x0, 0x0, 0xff, 0xf1, 0x1f, 0xff, 0x0, 0x0, 0x0, 0x0, 0x8, 0xff,
    0x80, 0x0, 0x0, 0x0, 0x0, 0xff, 0xf1, 0x1f, 0xff, 0x0, 0x0, 0x0, 0x0, 0x8, 0xff, 0x80,
    0x0, 0x0, 0x0, 0x0, 0xff, 0xf1, 0x1f, 0xff, 0x0, 0x0, 0x0, 0x0, 0x8, 0xff, 0x80, 0x0,
    0x0, 0x0, 0x0, 0xff, 0xf1, 0x1f, 0xff, 0x0, 0x0, 0x0, 0x0, 0x8, 0xff, 0x80, 0x0, 0x0,
    0x0, 0x0, 0xff, 0xf1, 0x1f, 0xff, 0x0, 0x0, 0x0, 0x0, 0x8, 0xff, 0x80, 0x0, 0x0, 0x0,
    0x0, 0xff, 0xf1, 0x1f, 0xff, 0x0, 0x0, 0x0, 0x0, 0x8, 0xff, 0x80, 0x0, 0x0, 0x0, 0x0,
    0xff, 0xf1, 0x1f, 0xff, 0x0, 0x0, 0x0, 0x0, 0x8, 0xff, 0x80, 0x0, 0x0, 0x0, 0x0, 0xff,
    0xf1, 0x1f, 0xfd, 0x0, 0x5a, 0xde, 0xed, 0x93, 0x0, 0x0, 0x1f, 0xfd, 0x2c, 0xff, 0xff, 0xff,
    0xff, 0x90, 0x0, 0x1f, 0xfe, 0xdf, 0xfe, 0xba, 0xcf, 0xff, 0xf9, 0x0, 0x1f, 0xff, 0xfe, 0x50,
    0x0, 0x2, 0xbf, 0xff, 0x30, 0x1f, 0xff, 0xe3, 0x0, 0x0, 0x0, 0xc, 0xff, 0x90, 0x1f, 0xff,
    0x80, 0x0, 0x0, 0x0, 0x6, 0xff, 0xd0, 0x1f, 0xff, 0x30, 0x0, 0x0, 0x0, 0x2, 0xff, 0xe0,
    0x1f, 0xff, 0x10, 0x0, 0x0, 0x0, 0x1, 0xff, 0xf0, 0x1f, 0xff, 0x0, 0x0, 0x0, 0x0, 0x1,
    0xff, 0xf0, 0x1f, 0xff, 0x0, 0x0, 0x0, 0x0, 0x1, 0xff, 0xf0, 0x1f, 0xff, 0x0, 0x0, 0x0,
    0x0, 0x1, 0xff, 0xf0, 0x1f, 0xff, 0x0, 0x0, 0x0, 0x0, 0x1, 0xff, 0xf0, 0x1f, 0xff, 0x0,
    0x0, 0x0, 0x0, 0x1, 0xff, 0xf0, 0x1f, 0xff, 0x0, 0x0, 0x0, 0x0, 0x1, 0xff, 0xf0, 0x1f,
    0xff, 0x0, 0x0, 0x0, 0x0, 0x1, 0xff, 0xf0, 0x1f, 0xff, 0x0, 0x0, 0x0, 0x0, 0x1, 0xff,
    0xf0, 0x1f, 0xff, 0x0, 0x0, 0x0, 0x0, 0x1, 0xff, 0xf0, 0x0, 0x0, 0x4, 0xad, 0xef, 0xeb,
    0x61, 0x0, 0x0, 0x0, 0x2, 0xcf, 0xff, 0xff, 0xff, 0xfe, 0x50, 0x0, 0x0, 0x4e, 0xff, 0xfe,
    0xbb, 0xdf, 0xff, 0xf8, 0x0, 0x2, 0xef, 0xfd, 0x50, 0x0, 0x2, 0xaf, 0xff, 0x50, 0xb, 0xff,
    0xd1, 0x0, 0x0, 0x0, 0x9, 0xff, 0xe1, 0x2f, 0xff, 0x30, 0x0, 0x0, 0x0, 0x0, 0xdf, 0xf7,
    0x7f, 0xfc, 0x0, 0x0, 0x0, 0x0, 0x0, 0x7f, 0xfb, 0x9f, 0xf8, 0x0, 0x0, 0x0, 0x0, 0x0,
    0x4f, 0xfe, 0xaf, 0xf7, 0x0, 0x0, 0x0, 0x0, 0x0, 0x2f, 0xfe, 0x9f, 0xf9, 0x0, 0x0, 0x0,
    0x0, 0x0, 0x4f, 0xfd, 0x6f, 0xfc, 0x0, 0x0, 0x0, 0x0, 0x0, 0x7f, 0xfb, 0x2f, 0xff, 0x30,
    0x0, 0x0, 0x0, 0x0, 0xdf, 0xf7, 0xb, 0xff, 0xd1, 0x0, 0x0, 0x0, 0x9, 0xff, 0xe1, 0x2,
    0xef, 0xfd, 0x50, 0x0, 0x2, 0xbf, 0xff, 0x50, 0x0, 0x4e, 0xff, 0xfe, 0xbb, 0xdf, 0xff, 0xf8,
    0x0, 0x0, 0x2, 0xcf, 0xff, 0xff, 0xff, 0xfe, 0x50, 0x0, 0x0, 0x0, 0x5, 0xad, 0xff, 0xeb,
    0x61, 0x0, 0x0, 0x1f, 0xfd, 0x0, 0x39, 0xde, 0xed, 0xa4, 0x0, 0x0, 0x1, 0xff, 0xd1, 0x9f,
    0xff, 0xff, 0xff, 0xfb, 0x20, 0x0, 0x1f, 0xfd, 0xaf, 0xff, 0xcb, 0xce, 0xff, 0xfe, 0x30, 0x1,
    0xff, 0xff, 0xf9, 0x20, 0x0, 0x16, 0xef, 0xfd, 0x10, 0x1f, 0xff, 0xf7, 0x0, 0x0, 0x0, 0x2,
    0xef, 0xf9, 0x1, 0xff, 0xfb, 0x0, 0x0, 0x0, 0x0, 0x6, 0xff, 0xe1, 0x1f, 0xff, 0x40, 0x0,
    0x0, 0x0, 0x0, 0xe, 0xff, 0x41, 0xff, 0xf1, 0x0, 0x0, 0x0, 0x0, 0x0, 0xbf, 0xf6, 0x1f,
    0xff, 0x0, 0x0, 0x0, 0x0, 0x0, 0xa, 0xff, 0x71, 0xff, 0xf1, 0x0, 0x0, 0x0, 0x0, 0x0,
    0xbf, 0xf6, 0x1f, 0xff, 0x40, 0x0, 0x0, 0x0, 0x0, 0xe, 0xff, 0x41, 0xff, 0xfb, 0x0, 0x0,
    0x0, 0x0, 0x6, 0xff, 0xe1, 0x1f, 0xff, 0xf6, 0x0, 0x0, 0x0, 0x3, 0xef, 0xf9, 0x1, 0xff,
    0xff, 0xf9, 0x20, 0x0, 0x16, 0xef, 0xfd, 0x10, 0x1f, 0xff, 0xbf, 0xff, 0xcb, 0xce, 0xff, 0xfe,
    0x30, 0x1, 0xff, 0xf1, 0xaf, 0xff, 0xff, 0xff, 0xfc, 0x20, 0x0, 0x1f, 0xff, 0x0, 0x49, 0xde,
    0xfd, 0xa5, 0x0, 0x0, 0x1, 0xff, 0xf0, 0x0, 0x0, 0x0, 0x0, 0x0, 0x0, 0x0, 0x1f, 0xff,
    0x0, 0x0, 0x0, 0x0, 0x0, 0x0, 0x0, 0x1, 0xff, 0xf0, 0x0, 0x0, 0x0, 0x0, 0x0, 0x0,
    0x0, 0x1f, 0xff, 0x0, 0x0, 0x0, 0x0, 0x0, 0x0, 0x0, 0x1, 0xff, 0xf0, 0x0, 0x0, 0x0,
    0x0, 0x0, 0x0, 0x0, 0x1f, 0xff, 0x0, 0x0, 0x0, 0x0, 0x0, 0x0, 0x0, 0x0, 0x0, 0x0,
    0x6, 0xad, 0xfe, 0xc8, 0x20, 0xf, 0xfe, 0x0, 0x3, 0xdf, 0xff, 0xff, 0xff, 0xf7, 0xf, 0xfe,
    0x0, 0x5f, 0xff, 0xfe, 0xbb, 0xdf, 0xff, 0x8f, 0xfe, 0x3, 0xef, 0xfd, 0x50, 0x0, 0x3, 0xbf,
    0xff, 0xfe, 0xc, 0xff, 0xd1, 0x0, 0x0, 0x0, 0x9, 0xff, 0xfe, 0x3f, 0xff, 0x30, 0x0, 0x0,
    0x0, 0x0, 0xdf, 0xfe, 0x7f, 0xfc, 0x0, 0x0, 0x0, 0x0, 0x0, 0x7f, 0xfe, 0x9f, 0xf8, 0x0,
    0x0, 0x0, 0x0, 0x0, 0x4f, 0xfe, 0xaf, 0xf7, 0x0, 0x0, 0x0, 0x0, 0x0, 0x2f, 0xfe, 0x9f,
    0xf9, 0x0, 0x0, 0x0, 0x0, 0x0, 0x4f, 0xfe, 0x7f, 0xfc, 0x0, 0x0, 0x0, 0x0, 0x0, 0x7f,
    0xfe, 0x3f, 0xff, 0x30, 0x0, 0x0, 0x0, 0x0, 0xdf, 0xfe, 0xc, 0xff, 0xd1, 0x0, 0x0, 0x0,
    0x9, 0xff, 0xfe, 0x3, 0xef, 0xfd, 0x50, 0x0, 0x3, 0xbf, 0xff, 0xfe, 0x0, 0x5f, 0xff, 0xfe,
    0xbb, 0xdf, 0xff, 0xbf, 0xfe, 0x0, 0x3, 0xdf, 0xff, 0xff, 0xff, 0xf8, 0x2f, 0xfe, 0x0, 0x0,
    0x6, 0xad, 0xfe, 0xc8, 0x20, 0x2f, 0xfe, 0x0, 0x0, 0x0, 0x0, 0x0, 0x0, 0x0, 0x2f, 0xfe,
    0x0, 0x0, 0x0, 0x0, 0x0, 0x0, 0x0, 0x2f, 0xfe, 0x0, 0x0, 0x0, 0x0, 0x0, 0x0, 0x0,
    0x2f, 0xfe, 0x0, 0x0, 0x0, 0x0, 0x0, 0x0, 0x0, 0x2f, 0xfe, 0x0, 0x0, 0x0, 0x0, 0x0,
    0x0, 0x0, 0x2f, 0xfe, 0x0, 0x0, 0x0, 0x0, 0x0, 0x0, 0x0, 0x2f, 0xfe, 0x1f, 0xfd, 0x0,
    0x6a, 0xde, 0x1, 0xff, 0xd2, 0xcf, 0xff, 0xf0, 0x1f, 0xfe, 0xdf, 0xfe, 0xba, 0x1, 0xff, 0xff,
    0xe6, 0x0, 0x0, 0x1f, 0xff, 0xf3, 0x0, 0x0, 0x1, 0xff, 0xf8, 0x0, 0x0, 0x0, 0x1f, 0xff,
    0x30, 0x0, 0x0, 0x1, 0xff, 0xf1, 0x0, 0x0, 0x0, 0x1f, 0xff, 0x0, 0x0, 0x0, 0x1, 0xff,
    0xf0, 0x0, 0x0, 0x0, 0x1f, 0xff, 0x0, 0x0, 0x0, 0x1, 0xff, 0xf0, 0x0, 0x0, 0x0, 0x1f,
    0xff, 0x0, 0x0, 0x0, 0x1, 0xff, 0xf0, 0x0, 0x0, 0x0, 0x1f, 0xff, 0x0, 0x0, 0x0, 0x1,
    0xff, 0xf0, 0x0, 0x0, 0x0, 0x1f, 0xff, 0x0, 0x0, 0x0, 0x0, 0x0, 0x0, 0x5a, 0xde, 0xfe,
    0xc9, 0x51, 0x0, 0x0, 0x2c, 0xff, 0xff, 0xff, 0xff, 0xfe, 0x40, 0x1, 0xdf, 0xff, 0xdb, 0xab,
    0xef, 0xff, 0x20, 0x6, 0xff, 0xe4, 0x0, 0x0, 0x3, 0xa8, 0x0, 0xa, 0xff, 0x70, 0x0, 0x0,
    0x0, 0x0, 0x0, 0x9, 0xff, 0x70, 0x0, 0x0, 0x0, 0x0, 0x0, 0x6, 0xff, 0xe6, 0x10, 0x0,
    0x0, 0x0, 0x0, 0x0, 0xcf, 0xff, 0xfc, 0x96, 0x30, 0x0, 0x0, 0x0, 0x19, 0xff, 0xff, 0xff,
    0xfe, 0xa2, 0x0, 0x0, 0x0, 0x15, 0x8b, 0xef, 0xff, 0xfe, 0x30, 0x0, 0x0, 0x0, 0x0, 0x2,
    0x6d, 0xff, 0xc0, 0x0, 0x0, 0x0, 0x0, 0x0, 0x2, 0xff, 0xf0, 0x0, 0x20, 0x0, 0x0, 0x0,
    0x1, 0xff, 0xf1, 0x6, 0xf9, 0x30, 0x0, 0x0, 0x1a, 0xff, 0xd0, 0x1e, 0xff, 0xfe, 0xcb, 0xbc,
    0xff, 0xff, 0x50, 0x7, 0xef, 0xff, 0xff, 0xff, 0xff, 0xe6, 0x0, 0x0, 0x5, 0x9c, 0xef, 0xfd,
    0xb7, 0x10, 0x0, 0x0, 0x5, 0x88, 0x30, 0x0, 0x0, 0x0, 0x0, 0xaf, 0xf7, 0x0, 0x0, 0x0,
    0x0, 0xa, 0xff, 0x70, 0x0, 0x0, 0x0, 0x0, 0xaf, 0xf7, 0x0, 0x0, 0x0, 0x8f, 0xff, 0xff,
    0xff, 0xff, 0xf4, 0x8, 0xff, 0xff, 0xff, 0xff, 0xff, 0x40, 0x5a, 0xad, 0xff, 0xca, 0xaa, 0xa3,
    0x0, 0x0, 0xaf, 0xf7, 0x0, 0x0, 0x0, 0x0, 0xa, 0xff, 0x70, 0x0, 0x0, 0x0, 0x0, 0xaf,
    0xf7, 0x0, 0x0, 0x0, 0x0, 0xa, 0xff, 0x70, 0x0, 0x0, 0x0, 0x0, 0xaf, 0xf7, 0x0, 0x0,
    0x0, 0x0, 0xa, 0xff, 0x70, 0x0, 0x0, 0x0, 0x0, 0xaf, 0xf7, 0x0, 0x0, 0x0, 0x0, 0xa,
    0xff, 0x70, 0x0, 0x0, 0x0, 0x0, 0xaf, 0xf7, 0x0, 0x0, 0x0, 0x0, 0x9, 0xff, 0x80, 0x0,
    0x0, 0x0, 0x0, 0x6f, 0xfe, 0x20, 0x0, 0x20, 0x0, 0x1, 0xef, 0xfe, 0xa9, 0xdd, 0x0, 0x0,
    0x5, 0xff, 0xff, 0xff, 0xf4, 0x0, 0x0, 0x3, 0xad, 0xfe, 0xb6, 0x0, 0x4f, 0xfc, 0x0, 0x0,
    0x0, 0x0, 0x5, 0xff, 0xb4, 0xff, 0xc0, 0x0, 0x0, 0x0, 0x0, 0x5f, 0xfb, 0x4f, 0xfc, 0x0,
    0x0, 0x0, 0x0, 0x5, 0xff, 0xb4, 0xff, 0xc0, 0x0, 0x0, 0x0, 0x0, 0x5f, 0xfb, 0x4f, 0xfc,
    0x0, 0x0, 0x0, 0x0, 0x5, 0xff, 0xb4, 0xff, 0xc0, 0x0, 0x0, 0x0, 0x0, 0x5f, 0xfb, 0x4f,
    0xfc, 0x0, 0x0, 0x0, 0x0, 0x5, 0xff, 0xb4, 0xff, 0xc0, 0x0, 0x0, 0x0, 0x0, 0x5f, 0xfb,
    0x4f, 0xfc, 0x0, 0x0, 0x0, 0x0, 0x5, 0xff, 0xb4, 0xff, 0xd0, 0x0, 0x0, 0x0, 0x0, 0x6f,
    0xfb, 0x3f, 0xfe, 0x0, 0x0, 0x0, 0x0, 0x9, 0xff, 0xb1, 0xff, 0xf2, 0x0, 0x0, 0x0, 0x0,
    0xdf, 0xfb, 0xd, 0xff, 0x90, 0x0, 0x0, 0x0, 0x7f, 0xff, 0xb0, 0x7f, 0xff, 0x81, 0x0, 0x1,
    0x8f, 0xff, 0xfb, 0x1, 0xcf, 0xff, 0xeb, 0xac, 0xff, 0xfc, 0xff, 0xb0, 0x1, 0xbf, 0xff, 0xff,
    0xff, 0xf9, 0x3f, 0xfb, 0x0, 0x0, 0x5a, 0xdf, 0xed, 0x93, 0x3, 0xff, 0xb0, 0xd, 0xff, 0x50,
    0x0, 0x0, 0x0, 0x0, 0x5, 0xff, 0xb0, 0x6f, 0xfc, 0x0, 0x0, 0x0, 0x0, 0x0, 0xbf, 0xf4,
    0x1, 0xef, 0xf3, 0x0, 0x0, 0x0, 0x0, 0x3f, 0xfc, 0x0, 0x8, 0xff, 0x90, 0x0, 0x0, 0x0,
    0x9, 0xff, 0x60, 0x0, 0x2f, 0xff, 0x10, 0x0, 0x0, 0x1, 0xff, 0xe0, 0x0, 0x0, 0xaf, 0xf7,
    0x0, 0x0, 0x0, 0x7f, 0xf8, 0x0, 0x0, 0x3, 0xff, 0xd0, 0x0, 0x0, 0xe, 0xff, 0x20, 0x0,
    0x0, 0xc, 0xff, 0x50, 0x0, 0x5, 0xff, 0xa0, 0x0, 0x0, 0x0, 0x5f, 0xfb, 0x0, 0x0, 0xcf,
    0xf3, 0x0, 0x0, 0x0, 0x0, 0xdf, 0xf3, 0x0, 0x4f, 0xfc, 0x0, 0x0, 0x0, 0x0, 0x7, 0xff,
    0x90, 0xa, 0xff, 0x50, 0x0, 0x0, 0x0, 0x0, 0x1e, 0xfe, 0x12, 0xff, 0xd0, 0x0, 0x0, 0x0,
    0x0, 0x0, 0x9f, 0xf7, 0x8f, 0xf7, 0x0, 0x0, 0x0, 0x0, 0x0, 0x3, 0xff, 0xde, 0xfe, 0x10,
    0x0, 0x0, 0x0, 0x0, 0x0, 0xb, 0xff, 0xff, 0x90, 0x0, 0x0, 0x0, 0x0, 0x0, 0x0, 0x4f,
    0xff, 0xf2, 0x0, 0x0, 0x0, 0x0, 0x0, 0x0, 0x0, 0xdf, 0xfb, 0x0, 0x0, 0x0, 0x0, 0x9f,
    0xf4, 0x0, 0x0, 0x0, 0x0, 0x1f, 0xfe, 0x0, 0x0, 0x0, 0x0, 0x5, 0xff, 0x64, 0xff, 0xa0,
    0x0, 0x0, 0x0, 0x6, 0xff, 0xf5, 0x0, 0x0, 0x0, 0x0, 0xbf, 0xe1, 0xd, 0xfe, 0x10, 0x0,
    0x0, 0x0, 0xcf, 0xff, 0xa0, 0x0, 0x0, 0x0, 0x2f, 0xfa, 0x0, 0x8f, 0xf6, 0x0, 0x0, 0x0,
    0x2f, 0xff, 0xff, 0x10, 0x0, 0x0, 0x7, 0xff, 0x40, 0x2, 0xff, 0xb0, 0x0, 0x0, 0x8, 0xff,
    0xbf, 0xf6, 0x0, 0x0, 0x0, 0xdf, 0xd0, 0x0, 0xc, 0xff, 0x20, 0x0, 0x0, 0xef, 0xd2, 0xff,
    0xc0, 0x0, 0x0, 0x3f, 0xf8, 0x0, 0x0, 0x6f, 0xf7, 0x0, 0x0, 0x5f, 0xf8, 0xb, 0xff, 0x20,
    0x0, 0x9, 0xff, 0x20, 0x0, 0x1, 0xff, 0xc0, 0x0, 0xa, 0xff, 0x20, 0x5f, 0xf8, 0x0, 0x0,
    0xef, 0xc0, 0x0, 0x0, 0xa, 0xff, 0x30, 0x1, 0xff, 0xb0, 0x0, 0xef, 0xd0, 0x0, 0x5f, 0xf6,
    0x0, 0x0, 0x0, 0x4f, 0xf8, 0x0, 0x7f, 0xf5, 0x0, 0x9, 0xff, 0x40, 0xb, 0xff, 0x10, 0x0,
    0x0, 0x0, 0xef, 0xe0, 0xc, 0xfe, 0x0, 0x0, 0x3f, 0xf9, 0x1, 0xff, 0xa0, 0x0, 0x0, 0x0,
    0x8, 0xff, 0x43, 0xff, 0x90, 0x0, 0x0, 0xcf, 0xe1, 0x7f, 0xf4, 0x0, 0x0, 0x0, 0x0, 0x3f,
    0xfa, 0x9f, 0xf3, 0x0, 0x0, 0x6, 0xff, 0x5c, 0xfe, 0x0, 0x0, 0x0, 0x0, 0x0, 0xcf, 0xee,
    0xfc, 0x0, 0x0, 0x0, 0x1f, 0xfd, 0xff, 0x80, 0x0, 0x0, 0x0, 0x0, 0x6, 0xff, 0xff, 0x60,
    0x0, 0x0, 0x0, 0xaf, 0xff, 0xf2, 0x0, 0x0, 0x0, 0x0, 0x0, 0x1f, 0xff, 0xe1, 0x0, 0x0,
    0x0, 0x4, 0xff, 0xfc, 0x0, 0x0, 0x0, 0x0, 0x0, 0x0, 0xaf, 0xf9, 0x0, 0x0, 0x0, 0x0,
    0xd, 0xff, 0x60, 0x0, 0x0, 0x0, 0x1c, 0xff, 0x80, 0x0, 0x0, 0x0, 0x1d, 0xff, 0x70, 0x2,
    0xef, 0xf5, 0x0, 0x0, 0x0, 0x9f, 0xfb, 0x0, 0x0, 0x5f, 0xfe, 0x20, 0x0, 0x5, 0xff, 0xd1,
    0x0, 0x0, 0x9, 0xff, 0xc0, 0x0, 0x2e, 0xff, 0x30, 0x0, 0x0, 0x0, 0xcf, 0xf8, 0x0, 0xcf,
    0xf6, 0x0, 0x0, 0x0, 0x0, 0x2e, 0xff, 0x59, 0xff, 0xa0, 0x0, 0x0, 0x0, 0x0, 0x5, 0xff,
    0xef, 0xfd, 0x10, 0x0, 0x0, 0x0, 0x0, 0x0, 0x8f, 0xff, 0xe3, 0x0, 0x0, 0x0, 0x0, 0x0,
    0x0, 0x1f, 0xff, 0xa0, 0x0, 0x0, 0x0, 0x0, 0x0, 0x0, 0xbf, 0xff, 0xf5, 0x0, 0x0, 0x0,
    0x0, 0x0, 0x8, 0xff, 0xdf, 0xfe, 0x20, 0x0, 0x0, 0x0, 0x0, 0x4f, 0xfe, 0x27, 0xff, 0xd1,
    0x0, 0x0, 0x0, 0x2, 0xef, 0xf5, 0x0, 0xaf, 0xfa, 0x0, 0x0, 0x0, 0xc, 0xff, 0x80, 0x0,
    0x1d, 0xff, 0x70, 0x0, 0x0, 0x9f, 0xfc, 0x0, 0x0, 0x3, 0xff, 0xf4, 0x0, 0x6, 0xff, 0xe2,
    0x0, 0x0, 0x0, 0x6f, 0xfe, 0x20, 0x3f, 0xff, 0x40, 0x0, 0x0, 0x0, 0xa, 0xff, 0xc0, 0xd,
    0xff, 0x50, 0x0, 0x0, 0x0, 0x0, 0x5, 0xff, 0xa0, 0x6f, 0xfc, 0x0, 0x0, 0x0, 0x0, 0x0,
    0xbf, 0xf4, 0x0, 0xef, 0xf4, 0x0, 0x0, 0x0, 0x0, 0x3f, 0xfc, 0x0, 0x7, 0xff, 0xa0, 0x0,
    0x0, 0x0, 0x9, 0xff, 0x50, 0x0, 0x1e, 0xff, 0x20, 0x0, 0x0, 0x1, 0xff, 0xd0, 0x0, 0x0,
    0x9f, 0xf9, 0x0, 0x0, 0x0, 0x8f, 0xf7, 0x0, 0x0, 0x2, 0xff, 0xe1, 0x0, 0x0, 0xe, 0xfe,
    0x10, 0x0, 0x0, 0xa, 0xff, 0x70, 0x0, 0x6, 0xff, 0x80, 0x0, 0x0, 0x0, 0x4f, 0xfd, 0x0,
    0x0, 0xcf, 0xf2, 0x0, 0x0, 0x0, 0x0, 0xcf, 0xf5, 0x0, 0x4f, 0xfa, 0x0, 0x0, 0x0, 0x0,
    0x5, 0xff, 0xc0, 0xa, 0xff, 0x30, 0x0, 0x0, 0x0, 0x0, 0xd, 0xff, 0x32, 0xff, 0xc0, 0x0,
    0x0, 0x0, 0x0, 0x0, 0x7f, 0xfa, 0x8f, 0xf5, 0x0, 0x0, 0x0, 0x0, 0x0, 0x1, 0xef, 0xfe,
    0xfd, 0x0, 0x0, 0x0, 0x0, 0x0, 0x0, 0x8, 0xff, 0xff, 0x70, 0x0, 0x0, 0x0, 0x0, 0x0,
    0x0, 0x2f, 0xff, 0xe1, 0x0, 0x0, 0x0, 0x0, 0x0, 0x0, 0x0, 0xbf, 0xf8, 0x0, 0x0, 0x0,
    0x0, 0x0, 0x0, 0x0, 0x1e, 0xff, 0x20, 0x0, 0x0, 0x0, 0x0, 0x0, 0x0, 0x7, 0xff, 0xa0,
    0x0, 0x0, 0x0, 0x0, 0x73, 0x0, 0x4, 0xef, 0xf2, 0x0, 0x0, 0x0, 0x0, 0x3f, 0xfc, 0xab,
    0xff, 0xf8, 0x0, 0x0, 0x0, 0x0, 0x7, 0xff, 0xff, 0xff, 0xfa, 0x0, 0x0, 0x0, 0x0, 0x0,
    0x4, 0xad, 0xfe, 0xb5, 0x0, 0x0, 0x0, 0x0, 0x0, 0x0, 0x8f, 0xff, 0xff, 0xff, 0xff, 0xff,
    0xff, 0x48, 0xff, 0xff, 0xff, 0xff, 0xff, 0xff, 0xf4, 0x5a, 0xaa, 0xaa, 0xaa, 0xaa, 0xef, 0xfd,
    0x10, 0x0, 0x0, 0x0, 0x0, 0x6f, 0xfe, 0x30, 0x0, 0x0, 0x0, 0x0, 0x3f, 0xff, 0x50, 0x0,
    0x0, 0x0, 0x0, 0x2e, 0xff, 0x70, 0x0, 0x0, 0x0, 0x0, 0x1c, 0xff, 0xa0, 0x0, 0x0, 0x0,
    0x0, 0xa, 0xff, 0xc1, 0x0, 0x0, 0x0, 0x0, 0x7, 0xff, 0xe2, 0x0, 0x0, 0x0, 0x0, 0x4,
    0xff, 0xf3, 0x0, 0x0, 0x0, 0x0, 0x2, 0xef, 0xf5, 0x0, 0x0, 0x0, 0x0, 0x1, 0xdf, 0xf8,
    0x0, 0x0, 0x0, 0x0, 0x0, 0xbf, 0xfb, 0x0, 0x0, 0x0, 0x0, 0x0, 0x8f, 0xfd, 0x10, 0x0,
    0x0, 0x0, 0x0, 0x6f, 0xff, 0xca, 0xaa, 0xaa, 0xaa, 0xaa, 0x5b, 0xff, 0xff, 0xff, 0xff, 0xff,
    0xff, 0xf7, 0xbf, 0xff, 0xff, 0xff, 0xff, 0xff, 0xff, 0x70, 0x0, 0x0, 0x6, 0xce, 0xf9, 0x0,
    0x0, 0x9f, 0xff, 0xf9, 0x0, 0x3, 0xff, 0xfe, 0xb6, 0x0, 0x7, 0xff, 0xd1, 0x0, 0x0, 0x9,
    0xff, 0x80, 0x0, 0x0, 0x9, 0xff, 0x70, 0x0, 0x0, 0x9, 0xff, 0x70, 0x0, 0x0, 0x9, 0xff,
    0x70, 0x0, 0x0, 0x9, 0xff, 0x70, 0x0, 0x0, 0x9, 0xff, 0x70, 0x0, 0x0, 0x9, 0xff, 0x70,
    0x0, 0x0, 0x9, 0xff, 0x70, 0x0, 0x0, 0xa, 0xff, 0x60, 0x0, 0x0, 0x2d, 0xff, 0x50, 0x0,
    0x3f, 0xff, 0xfd, 0x10, 0x0, 0x3f, 0xff, 0xe4, 0x0, 0x0, 0x2a, 0xcf, 0xff, 0x20, 0x0, 0x0,
    0xc, 0xff, 0x60, 0x0, 0x0, 0x9, 0xff, 0x70, 0x0, 0x0, 0x9, 0xff, 0x70, 0x0, 0x0, 0x9,
    0xff, 0x70, 0x0, 0x0, 0x9, 0xff, 0x70, 0x0, 0x0, 0x9, 0xff, 0x70, 0x0, 0x0, 0x9, 0xff,
    0x70, 0x0, 0x0, 0x9, 0xff, 0x70, 0x0, 0x0, 0x9, 0xff, 0x80, 0x0, 0x0, 0x8, 0xff, 0xd1,
    0x0, 0x0, 0x4, 0xff, 0xfe, 0xb6, 0x0, 0x0, 0xaf, 0xff, 0xf9, 0x0, 0x0, 0x7, 0xce, 0xf9,
    0xaf, 0xf3, 0xaf, 0xf3, 0xaf, 0xf3, 0xaf, 0xf3, 0xaf, 0xf3, 0xaf, 0xf3, 0xaf, 0xf3, 0xaf, 0xf3,
    0xaf, 0xf3, 0xaf, 0xf3, 0xaf, 0xf3, 0xaf, 0xf3, 0xaf, 0xf3, 0xaf, 0xf3, 0xaf, 0xf3, 0xaf, 0xf3,
    0xaf, 0xf3, 0xaf, 0xf3, 0xaf, 0xf3, 0xaf, 0xf3, 0xaf, 0xf3, 0xaf, 0xf3, 0xaf, 0xf3, 0xaf, 0xf3,
    0xaf, 0xf3, 0xaf, 0xf3, 0xaf, 0xf3, 0xaf, 0xf3, 0xaf, 0xf3, 0xaf, 0xf3, 0x6f, 0xfd, 0x81, 0x0,
    0x0, 0x6f, 0xff, 0xfc, 0x10, 0x0, 0x4b, 0xdf, 0xff, 0x70, 0x0, 0x0, 0xb, 0xff, 0xb0, 0x0,
    0x0, 0x4, 0xff, 0xd0, 0x0, 0x0, 0x3, 0xff, 0xd0, 0x0, 0x0, 0x3, 0xff, 0xd0, 0x0, 0x0,
    0x3, 0xff, 0xd0, 0x0, 0x0, 0x3, 0xff, 0xd0, 0x0, 0x0, 0x3, 0xff, 0xd0, 0x0, 0x0, 0x3,
    0xff, 0xd0, 0x0, 0x0, 0x3, 0xff, 0xd0, 0x0, 0x0, 0x3, 0xff, 0xe0, 0x0, 0x0, 0x1, 0xff,
    0xf4, 0x0, 0x0, 0x0, 0xaf, 0xff, 0xf6, 0x0, 0x0, 0x2d, 0xff, 0xf6, 0x0, 0x0, 0xdf, 0xfd,
    0xa4, 0x0, 0x2, 0xff, 0xf1, 0x0, 0x0, 0x3, 0xff, 0xd0, 0x0, 0x0, 0x3, 0xff, 0xd0, 0x0,
    0x0, 0x3, 0xff, 0xd0, 0x0, 0x0, 0x3, 0xff, 0xd0, 0x0, 0x0, 0x3, 0xff, 0xd0, 0x0, 0x0,
    0x3, 0xff, 0xd0, 0x0, 0x0, 0x3, 0xff, 0xd0, 0x0, 0x0, 0x4, 0xff, 0xd0, 0x0, 0x0, 0xa,
    0xff, 0xc0, 0x0, 0x4a, 0xdf, 0xff, 0x70, 0x0, 0x6f, 0xff, 0xfd, 0x10, 0x0, 0x6f, 0xfd, 0x81,
    0x0, 0x0, 0x0, 0x5, 0x99, 0x61, 0x0, 0x0, 0x3, 0xa7, 0x0, 0xaf, 0xff, 0xfe, 0x40, 0x0,
    0x7, 0xfa, 0x6, 0xff, 0xff, 0xff, 0xf8, 0x0, 0x1d, 0xf7, 0xc, 0xfc, 0x31, 0x7f, 0xff, 0xdb,
    0xef, 0xf2, 0xf, 0xf3, 0x0, 0x3, 0xdf, 0xff, 0xff, 0x90, 0x2f, 0xe0, 0x0, 0x0, 0x18, 0xdf,
    0xd7, 0x0, 0x0, 0x0, 0x0, 0x0, 0x4, 0x9c, 0xdf, 0xfe, 0xc9, 0x40, 0x0, 0x0, 0x0, 0x0,
    0x6e, 0xff, 0xff, 0xff, 0xff, 0xff, 0xc1, 0x0, 0x0, 0x0, 0x9f, 0xff, 0xfd, 0xba, 0xbc, 0xef,
    0xfc, 0x0, 0x0, 0x0, 0x6f, 0xff, 0xa3, 0x0, 0x0, 0x0, 0x4a, 0x50, 0x0, 0x0, 0xe, 0xff,
    0x90, 0x0, 0x0, 0x0, 0x0, 0x0, 0x0, 0x0, 0x4, 0xff, 0xe1, 0x0, 0x0, 0x0, 0x0, 0x0,
    0x0, 0x0, 0x0, 0x7f, 0xfb, 0x0, 0x0, 0x0, 0x0, 0x0, 0x0, 0x0, 0x0, 0x8, 0xff, 0x90,
    0x0, 0x0, 0x0, 0x0, 0x0, 0x0, 0x0, 0x0, 0x8f, 0xf9, 0x0, 0x0, 0x0, 0x0, 0x0, 0x0,
    0x0, 0xaa, 0xad, 0xff, 0xda, 0xaa, 0xaa, 0xaa, 0xa1, 0x0, 0x0, 0x1f, 0xff, 0xff, 0xff, 0xff,
    0xff, 0xff, 0xff, 0x20, 0x0, 0x1, 0xff, 0xff, 0xff, 0xff, 0xff, 0xff, 0xff, 0xf2, 0x0, 0x0,
    0x0, 0x0, 0x8f, 0xf9, 0x0, 0x0, 0x0, 0x0, 0x0, 0x0, 0x0, 0x0, 0x8, 0xff, 0x90, 0x0,
    0x0, 0x0, 0x0, 0x0, 0x0, 0x0, 0x0, 0x8f, 0xf9, 0x0, 0x0, 0x0, 0x0, 0x0, 0x0, 0x0,
    0x0, 0x8, 0xff, 0x90, 0x0, 0x0, 0x0, 0x0, 0x0, 0x0, 0x0, 0x0, 0x8f, 0xf9, 0x0, 0x0,
    0x0, 0x0, 0x0, 0x0, 0x0, 0x0, 0x8, 0xff, 0x90, 0x0, 0x0, 0x0, 0x0, 0x0, 0x0, 0x0,
    0x0, 0x8f, 0xf9, 0x0, 0x0, 0x0, 0x0, 0x0, 0x0, 0x0, 0xaa, 0xad, 0xff, 0xda, 0xaa, 0xaa,
    0xaa, 0xaa, 0xaa, 0x70, 0x1f, 0xff, 0xff, 0xff, 0xff, 0xff, 0xff, 0xff, 0xff, 0xfb, 0x1, 0xff,
    0xff, 0xff, 0xff, 0xff, 0xff, 0xff, 0xff, 0xff, 0xb0, 0x0, 0x18, 0xde, 0xea, 0x30, 0x0, 0x2d,
    0xff, 0xdf, 0xff, 0x60, 0xc, 0xf9, 0x10, 0x5, 0xef, 0x44, 0xfa, 0x0, 0x0, 0x5, 0xfa, 0x7f,
    0x50, 0x0, 0x0, 0xe, 0xe7, 0xf5, 0x0, 0x0, 0x0, 0xee, 0x4f, 0xa0, 0x0, 0x0, 0x5f, 0xa0,
    0xcf, 0x91, 0x0, 0x5e, 0xf4, 0x2, 0xdf, 0xfd, 0xff, 0xf7, 0x0, 0x1, 0x8d, 0xfe, 0xa3, 0x0,
    0x0, 0x0, 0x0, 0xff, 0xa0, 0x0, 0x0, 0x0, 0x0, 0x0, 0xf, 0xfa, 0x0, 0x0, 0x0, 0x0,
    0x0, 0x0, 0xff, 0xa0, 0x0, 0x0, 0x0, 0x0, 0x0, 0xf, 0xfa, 0x0, 0x0, 0x0, 0x0, 0x0,
    0x0, 0xff, 0xa0, 0x0, 0x0, 0x0, 0x0, 0x0, 0xf, 0xfa, 0x0, 0x0, 0x0, 0xdf, 0xff, 0xff,
    0xff, 0xff, 0xff, 0xff, 0x7d, 0xff, 0xff, 0xff, 0xff, 0xff, 0xff, 0xf7, 0x9a, 0xaa, 0xaa, 0xff,
    0xda, 0xaa, 0xaa, 0x50, 0x0, 0x0, 0xf, 0xfa, 0x0, 0x0, 0x0, 0x0, 0x0, 0x0, 0xff, 0xa0,
    0x0, 0x0, 0x0, 0x0, 0x0, 0xf, 0xfa, 0x0, 0x0, 0x0, 0x0, 0x0, 0x0, 0xff, 0xa0, 0x0,
    0x0, 0x0, 0x0, 0x0, 0xf, 0xfa, 0x0, 0x0, 0x0, 0x0, 0x0, 0x0, 0x0, 0x0, 0x0, 0x0,
    0x0, 0x0, 0x0, 0x0, 0x0, 0x0, 0x0, 0x0, 0x0, 0x0, 0x0, 0x0, 0x0, 0x0, 0x0, 0x9,
    0xaa, 0xaa, 0xaa, 0xaa, 0xaa, 0xaa, 0xa5, 0xdf, 0xff, 0xff, 0xff, 0xff, 0xff, 0xff, 0x7d, 0xff,
    0xff, 0xff, 0xff, 0xff, 0xff, 0xf7, 0x3c, 0xe9, 0xc, 0xff, 0xf5, 0xcf, 0xff, 0x43, 0xce, 0x90,
    0x0, 0x0, 0x0, 0x0, 0x0, 0x0, 0x3, 0xef, 0xf9, 0x10, 0x0, 0x0, 0x0, 0x0, 0x0, 0x0,
    0x0, 0x0, 0x4, 0xef, 0xe5, 0x0, 0x0, 0x0, 0x0, 0x0, 0x0, 0x0, 0x0, 0x0, 0x5, 0xff,
    0xc2, 0x0, 0x0, 0x0, 0x0, 0x0, 0x0, 0x0, 0x0, 0x0, 0x6, 0xff, 0x90, 0x0, 0x0, 0x0,
    0x0, 0x0, 0x0, 0x0, 0x0, 0x0, 0x0, 0x0, 0x0, 0x0, 0x0, 0x0, 0x0, 0x0, 0x0, 0x0,
    0x0, 0x0, 0x0, 0x0, 0x0, 0x0, 0x0, 0x0, 0x0, 0x0, 0x0, 0x0, 0x0, 0x0, 0x1, 0x6a,
    0xde, 0xfe, 0xda, 0x61, 0x0, 0x0, 0x0, 0x0, 0x0, 0x0, 0x19, 0xff, 0xff, 0xff, 0xff, 0xff,
    0xe8, 0x10, 0x0, 0x0, 0x0, 0x0, 0x5e, 0xff, 0xff, 0xdb, 0xab, 0xdf, 0xff, 0xfe, 0x40, 0x0,
    0x0, 0x0, 0x6f, 0xff, 0xf8, 0x20, 0x0, 0x0, 0x29, 0xff, 0xff, 0x50, 0x0, 0x0, 0x4f, 0xff,
    0xc3, 0x0, 0x0, 0x0, 0x0, 0x3, 0xdf, 0xff, 0x30, 0x0, 0x1e, 0xff, 0xc1, 0x0, 0x0, 0x0,
    0x0, 0x0, 0x1, 0xdf, 0xfd, 0x0, 0x8, 0xff, 0xe2, 0x0, 0x0, 0x0, 0x0, 0x0, 0x0, 0x3,
    0xff, 0xf6, 0x0, 0xdf, 0xf7, 0x0, 0x0, 0x0, 0x0, 0x0, 0x0, 0x0, 0x9, 0xff, 0xc0, 0x3f,
    0xff, 0x20, 0x0, 0x0, 0x0, 0x0, 0x0, 0x0, 0x0, 0x4f, 0xff, 0x15, 0xff, 0xd0, 0x0, 0x0,
    0x0, 0x0, 0x0, 0x0, 0x0, 0x0, 0xff, 0xf3, 0x7f, 0xfb, 0x0, 0x0, 0x0, 0x0, 0x0, 0x0,
    0x0, 0x0, 0xd, 0xff, 0x57, 0xff, 0xb0, 0x0, 0x0, 0x0, 0x0, 0x0, 0x0, 0x0, 0x0, 0xdf,
    0xf5, 0x5f, 0xfd, 0x0, 0x0, 0x0, 0x0, 0x0, 0x0, 0x0, 0x0, 0xf, 0xff, 0x33, 0xff, 0xf2,
    0x0, 0x0, 0x0, 0x0, 0x0, 0x0, 0x0, 0x4, 0xff, 0xf1, 0xd, 0xff, 0x70, 0x0, 0x0, 0x0,
    0x0, 0x0, 0x0, 0x0, 0x9f, 0xfc, 0x0, 0x8f, 0xfe, 0x20, 0x0, 0x0, 0x0, 0x0, 0x0, 0x0,
    0x3f, 0xff, 0x60, 0x1, 0xef, 0xfc, 0x10, 0x0, 0x0, 0x0, 0x0, 0x0, 0x1d, 0xff, 0xd0, 0x0,
    0x4, 0xff, 0xfc, 0x20, 0x0, 0x0, 0x0, 0x0, 0x3d, 0xff, 0xf3, 0x0, 0x0, 0x6, 0xff, 0xfe,
    0x82, 0x0, 0x0, 0x2, 0x8f, 0xff, 0xf5, 0x0, 0x0, 0x0, 0x5, 0xef, 0xff, 0xfd, 0xba, 0xbd,
    0xff, 0xff, 0xe4, 0x0, 0x0, 0x0, 0x0, 0x2, 0x9f, 0xff, 0xff, 0xff, 0xff, 0xfe, 0x91, 0x0,
    0x0, 0x0, 0x0, 0x0, 0x0, 0x26, 0xad, 0xef, 0xed, 0xa6, 0x10, 0x0, 0x0, 0x0, 0x0, 0x10,
    0x0, 0x0, 0x0, 0x10, 0x0, 0x8c, 0x10, 0x0, 0x0, 0x4e, 0x30, 0x5f, 0xfc, 0x10, 0x0, 0x4e,
    0xfe, 0x10, 0xbf, 0xfb, 0x10, 0x4e, 0xff, 0x60, 0x0, 0xbf, 0xfb, 0x4e, 0xff, 0x60, 0x0, 0x0,
    0xbf, 0xff, 0xff, 0x60, 0x0, 0x0, 0x0, 0xbf, 0xff, 0x70, 0x0, 0x0, 0x0, 0x3e, 0xff, 0xfb,
    0x10, 0x0, 0x0, 0x3e, 0xff, 0xdf, 0xfb, 0x10, 0x0, 0x3e, 0xff, 0x61, 0xbf, 0xfb, 0x10, 0x3e,
    0xff, 0x60, 0x1, 0xbf, 0xfb, 0x12, 0xef, 0x60, 0x0, 0x1, 0xbf, 0xb0, 0x3, 0x60, 0x0, 0x0,
    0x1, 0x81, 0x0, 0x0, 0x0, 0x0, 0x0, 0x0, 0x7f, 0xfe, 0x60, 0x0, 0x0, 0x0, 0x0, 0x0,
    0x8, 0xff, 0xc2, 0x0, 0x0, 0x0, 0x0, 0x0, 0x0, 0x9f, 0xf9, 0x10, 0x0, 0x0, 0x0, 0x0,
    0x0, 0xa, 0xfe, 0x50, 0x0, 0x0, 0x0, 0x0, 0x0, 0x0, 0x0, 0x0, 0x0, 0x0, 0x0, 0x0,
    0x0, 0x0, 0x0, 0x0, 0x0, 0x0, 0x0, 0x0, 0x0, 0x0, 0x0, 0x4, 0xad, 0xef, 0xeb, 0x61,
    0x0, 0x0, 0x0, 0x2, 0xcf, 0xff, 0xff, 0xff, 0xfe, 0x50, 0x0, 0x0, 0x4e, 0xff, 0xfe, 0xbb,
    0xdf, 0xff, 0xf8, 0x0, 0x2, 0xef, 0xfd, 0x50, 0x0, 0x2, 0xaf, 0xff, 0x50, 0xb, 0xff, 0xd1,
    0x0, 0x0, 0x0, 0x9, 0xff, 0xe1, 0x2f, 0xff, 0x30, 0x0, 0x0, 0x0, 0x0, 0xdf, 0xf7, 0x7f,
    0xfc, 0x0, 0x0, 0x0, 0x0, 0x0, 0x7f, 0xfb, 0x9f, 0xf8, 0x0, 0x0, 0x0, 0x0, 0x0, 0x4f,
    0xfe, 0xaf, 0xf7, 0x0, 0x0, 0x0, 0x0, 0x0, 0x2f, 0xfe, 0x9f, 0xf9, 0x0, 0x0, 0x0, 0x0,
    0x0, 0x4f, 0xfd, 0x6f, 0xfc, 0x0, 0x0, 0x0, 0x0, 0x0, 0x7f, 0xfb, 0x2f, 0xff, 0x30, 0x0,
    0x0, 0x0, 0x0, 0xdf, 0xf7, 0xb, 0xff, 0xd1, 0x0, 0x0, 0x0, 0x9, 0xff, 0xe1, 0x2, 0xef,
    0xfd, 0x50, 0x0, 0x2, 0xbf, 0xff, 0x50, 0x0, 0x4e, 0xff, 0xfe, 0xbb, 0xdf, 0xff, 0xf8, 0x0,
    0x0, 0x2, 0xcf, 0xff, 0xff, 0xff, 0xfe, 0x50, 0x0, 0x0, 0x0, 0x5, 0xad, 0xff, 0xeb, 0x61,
    0x0, 0x0, 0x0, 0x0, 0x0, 0x0, 0x2, 0xff, 0xf8, 0x0, 0x0, 0x0, 0x0, 0x0, 0x0, 0x0,
    0x0, 0x0, 0x0, 0x9f, 0xff, 0xe1, 0x0, 0x0, 0x0, 0x0, 0x0, 0x0, 0x0, 0x0, 0x0, 0x1e,
    0xff, 0xff, 0x70, 0x0, 0x0, 0x0, 0x0, 0x0, 0x0, 0x0, 0x0, 0x8, 0xff, 0xbf, 0xfd, 0x0,
    0x0, 0x0, 0x0, 0x0, 0x0, 0x0, 0x0, 0x1, 0xef, 0xf2, 0xbf, 0xf5, 0x0, 0x0, 0x0, 0x0,
    0x0, 0x0, 0x0, 0x0, 0x6f, 0xfa, 0x5, 0xff, 0xc0, 0x0, 0x0, 0x0, 0x0, 0x0, 0x0, 0x0,
    0xd, 0xff, 0x30, 0xd, 0xff, 0x40, 0x0, 0x0, 0x0, 0x0, 0x0, 0x0, 0x5, 0xff, 0xc0, 0x0,
    0x6f, 0xfb, 0x0, 0x0, 0x0, 0x0, 0x0, 0x0, 0x0, 0xcf, 0xf5, 0x0, 0x1, 0xef, 0xf3, 0x0,
    0x0, 0x0, 0x0, 0x0, 0x0, 0x4f, 0xfd, 0x0, 0x0, 0x8, 0xff, 0xa0, 0x0, 0x0, 0x0, 0x0,
    0x0, 0xb, 0xff, 0x60, 0x0, 0x0, 0x1f, 0xff, 0x20, 0x0, 0x0, 0x0, 0x0, 0x3, 0xff, 0xe1,
    0x0, 0x0, 0x0, 0x9f, 0xf9, 0x0, 0x0, 0x0, 0x0, 0x0, 0xaf, 0xf8, 0x0, 0x0, 0x0, 0x2,
    0xff, 0xf1, 0x0, 0x0, 0x0, 0x0, 0x2f, 0xff, 0x10, 0x0, 0x0, 0x0, 0xb, 0xff, 0x80, 0x0,
    0x0, 0x0, 0x9, 0xff, 0xff, 0xff, 0xff, 0xff, 0xff, 0xff, 0xfe, 0x10, 0x0, 0x0, 0x1, 0xef,
    0xff, 0xff, 0xff, 0xff, 0xff, 0xff, 0xff, 0xf7, 0x0, 0x0, 0x0, 0x8f, 0xfd, 0x88, 0x88, 0x88,
    0x88, 0x88, 0x8a, 0xff, 0xd0, 0x0, 0x0, 0x1e, 0xff, 0x50, 0x0, 0x0, 0x0, 0x0, 0x0, 0xe,
    0xff, 0x60, 0x0, 0x6, 0xff, 0xd0, 0x0, 0x0, 0x0, 0x0, 0x0, 0x0, 0x7f, 0xfc, 0x0, 0x0,
    0xdf, 0xf6, 0x0, 0x0, 0x0, 0x0, 0x0, 0x0, 0x1, 0xef, 0xf4, 0x0, 0x5f, 0xfe, 0x0, 0x0,
    0x0, 0x0, 0x0, 0x0, 0x0, 0x9, 0xff, 0xc0, 0xc, 0xff, 0x70, 0x0, 0x0, 0x0, 0x0, 0x0,
    0x0, 0x0, 0x2f, 0xff, 0x50, 0x0, 0x0, 0x0, 0x0, 0x0, 0x0, 0x0, 0x0, 0x0, 0x1c, 0xfd,
    0x40, 0x0, 0x0, 0x0, 0x0, 0x0, 0x0, 0x0, 0x0, 0x0, 0xc, 0xfa, 0x0, 0x0, 0x0, 0x0,
    0x0, 0x0, 0x0, 0x0, 0x0, 0x0, 0x4, 0xfe, 0x10, 0x0, 0x0, 0x0, 0x0, 0x0, 0x0, 0x0,
    0x0, 0x0, 0x0, 0x8f, 0xb0, 0x0, 0x0, 0x0, 0x0, 0x0, 0x0, 0x0, 0x0, 0x0, 0x0, 0x7,
    0xfe, 0x20, 0x3, 0x0, 0x0, 0x0, 0x0, 0x0, 0x0, 0x0, 0x0, 0x0, 0x2e, 0xff, 0xde, 0xd0,
    0x0, 0x0, 0x0, 0x0, 0x0, 0x0, 0x0, 0x0, 0x0, 0x2a, 0xde, 0xd8, 0x10, 0x0, 0x2, 0x7b,
    0xde, 0xfe, 0xb7, 0x10, 0x0, 0x0, 0x2a, 0xff, 0xff, 0xff, 0xff, 0xfe, 0x40, 0x0, 0xb, 0xff,
    0xfe, 0xca, 0xbd, 0xff, 0xfe, 0x30, 0x0, 0x3f, 0xa4, 0x0, 0x0, 0x4, 0xdf, 0xfb, 0x0, 0x0,
    0x20, 0x0, 0x0, 0x0, 0x3, 0xff, 0xf1, 0x0, 0x0, 0x0, 0x0, 0x0, 0x0, 0xd, 0xff, 0x40,
    0x0, 0x0, 0x0, 0x0, 0x0, 0x0, 0xbf, 0xf5, 0x0, 0x0, 0x5a, 0xde, 0xff, 0xff, 0xff, 0xff,
    0x50, 0x1, 0xcf, 0xff, 0xff, 0xff, 0xff, 0xff, 0xf5, 0x0, 0xbf, 0xff, 0xeb, 0xaa, 0xaa, 0xae,
    0xff, 0x50, 0x3f, 0xff, 0x60, 0x0, 0x0, 0x0, 0xbf, 0xf5, 0x5, 0xff, 0xb0, 0x0, 0x0, 0x0,
    0xb, 0xff, 0x50, 0x5f, 0xfc, 0x0, 0x0, 0x0, 0x4, 0xff, 0xf5, 0x2, 0xff, 0xf7, 0x0, 0x0,
    0x16, 0xef, 0xff, 0x50, 0xa, 0xff, 0xfe, 0xba, 0xce, 0xff, 0xcf, 0xf5, 0x0, 0x1b, 0xff, 0xff,
    0xff, 0xff, 0x68, 0xff, 0x50, 0x0, 0x5, 0xad, 0xfe, 0xd8, 0x21, 0xff, 0xf7, 0x0, 0x0, 0x0,
    0x0, 0x0, 0x2, 0xdf, 0xc4, 0x0, 0x0, 0x0, 0x0, 0x0, 0x1, 0xdf, 0x90, 0x0, 0x0, 0x0,
    0x0, 0x0, 0x0, 0x6f, 0xc0, 0x0, 0x0, 0x0, 0x0, 0x0, 0x0, 0x9, 0xf9, 0x0, 0x0, 0x0,
    0x0, 0x0, 0x0, 0x0, 0x8f, 0xd2, 0x0, 0x20, 0x0, 0x0, 0x0, 0x0, 0x3, 0xff, 0xfd, 0xec,
    0x0, 0x0, 0x0, 0x0, 0x0, 0x3, 0xbe, 0xec, 0x70, 0x0, 0x0, 0x0, 0x0, 0x0, 0x0, 0x7,
    0xff, 0xe6, 0x0, 0x0, 0x0, 0x0, 0x0, 0x0, 0x0, 0x8, 0xff, 0xc2, 0x0, 0x0, 0x0, 0x0,
    0x0, 0x0, 0x0, 0x9, 0xff, 0x91, 0x0, 0x0, 0x0, 0x0, 0x0, 0x0, 0x0, 0xa, 0xfe, 0x50,
    0x0, 0x0, 0x0, 0x0, 0x0, 0x0, 0x0, 0x0, 0x0, 0x0, 0x0, 0x0, 0x0, 0x0, 0x0, 0x0,
    0x0, 0x0, 0x0, 0x0, 0x0, 0x0, 0x0, 0x0, 0x0, 0x0, 0x0, 0x2, 0x6a, 0xde, 0xfe, 0xc9,
    0x51, 0x0, 0x0, 0x0, 0x0, 0x29, 0xff, 0xff, 0xff, 0xff, 0xff, 0xe7, 0x10, 0x0, 0x0, 0x5e,
    0xff, 0xff, 0xdb, 0xab, 0xdf, 0xff, 0xfc, 0x10, 0x0, 0x7f, 0xff, 0xf8, 0x20, 0x0, 0x0, 0x39,
    0xff, 0xf9, 0x0, 0x5f, 0xff, 0xc3, 0x0, 0x0, 0x0, 0x0, 0x3, 0xea, 0x0, 0x1e, 0xff, 0xc1,
    0x0, 0x0, 0x0, 0x0, 0x0, 0x1, 0x0, 0x8, 0xff, 0xe2, 0x0, 0x0, 0x0, 0x0, 0x0, 0x0,
    0x0, 0x0, 0xdf, 0xf7, 0x0, 0x0, 0x0, 0x0, 0x0, 0x0, 0x0, 0x0, 0x3f, 0xff, 0x20, 0x0,
    0x0, 0x0, 0x0, 0x0, 0x0, 0x0, 0x5, 0xff, 0xd0, 0x0, 0x0, 0x0, 0x0, 0x0, 0x0, 0x0,
    0x0, 0x7f, 0xfb, 0x0, 0x0, 0x0, 0x0, 0x0, 0x0, 0x0, 0x0, 0x7, 0xff, 0xb0, 0x0, 0x0,
    0x0, 0x0, 0x0, 0x0, 0x0, 0x0, 0x5f, 0xfd, 0x0, 0x0, 0x0, 0x0, 0x0, 0x0, 0x0, 0x0,
    0x3, 0xff, 0xf2, 0x0, 0x0, 0x0, 0x0, 0x0, 0x0, 0x0, 0x0, 0xd, 0xff, 0x70, 0x0, 0x0,
    0x0, 0x0, 0x0, 0x0, 0x0, 0x0, 0x8f, 0xfe, 0x20, 0x0, 0x0, 0x0, 0x0, 0x0, 0x0, 0x0,
    0x1, 0xef, 0xfc, 0x10, 0x0, 0x0, 0x0, 0x0, 0x0, 0x10, 0x0, 0x5, 0xff, 0xfc, 0x20, 0x0,
    0x0, 0x0, 0x0, 0x3d, 0xa0, 0x0, 0x7, 0xff, 0xfe, 0x82, 0x0, 0x0, 0x3, 0x9f, 0xff, 0x90,
    0x0, 0x5, 0xef, 0xff, 0xfd, 0xba, 0xbd, 0xff, 0xff, 0xc2, 0x0, 0x0, 0x2, 0xaf, 0xff, 0xff,
    0xff, 0xff, 0xfe, 0x71, 0x0, 0x0, 0x0, 0x0, 0x27, 0xbd, 0xef, 0xec, 0x95, 0x10, 0x0, 0x0,
    0x0, 0x0, 0x0, 0x1, 0xcf, 0xfb, 0x20, 0x0, 0x0, 0x0, 0x0, 0x2, 0xdf, 0xf8, 0x0, 0x0,
    0x0, 0x0, 0x0, 0x3, 0xdf, 0xe4, 0x0, 0x0, 0x0, 0x0, 0x0, 0x3, 0xef, 0xb1, 0x0, 0x0,
    0x0, 0x0, 0x0, 0x0, 0x0, 0x0, 0x0, 0x0, 0x0, 0x0, 0x0, 0x0, 0x0, 0x0, 0x0, 0x0,
    0x0, 0x0, 0x0, 0x0, 0x4, 0x9d, 0xef, 0xdb, 0x61, 0x0, 0x0, 0x0, 0x2c, 0xff, 0xff, 0xff,
    0xff, 0xd4, 0x0, 0x0, 0x4e, 0xff, 0xfe, 0xbb, 0xcf, 0xff, 0xf4, 0x0, 0x2e, 0xff, 0xd5, 0x0,
    0x0, 0x2b, 0xff, 0xe1, 0xb, 0xff, 0xd1, 0x0, 0x0, 0x0, 0xa, 0xc3, 0x2, 0xff, 0xf3, 0x0,
    0x0, 0x0, 0x0, 0x0, 0x0, 0x6f, 0xfc, 0x0, 0x0, 0x0, 0x0, 0x0, 0x0, 0x9, 0xff, 0x80,
    0x0, 0x0, 0x0, 0x0, 0x0, 0x0, 0xaf, 0xf7, 0x0, 0x0, 0x0, 0x0, 0x0, 0x0, 0x9, 0xff,
    0x90, 0x0, 0x0, 0x0, 0x0, 0x0, 0x0, 0x6f, 0xfc, 0x0, 0x0, 0x0, 0x0, 0x0, 0x0, 0x2,
    0xff, 0xf3, 0x0, 0x0, 0x0, 0x0, 0x0, 0x0, 0xb, 0xff, 0xd1, 0x0, 0x0, 0x0, 0x8, 0x91,
    0x0, 0x2e, 0xff, 0xd5, 0x0, 0x0, 0x2a, 0xff, 0xd1, 0x0, 0x3e, 0xff, 0xfe, 0xbb, 0xcf, 0xff,
    0xf5, 0x0, 0x0, 0x2b, 0xff, 0xff, 0xff, 0xff, 0xe5, 0x0, 0x0, 0x0, 0x4, 0x9d, 0xef, 0xdb,
    0x61, 0x0, 0x0, 0xaf, 0xff, 0xff, 0xff, 0xff, 0xff, 0xff, 0xff, 0x30, 0xaf, 0xff, 0xff, 0xff,
    0xff, 0xff, 0xff, 0xff, 0x30, 0xaf, 0xfd, 0xaa, 0xaa, 0xaa, 0xaa, 0xaa, 0xaa, 0x20, 0xaf, 0xf8,
    0x0, 0x0, 0x0, 0x0, 0x0, 0x0, 0x0, 0xaf, 0xf8, 0x0, 0x0, 0x0, 0x0, 0x0, 0x0, 0x0,
    0xaf, 0xf8, 0x0, 0x0, 0x0, 0x0, 0x0, 0x0, 0x0, 0xaf, 0xf8, 0x0, 0x0, 0x0, 0x0, 0x0,
    0x0, 0x0, 0xaf, 0xf8, 0x0, 0x0, 0x0, 0x0, 0x0, 0x0, 0x0, 0xaf, 0xf8, 0x0, 0x0, 0x0,
    0x0, 0x0, 0x0, 0x0, 0xaf, 0xfd, 0xaa, 0xaa, 0xaa, 0xaa, 0xaa, 0x80, 0x0, 0xaf, 0xff, 0xff,
    0xff, 0xff, 0xff, 0xff, 0xc0, 0x0, 0xaf, 0xff, 0xff, 0xff, 0xff, 0xff, 0xff, 0xc0, 0x0, 0xaf,
    0xf8, 0x0, 0x0, 0x0, 0x0, 0x0, 0x0, 0x0, 0xaf, 0xf8, 0x0, 0x0, 0x0, 0x0, 0x0, 0x0,
    0x0, 0xaf, 0xf8, 0x0, 0x0, 0x0, 0x0, 0x0, 0x0, 0x0, 0xaf, 0xf8, 0x0, 0x0, 0x0, 0x0,
    0x0, 0x0, 0x0, 0xaf, 0xf8, 0x0, 0x0, 0x0, 0x0, 0x0, 0x0, 0x0, 0xaf, 0xf8, 0x0, 0x0,
    0x0, 0x0, 0x0, 0x0, 0x0, 0xaf, 0xf8, 0x0, 0x0, 0x0, 0x0, 0x0, 0x0, 0x0, 0xaf, 0xfd,
    0xaa, 0xaa, 0xaa, 0xaa, 0xaa, 0xaa, 0x60, 0xaf, 0xff, 0xff, 0xff, 0xff, 0xff, 0xff, 0xff, 0x90,
    0xaf, 0xff, 0xff, 0xff, 0xff, 0xff, 0xff, 0xff, 0xc0, 0x0, 0x0, 0x0, 0x0, 0x0, 0x0, 0xaf,
    0xe6, 0x0, 0x0, 0x0, 0x0, 0x0, 0x0, 0x9, 0xfc, 0x10, 0x0, 0x0, 0x0, 0x0, 0x0, 0x0,
    0x2f, 0xf2, 0x0, 0x0, 0x0, 0x0, 0x0, 0x0, 0x0, 0x5f, 0xd0, 0x0, 0x0, 0x0, 0x0, 0x0,
    0x0, 0x0, 0x4f, 0xf4, 0x0, 0x30, 0x0, 0x0, 0x0, 0x0, 0x0, 0xd, 0xff, 0xde, 0xf1, 0x0,
    0x0, 0x0, 0x0, 0x0, 0x1, 0x9d, 0xfd, 0x91, 0x0, 0x0, 0x6, 0xad, 0xfe, 0xd9, 0x30, 0x0,
    0x0, 0x0, 0x3, 0xdf, 0xff, 0xff, 0xff, 0xfa, 0x10, 0x0, 0x0, 0x5f, 0xff, 0xfc, 0xbb, 0xdf,
    0xff, 0xc1, 0x0, 0x2, 0xef, 0xfa, 0x20, 0x0, 0x4, 0xdf, 0xfa, 0x0, 0xb, 0xff, 0x80, 0x0,
    0x0, 0x0, 0x1c, 0xff, 0x40, 0x2f, 0xfd, 0x0, 0x0, 0x0, 0x0, 0x3, 0xff, 0xb0, 0x7f, 0xf8,
    0x0, 0x0, 0x0, 0x0, 0x0, 0xcf, 0xf0, 0x9f, 0xff, 0xff, 0xff, 0xff, 0xff, 0xff, 0xff, 0xf2,
    0xaf, 0xff, 0xff, 0xff, 0xff, 0xff, 0xff, 0xff, 0xf3, 0x9f, 0xfc, 0xaa, 0xaa, 0xaa, 0xaa, 0xaa,
    0xaa, 0xa2, 0x6f, 0xf9, 0x0, 0x0, 0x0, 0x0, 0x0, 0x0, 0x0, 0x2f, 0xfe, 0x10, 0x0, 0x0,
    0x0, 0x0, 0x0, 0x0, 0xb, 0xff, 0xb1, 0x0, 0x0, 0x0, 0x0, 0x50, 0x0, 0x2, 0xef, 0xfd,
    0x40, 0x0, 0x0, 0x4c, 0xf7, 0x0, 0x0, 0x4e, 0xff, 0xfe, 0xba, 0xbe, 0xff, 0xfc, 0x0, 0x0,
    0x2, 0xcf, 0xff, 0xff, 0xff, 0xff, 0xb1, 0x0, 0x0, 0x0, 0x4, 0x9c, 0xef, 0xff, 0xfa, 0x0,
    0x0, 0x0, 0x0, 0x0, 0x0, 0x0, 0xbf, 0xa0, 0x0, 0x0, 0x0, 0x0, 0x0, 0x0, 0x5, 0xfe,
    0x10, 0x0, 0x0, 0x0, 0x0, 0x0, 0x0, 0xb, 0xf7, 0x0, 0x0, 0x0, 0x0, 0x0, 0x0, 0x0,
    0xd, 0xf5, 0x0, 0x0, 0x0, 0x0, 0x0, 0x0, 0x0, 0xc, 0xfa, 0x0, 0x11, 0x0, 0x0, 0x0,
    0x0, 0x0, 0x5, 0xff, 0xed, 0xf8, 0x0, 0x0, 0x0, 0x0, 0x0, 0x0, 0x4c, 0xee, 0xc5, 0x0,
    0x0, 0x6, 0xff, 0xc0, 0x0, 0x0, 0x0, 0x0, 0x0, 0x0, 0x0, 0x6f, 0xfc, 0x0, 0x0, 0x0,
    0x0, 0x0, 0x0, 0x0, 0x6, 0xff, 0xc0, 0x0, 0x0, 0x0, 0x0, 0x0, 0x0, 0x0, 0x6f, 0xfc,
    0x0, 0x0, 0x0, 0x0, 0x0, 0x0, 0x0, 0x6, 0xff, 0xc0, 0x2, 0x60, 0x0, 0x0, 0x0, 0x0,
    0x0, 0x6f, 0xfc, 0x4, 0xef, 0x50, 0x0, 0x0, 0x0, 0x0, 0x6, 0xff, 0xc8, 0xff, 0xe5, 0x0,
    0x0, 0x0, 0x0, 0x0, 0x6f, 0xff, 0xff, 0xc2, 0x0, 0x0, 0x0, 0x0, 0x0, 0x6, 0xff, 0xff,
    0x90, 0x0, 0x0, 0x0, 0x0, 0x0, 0x0, 0xdf, 0xff, 0x50, 0x0, 0x0, 0x0, 0x0, 0x0, 0x1,
    0xaf, 0xff, 0xf0, 0x0, 0x0, 0x0, 0x0, 0x0, 0x3, 0xdf, 0xff, 0xfc, 0x0, 0x0, 0x0, 0x0,
    0x0, 0x0, 0x5f, 0xfc, 0xff, 0xc0, 0x0, 0x0, 0x0, 0x0, 0x0, 0x0, 0x73, 0x6f, 0xfc, 0x0,
    0x0, 0x0, 0x0, 0x0, 0x0, 0x0, 0x6, 0xff, 0xc0, 0x0, 0x0, 0x0, 0x0, 0x0, 0x0, 0x0,
    0x6f, 0xfc, 0x0, 0x0, 0x0, 0x0, 0x0, 0x0, 0x0, 0x6, 0xff, 0xc0, 0x0, 0x0, 0x0, 0x0,
    0x0, 0x0, 0x0, 0x6f, 0xfc, 0x0, 0x0, 0x0, 0x0, 0x0, 0x0, 0x0, 0x6, 0xff, 0xc0, 0x0,
    0x0, 0x0, 0x0, 0x0, 0x0, 0x0, 0x6f, 0xfe, 0xcc, 0xcc, 0xcc, 0xcc, 0xcc, 0xcb, 0x0, 0x6,
    0xff, 0xff, 0xff, 0xff, 0xff, 0xff, 0xff, 0xe0, 0x0, 0x6f, 0xff, 0xff, 0xff, 0xff, 0xff, 0xff,
    0xfe, 0x0, 0x0, 0xdf, 0xf4, 0x0, 0x0, 0x0, 0xd, 0xff, 0x40, 0x0, 0x0, 0x0, 0xdf, 0xf4,
    0x0, 0x0, 0x0, 0xd, 0xff, 0x40, 0x0, 0x0, 0x0, 0xdf, 0xf4, 0x0, 0x0, 0x0, 0xd, 0xff,
    0x40, 0x0, 0x0, 0x0, 0xdf, 0xf4, 0x0, 0x0, 0x0, 0xd, 0xff, 0x40, 0x0, 0x0, 0x0, 0xdf,
    0xf4, 0x13, 0x0, 0x0, 0xd, 0xff, 0x7d, 0xe1, 0x0, 0x0, 0xdf, 0xff, 0xff, 0x50, 0x0, 0xd,
    0xff, 0xfd, 0x30, 0x0, 0x3, 0xff, 0xfe, 0x10, 0x0, 0x6, 0xef, 0xff, 0x40, 0x0, 0x9, 0xff,
    0xff, 0xf4, 0x0, 0x0, 0xcf, 0xbe, 0xff, 0x40, 0x0, 0x2, 0x70, 0xdf, 0xf4, 0x0, 0x0, 0x0,
    0xd, 0xff, 0x40, 0x0, 0x0, 0x0, 0xdf, 0xf4, 0x0, 0x0, 0x0, 0xd, 0xff, 0x40, 0x0, 0x0,
    0x0, 0xdf, 0xf4, 0x0, 0x0, 0x0, 0xd, 0xff, 0x40, 0x0, 0x0, 0x0, 0xdf, 0xf4, 0x0, 0x0,
    0x0, 0xd, 0xff, 0x40, 0x0, 0x0, 0x0, 0x0, 0x0, 0x0, 0x9, 0xff, 0xd4, 0x0, 0x0, 0x0,
    0x0, 0x0, 0x0, 0x0, 0xaf, 0xfb, 0x10, 0x0, 0x0, 0x0, 0x0, 0x0, 0x0, 0x1b, 0xff, 0x70,
    0x0, 0x0, 0x0, 0x0, 0x0, 0x0, 0x1, 0xcf, 0xd3, 0x0, 0x0, 0x0, 0x0, 0x0, 0x0, 0x0,
    0x0, 0x0, 0x0, 0x0, 0x0, 0x0, 0x0, 0x0, 0x0, 0x0, 0x0, 0x0, 0x0, 0x0, 0x0, 0x0,
    0x0, 0xaf, 0xf6, 0x0, 0x0, 0x0, 0x0, 0x0, 0x0, 0x9f, 0xf9, 0xaf, 0xff, 0x30, 0x0, 0x0,
    0x0, 0x0, 0x0, 0x9f, 0xf9, 0xaf, 0xff, 0xe2, 0x0, 0x0, 0x0, 0x0, 0x0, 0x9f, 0xf9, 0xaf,
    0xff, 0xfc, 0x10, 0x0, 0x0, 0x0, 0x0, 0x9f, 0xf9, 0xaf, 0xff, 0xff, 0xa0, 0x0, 0x0, 0x0,
    0x0, 0x9f, 0xf9, 0xaf, 0xfe, 0xff, 0xf7, 0x0, 0x0, 0x0, 0x0, 0x9f, 0xf9, 0xaf, 0xf9, 0xbf,
    0xff, 0x50, 0x0, 0x0, 0x0, 0x9f, 0xf9, 0xaf, 0xf8, 0x1d, 0xff, 0xe3, 0x0, 0x0, 0x0, 0x9f,
    0xf9, 0xaf, 0xf8, 0x2, 0xef, 0xfd, 0x10, 0x0, 0x0, 0x9f, 0xf9, 0xaf, 0xf8, 0x0, 0x4f, 0xff,
    0xb0, 0x0, 0x0, 0x9f, 0xf9, 0xaf, 0xf8, 0x0, 0x7, 0xff, 0xf9, 0x0, 0x0, 0x9f, 0xf9, 0xaf,
    0xf8, 0x0, 0x0, 0xaf, 0xff, 0x60, 0x0, 0x9f, 0xf9, 0xaf, 0xf8, 0x0, 0x0, 0xc, 0xff, 0xf4,
    0x0, 0x9f, 0xf9, 0xaf, 0xf8, 0x0, 0x0, 0x2, 0xdf, 0xfe, 0x20, 0x9f, 0xf9, 0xaf, 0xf8, 0x0,
    0x0, 0x0, 0x3f, 0xff, 0xc1, 0x9f, 0xf9, 0xaf, 0xf8, 0x0, 0x0, 0x0, 0x5, 0xff, 0xfa, 0x9f,
    0xf9, 0xaf, 0xf8, 0x0, 0x0, 0x0, 0x0, 0x8f, 0xff, 0xef, 0xf9, 0xaf, 0xf8, 0x0, 0x0, 0x0,
    0x0, 0xa, 0xff, 0xff, 0xf9, 0xaf, 0xf8, 0x0, 0x0, 0x0, 0x0, 0x1, 0xcf, 0xff, 0xf9, 0xaf,
    0xf8, 0x0, 0x0, 0x0, 0x0, 0x0, 0x2e, 0xff, 0xf9, 0xaf, 0xf8, 0x0, 0x0, 0x0, 0x0, 0x0,
    0x4, 0xff, 0xf9, 0xaf, 0xf8, 0x0, 0x0, 0x0, 0x0, 0x0, 0x0, 0x6f, 0xf9, 0x0, 0x0, 0x0,
    0x0, 0x0, 0x9f, 0xfe, 0x40, 0x0, 0x0, 0x0, 0x0, 0x0, 0xa, 0xff, 0xb1, 0x0, 0x0, 0x0,
    0x0, 0x0, 0x1, 0xbf, 0xf7, 0x0, 0x0, 0x0, 0x0, 0x0, 0x0, 0x1c, 0xfd, 0x40, 0x0, 0x0,
    0x0, 0x0, 0x0, 0x0, 0x0, 0x0, 0x0, 0x0, 0x0, 0x0, 0x0, 0x0, 0x0, 0x0, 0x0, 0x0,
    0x0, 0x0, 0x0, 0x1f, 0xfd, 0x0, 0x5a, 0xde, 0xed, 0x93, 0x0, 0x0, 0x1f, 0xfd, 0x2c, 0xff,
    0xff, 0xff, 0xff, 0x90, 0x0, 0x1f, 0xfe, 0xdf, 0xfe, 0xba, 0xcf, 0xff, 0xf9, 0x0, 0x1f, 0xff,
    0xfe, 0x50, 0x0, 0x2, 0xbf, 0xff, 0x30, 0x1f, 0xff, 0xe3, 0x0, 0x0, 0x0, 0xc, 0xff, 0x90,
    0x1f, 0xff, 0x80, 0x0, 0x0, 0x0, 0x6, 0xff, 0xd0, 0x1f, 0xff, 0x30, 0x0, 0x0, 0x0, 0x2,
    0xff, 0xe0, 0x1f, 0xff, 0x10, 0x0, 0x0, 0x0, 0x1, 0xff, 0xf0, 0x1f, 0xff, 0x0, 0x0, 0x0,
    0x0, 0x1, 0xff, 0xf0, 0x1f, 0xff, 0x0, 0x0, 0x0, 0x0, 0x1, 0xff, 0xf0, 0x1f, 0xff, 0x0,
    0x0, 0x0, 0x0, 0x1, 0xff, 0xf0, 0x1f, 0xff, 0x0, 0x0, 0x0, 0x0, 0x1, 0xff, 0xf0, 0x1f,
    0xff, 0x0, 0x0, 0x0, 0x0, 0x1, 0xff, 0xf0, 0x1f, 0xff, 0x0, 0x0, 0x0, 0x0, 0x1, 0xff,
    0xf0, 0x1f, 0xff, 0x0, 0x0, 0x0, 0x0, 0x1, 0xff, 0xf0, 0x1f, 0xff, 0x0, 0x0, 0x0, 0x0,
    0x1, 0xff, 0xf0, 0x1f, 0xff, 0x0, 0x0, 0x0, 0x0, 0x1, 0xff, 0xf0, 0x0, 0x0, 0x0, 0x0,
    0x0, 0x5f, 0xff, 0x70, 0x0, 0x0, 0x0, 0x0, 0x0, 0x6, 0xff, 0xd4, 0x0, 0x0, 0x0, 0x0,
    0x0, 0x0, 0x7f, 0xfb, 0x10, 0x0, 0x0, 0x0, 0x0, 0x0, 0x8, 0xff, 0x70, 0x0, 0x0, 0x0,
    0x0, 0x0, 0x0, 0x0, 0x0, 0x0, 0x0, 0x0, 0x0, 0x0, 0x0, 0x0, 0x0, 0x0, 0x0, 0x0,
    0x0, 0x0, 0x0, 0x0, 0x26, 0xad, 0xef, 0xed, 0xa6, 0x10, 0x0, 0x0, 0x8, 0xef, 0xff, 0xff,
    0xff, 0xff, 0xfa, 0x20, 0x0, 0xaf, 0xff, 0xfd, 0xba, 0xbe, 0xff, 0xff, 0x60, 0x6, 0xff, 0xf8,
    0x10, 0x0, 0x0, 0x28, 0xee, 0x10, 0xd, 0xff, 0x70, 0x0, 0x0, 0x0, 0x0, 0x14, 0x0, 0x1f,
    0xff, 0x10, 0x0, 0x0, 0x0, 0x0, 0x0, 0x0, 0x2f, 0xff, 0x10, 0x0, 0x0, 0x0, 0x0, 0x0,
    0x0, 0xe, 0xff, 0x70, 0x0, 0x0, 0x0, 0x0, 0x0, 0x0, 0x9, 0xff, 0xf9, 0x20, 0x0, 0x0,
    0x0, 0x0, 0x0, 0x1, 0xcf, 0xff, 0xfc, 0x85, 0x10, 0x0, 0x0, 0x0, 0x0, 0x19, 0xff, 0xff,
    0xff, 0xfc, 0x83, 0x0, 0x0, 0x0, 0x0, 0x27, 0xcf, 0xff, 0xff, 0xff, 0xb2, 0x0, 0x0, 0x0,
    0x0, 0x1, 0x48, 0xcf, 0xff, 0xfe, 0x40, 0x0, 0x0, 0x0, 0x0, 0x0, 0x1, 0x7e, 0xff, 0xe1,
    0x0, 0x0, 0x0, 0x0, 0x0, 0x0, 0x3, 0xff, 0xf6, 0x0, 0x0, 0x0, 0x0, 0x0, 0x0, 0x0,
    0xaf, 0xf8, 0x0, 0x0, 0x0, 0x0, 0x0, 0x0, 0x0, 0xaf, 0xf7, 0xc, 0x70, 0x0, 0x0, 0x0,
    0x0, 0x2, 0xef, 0xf4, 0x5f, 0xfd, 0x72, 0x0, 0x0, 0x0, 0x5d, 0xff, 0xc0, 0x5e, 0xff, 0xff,
    0xec, 0xba, 0xce, 0xff, 0xfe, 0x30, 0x2, 0x9e, 0xff, 0xff, 0xff, 0xff, 0xff, 0xb2, 0x0, 0x0,
    0x1, 0x59, 0xcd, 0xfe, 0xdc, 0x83, 0x0, 0x0, 0x0, 0x0, 0x0, 0x0, 0xa, 0xff, 0xd3, 0x0,
    0x0, 0x0, 0x0, 0x1, 0xbf, 0xfa, 0x10, 0x0, 0x0, 0x0, 0x0, 0x1c, 0xff, 0x70, 0x0, 0x0,
    0x0, 0x0, 0x1, 0xcf, 0xd3, 0x0, 0x0, 0x0, 0x0, 0x0, 0x0, 0x0, 0x0, 0x0, 0x0, 0x0,
    0x0, 0x0, 0x0, 0x0, 0x0, 0x0, 0x0, 0x0, 0x0, 0x0, 0x5a, 0xde, 0xfe, 0xc9, 0x51, 0x0,
    0x0, 0x2c, 0xff, 0xff, 0xff, 0xff, 0xfe, 0x40, 0x1, 0xdf, 0xff, 0xdb, 0xab, 0xef, 0xff, 0x20,
    0x6, 0xff, 0xe4, 0x0, 0x0, 0x3, 0xa8, 0x0, 0xa, 0xff, 0x70, 0x0, 0x0, 0x0, 0x0, 0x0,
    0x9, 0xff, 0x70, 0x0, 0x0, 0x0, 0x0, 0x0, 0x6, 0xff, 0xe6, 0x10, 0x0, 0x0, 0x0, 0x0,
    0x0, 0xcf, 0xff, 0xfc, 0x96, 0x30, 0x0, 0x0, 0x0, 0x19, 0xff, 0xff, 0xff, 0xfe, 0xa2, 0x0,
    0x0, 0x0, 0x15, 0x8b, 0xef, 0xff, 0xfe, 0x30, 0x0, 0x0, 0x0, 0x0, 0x2, 0x6d, 0xff, 0xc0,
    0x0, 0x0, 0x0, 0x0, 0x0, 0x2, 0xff, 0xf0, 0x0, 0x20, 0x0, 0x0, 0x0, 0x1, 0xff, 0xf1,
    0x6, 0xf9, 0x30, 0x0, 0x0, 0x1a, 0xff, 0xd0, 0x1e, 0xff, 0xfe, 0xcb, 0xbc, 0xff, 0xff, 0x50,
    0x7, 0xef, 0xff, 0xff, 0xff, 0xff, 0xe6, 0x0, 0x0, 0x5, 0x9c, 0xef, 0xfd, 0xb7, 0x10, 0x0,
    0x0, 0x0, 0x0, 0x0, 0x0, 0x1b, 0xff, 0xc2, 0x0, 0x0, 0x0, 0x0, 0x0, 0x0, 0x1, 0xcf,
    0xf9, 0x0, 0x0, 0x0, 0x0, 0x0, 0x0, 0x0, 0x2d, 0xfe, 0x50, 0x0, 0x0, 0x0, 0x0, 0x0,
    0x0, 0x3, 0xef, 0xc2, 0x0, 0x0, 0x0, 0x0, 0x0, 0x0, 0x0, 0x0, 0x0, 0x0, 0x0, 0x0,
    0x0, 0x0, 0x0, 0x0, 0x0, 0x0, 0x0, 0x0, 0x0, 0x0, 0x0, 0x0, 0x6f, 0xff, 0xff, 0xff,
    0xff, 0xff, 0xff, 0xff, 0xff, 0xa0, 0x6f, 0xff, 0xff, 0xff, 0xff, 0xff, 0xff, 0xff, 0xff, 0xa0,
    0x4a, 0xaa, 0xaa, 0xaa, 0xaa, 0xaa, 0xaa, 0xdf, 0xff, 0x50, 0x0, 0x0, 0x0, 0x0, 0x0, 0x0,
    0x4, 0xff, 0xf8, 0x0, 0x0, 0x0, 0x0, 0x0, 0x0, 0x0, 0x2e, 0xff, 0xb0, 0x0, 0x0, 0x0,
    0x0, 0x0, 0x0, 0x1, 0xcf, 0xfd, 0x10, 0x0, 0x0, 0x0, 0x0, 0x0, 0x0, 0xa, 0xff, 0xe2,
    0x0, 0x0, 0x0, 0x0, 0x0, 0x0, 0x0, 0x7f, 0xff, 0x40, 0x0, 0x0, 0x0, 0x0, 0x0, 0x0,
    0x5, 0xff, 0xf7, 0x0, 0x0, 0x0, 0x0, 0x0, 0x0, 0x0, 0x2e, 0xff, 0xa0, 0x0, 0x0, 0x0,
    0x0, 0x0, 0x0, 0x1, 0xdf, 0xfc, 0x10, 0x0, 0x0, 0x0, 0x0, 0x0, 0x0, 0xb, 0xff, 0xe2,
    0x0, 0x0, 0x0, 0x0, 0x0, 0x0, 0x0, 0x8f, 0xff, 0x40, 0x0, 0x0, 0x0, 0x0, 0x0, 0x0,
    0x6, 0xff, 0xf6, 0x0, 0x0, 0x0, 0x0, 0x0, 0x0, 0x0, 0x3f, 0xff, 0x90, 0x0, 0x0, 0x0,
    0x0, 0x0, 0x0, 0x2, 0xef, 0xfb, 0x0, 0x0, 0x0, 0x0, 0x0, 0x0, 0x0, 0xc, 0xff, 0xd1,
    0x0, 0x0, 0x0, 0x0, 0x0, 0x0, 0x0, 0xaf, 0xfe, 0x30, 0x0, 0x0, 0x0, 0x0, 0x0, 0x0,
    0x7, 0xff, 0xf5, 0x0, 0x0, 0x0, 0x0, 0x0, 0x0, 0x0, 0x4f, 0xff, 0xea, 0xaa, 0xaa, 0xaa,
    0xaa, 0xaa, 0xaa, 0xa1, 0x9f, 0xff, 0xff, 0xff, 0xff, 0xff, 0xff, 0xff, 0xff, 0xf1, 0x9f, 0xff,
    0xff, 0xff, 0xff, 0xff, 0xff, 0xff, 0xff, 0xf1, 0x0, 0x0, 0x0, 0x0, 0x4e, 0xff, 0x80, 0x0,
    0x0, 0x0, 0x0, 0x5f, 0xfe, 0x40, 0x0, 0x0, 0x0, 0x0, 0x6f, 0xfb, 0x20, 0x0, 0x0, 0x0,
    0x0, 0x7f, 0xf8, 0x0, 0x0, 0x0, 0x0, 0x0, 0x0, 0x0, 0x0, 0x0, 0x0, 0x0, 0x0, 0x0,
    0x0, 0x0, 0x0, 0x0, 0x0, 0x8f, 0xff, 0xff, 0xff, 0xff, 0xff, 0xff, 0x48, 0xff, 0xff, 0xff,
    0xff, 0xff, 0xff, 0xf4, 0x5a, 0xaa, 0xaa, 0xaa, 0xaa, 0xef, 0xfd, 0x10, 0x0, 0x0, 0x0, 0x0,
    0x6f, 0xfe, 0x30, 0x0, 0x0, 0x0, 0x0, 0x3f, 0xff, 0x50, 0x0, 0x0, 0x0, 0x0, 0x2e, 0xff,
    0x70, 0x0, 0x0, 0x0, 0x0, 0x1c, 0xff, 0xa0, 0x0, 0x0, 0x0, 0x0, 0xa, 0xff, 0xc1, 0x0,
    0x0, 0x0, 0x0, 0x7, 0xff, 0xe2, 0x0, 0x0, 0x0, 0x0, 0x4, 0xff, 0xf3, 0x0, 0x0, 0x0,
    0x0, 0x2, 0xef, 0xf5, 0x0, 0x0, 0x0, 0x0, 0x1, 0xdf, 0xf8, 0x0, 0x0, 0x0, 0x0, 0x0,
    0xbf, 0xfb, 0x0, 0x0, 0x0, 0x0, 0x0, 0x8f, 0xfd, 0x10, 0x0, 0x0, 0x0, 0x0, 0x6f, 0xff,
    0xca, 0xaa, 0xaa, 0xaa, 0xaa, 0x5b, 0xff, 0xff, 0xff, 0xff, 0xff, 0xff, 0xf7, 0xbf, 0xff, 0xff,
    0xff, 0xff, 0xff, 0xff, 0x70, 0x0, 0x0, 0x0, 0x0, 0x6e, 0xc1, 0x0, 0x0, 0x0, 0x0, 0x0,
    0x0, 0x0, 0x1, 0xff, 0xf8, 0x0, 0x0, 0x0, 0x0, 0x0, 0x0, 0x0, 0x1, 0xff, 0xf8, 0x0,
    0x0, 0x0, 0x0, 0x0, 0x0, 0x0, 0x0, 0x6e, 0xc1, 0x0, 0x0, 0x0, 0x0, 0x0, 0x0, 0x0,
    0x0, 0x0, 0x0, 0x0, 0x0, 0x0, 0x0, 0x0, 0x0, 0x0, 0x0, 0x0, 0x0, 0x0, 0x0, 0x0,
    0x0, 0x0, 0x0, 0x0, 0x0, 0x0, 0x0, 0x0, 0x0, 0x0, 0x0, 0x6f, 0xff, 0xff, 0xff, 0xff,
    0xff, 0xff, 0xff, 0xff, 0xa0, 0x6f, 0xff, 0xff, 0xff, 0xff, 0xff, 0xff, 0xff, 0xff, 0xa0, 0x4a,
    0xaa, 0xaa, 0xaa, 0xaa, 0xaa, 0xaa, 0xdf, 0xff, 0x50, 0x0, 0x0, 0x0, 0x0, 0x0, 0x0, 0x4,
    0xff, 0xf8, 0x0, 0x0, 0x0, 0x0, 0x0, 0x0, 0x0, 0x2e, 0xff, 0xb0, 0x0, 0x0, 0x0, 0x0,
    0x0, 0x0, 0x1, 0xcf, 0xfd, 0x10, 0x0, 0x0, 0x0, 0x0, 0x0, 0x0, 0xa, 0xff, 0xe2, 0x0,
    0x0, 0x0, 0x0, 0x0, 0x0, 0x0, 0x7f, 0xff, 0x40, 0x0, 0x0, 0x0, 0x0, 0x0, 0x0, 0x5,
    0xff, 0xf7, 0x0, 0x0, 0x0, 0x0, 0x0, 0x0, 0x0, 0x2e, 0xff, 0xa0, 0x0, 0x0, 0x0, 0x0,
    0x0, 0x0, 0x1, 0xdf, 0xfc, 0x10, 0x0, 0x0, 0x0, 0x0, 0x0, 0x0, 0xb, 0xff, 0xe2, 0x0,
    0x0, 0x0, 0x0, 0x0, 0x0, 0x0, 0x8f, 0xff, 0x40, 0x0, 0x0, 0x0, 0x0, 0x0, 0x0, 0x6,
    0xff, 0xf6, 0x0, 0x0, 0x0, 0x0, 0x0, 0x0, 0x0, 0x3f, 0xff, 0x90, 0x0, 0x0, 0x0, 0x0,
    0x0, 0x0, 0x2, 0xef, 0xfb, 0x0, 0x0, 0x0, 0x0, 0x0, 0x0, 0x0, 0xc, 0xff, 0xd1, 0x0,
    0x0, 0x0, 0x0, 0x0, 0x0, 0x0, 0xaf, 0xfe, 0x30, 0x0, 0x0, 0x0, 0x0, 0x0, 0x0, 0x7,
    0xff, 0xf5, 0x0, 0x0, 0x0, 0x0, 0x0, 0x0, 0x0, 0x4f, 0xff, 0xea, 0xaa, 0xaa, 0xaa, 0xaa,
    0xaa, 0xaa, 0xa1, 0x9f, 0xff, 0xff, 0xff, 0xff, 0xff, 0xff, 0xff, 0xff, 0xf1, 0x9f, 0xff, 0xff,
    0xff, 0xff, 0xff, 0xff, 0xff, 0xff, 0xf1, 0x0, 0x0, 0x1, 0xbe, 0x80, 0x0, 0x0, 0x0, 0x0,
    0x0, 0x6f, 0xff, 0x20, 0x0, 0x0, 0x0, 0x0, 0x6, 0xff, 0xf2, 0x0, 0x0, 0x0, 0x0, 0x0,
    0x1b, 0xe8, 0x0, 0x0, 0x0, 0x0, 0x0, 0x0, 0x0, 0x0, 0x0, 0x0, 0x0, 0x0, 0x0, 0x0,
    0x0, 0x0, 0x0, 0x0, 0x0, 0x0, 0x0, 0x0, 0x0, 0x0, 0x0, 0x8, 0xff, 0xff, 0xff, 0xff,
    0xff, 0xff, 0xf4, 0x8f, 0xff, 0xff, 0xff, 0xff, 0xff, 0xff, 0x45, 0xaa, 0xaa, 0xaa, 0xaa, 0xae,
    0xff, 0xd1, 0x0, 0x0, 0x0, 0x0, 0x6, 0xff, 0xe3, 0x0, 0x0, 0x0, 0x0, 0x3, 0xff, 0xf5,
    0x0, 0x0, 0x0, 0x0, 0x2, 0xef, 0xf7, 0x0, 0x0, 0x0, 0x0, 0x1, 0xcf, 0xfa, 0x0, 0x0,
    0x0, 0x0, 0x0, 0xaf, 0xfc, 0x10, 0x0, 0x0, 0x0, 0x0, 0x7f, 0xfe, 0x20, 0x0, 0x0, 0x0,
    0x0, 0x4f, 0xff, 0x30, 0x0, 0x0, 0x0, 0x0, 0x2e, 0xff, 0x50, 0x0, 0x0, 0x0, 0x0, 0x1d,
    0xff, 0x80, 0x0, 0x0, 0x0, 0x0, 0xb, 0xff, 0xb0, 0x0, 0x0, 0x0, 0x0, 0x8, 0xff, 0xd1,
    0x0, 0x0, 0x0, 0x0, 0x6, 0xff, 0xfc, 0xaa, 0xaa, 0xaa, 0xaa, 0xa5, 0xbf, 0xff, 0xff, 0xff,
    0xff, 0xff, 0xff, 0x7b, 0xff, 0xff, 0xff, 0xff, 0xff, 0xff, 0xf7, 0xaa, 0xaa, 0xaa, 0xaa, 0xaa,
    0xaa, 0xaa, 0xaa, 0xff, 0xff, 0xff, 0xff, 0xff, 0xff, 0xff, 0xff, 0xff, 0xff, 0xff, 0xff, 0xff,
    0xff, 0xff, 0xff, 0x0, 0x9f, 0x70, 0x0, 0x9f, 0x70, 0xe, 0xf3, 0x0, 0xd, 0xf4, 0x4, 0xfe,
    0x0, 0x4, 0xff, 0x0, 0x9f, 0xb0, 0x0, 0x9f, 0xb0, 0xe, 0xf8, 0x0, 0xd, 0xf8, 0x4, 0xff,
    0xf4, 0x4, 0xff, 0xf5, 0x7f, 0xff, 0xa0, 0x7f, 0xff, 0xb6, 0xff, 0xf9, 0x5, 0xff, 0xfa, 0xa,
    0xeb, 0x20, 0x9, 0xec, 0x20, 0x9, 0xec, 0x20, 0x9, 0xec, 0x25, 0xff, 0xf9, 0x4, 0xff, 0xfa,
    0x6f, 0xff, 0xb0, 0x6f, 0xff, 0xc2, 0xef, 0xf8, 0x1, 0xdf, 0xf9, 0x4, 0xff, 0x40, 0x3, 0xff,
    0x40, 0x7f, 0xd0, 0x0, 0x6f, 0xe0, 0xa, 0xf8, 0x0, 0xa, 0xf9, 0x0, 0xef, 0x30, 0x0, 0xdf,
    0x40, 0x3f, 0xd0, 0x0, 0x2f, 0xe0, 0x0, 0x9, 0xec, 0x20, 0x9, 0xec, 0x25, 0xff, 0xf9, 0x4,
    0xff, 0xfa, 0x6f, 0xff, 0xb0, 0x6f, 0xff, 0xb2, 0xef, 0xf8, 0x1, 0xdf, 0xf9, 0x4, 0xff, 0x30,
    0x3, 0xff, 0x40, 0x7f, 0xd0, 0x0, 0x6f, 0xe0, 0xa, 0xf8, 0x0, 0xa, 0xf9, 0x0, 0xef, 0x30,
    0x0, 0xdf, 0x40, 0x3f, 0xd0, 0x0, 0x2f, 0xe0, 0x0, 0x7, 0xde, 0x80, 0x7f, 0xff, 0xf7, 0xcf,
    0xff, 0xfc, 0xcf, 0xff, 0xfc, 0x7f, 0xff, 0xf7, 0x8, 0xee, 0x80, 0xa, 0xec, 0x20, 0x0, 0x5d,
    0xe6, 0x0, 0x1, 0xbe, 0xb1, 0x6f, 0xff, 0xa0, 0x0, 0xff, 0xff, 0x10, 0x9, 0xff, 0xf8, 0x6f,
    0xff, 0xa0, 0x0, 0xff, 0xff, 0x10, 0x9, 0xff, 0xf7, 0xa, 0xec, 0x20, 0x0, 0x5d, 0xe6, 0x0,
    0x1, 0xbe, 0xb1, 0x0, 0x0, 0x0, 0x0, 0x0, 0x4, 0x8c, 0xde, 0xed, 0xc8, 0x40, 0x0, 0x0,
    0x0, 0x0, 0x0, 0x0, 0x6d, 0xff, 0xff, 0xff, 0xff, 0xff, 0xd6, 0x0, 0x0, 0x0, 0x0, 0x2,
    0xcf, 0xff, 0xff, 0xcb, 0xac, 0xef, 0xff, 0xfa, 0x10, 0x0, 0x0, 0x3, 0xef, 0xff, 0xb4, 0x0,
    0x0, 0x0, 0x39, 0xef, 0xe4, 0x0, 0x0, 0x1, 0xdf, 0xfe, 0x40, 0x0, 0x0, 0x0, 0x0, 0x2,
    0xa2, 0x0, 0x0, 0x0, 0xaf, 0xfe, 0x20, 0x0, 0x0, 0x0, 0x0, 0x0, 0x0, 0x0, 0x0, 0x0,
    0x2f, 0xff, 0x50, 0x0, 0x0, 0x0, 0x0, 0x0, 0x0, 0x0, 0x1, 0xdd, 0xde, 0xff, 0xfd, 0xdd,
    0xdd, 0xdd, 0xdd, 0xd2, 0x0, 0x0, 0x0, 0x1f, 0xff, 0xff, 0xff, 0xff, 0xff, 0xff, 0xff, 0xff,
    0x20, 0x0, 0x0, 0x0, 0x0, 0xb, 0xff, 0x80, 0x0, 0x0, 0x0, 0x0, 0x0, 0x0, 0x0, 0x0,
    0x0, 0x0, 0xcf, 0xf7, 0x0, 0x0, 0x0, 0x0, 0x0, 0x0, 0x0, 0x0, 0x0, 0x0, 0xb, 0xff,
    0x80, 0x0, 0x0, 0x0, 0x0, 0x0, 0x0, 0x0, 0x0, 0x1f, 0xff, 0xff, 0xff, 0xff, 0xff, 0xff,
    0xff, 0xff, 0x20, 0x0, 0x0, 0x1, 0xdd, 0xde, 0xff, 0xfd, 0xdd, 0xdd, 0xdd, 0xdd, 0xd2, 0x0,
    0x0, 0x0, 0x0, 0x0, 0x2f, 0xff, 0x40, 0x0, 0x0, 0x0, 0x0, 0x0, 0x0, 0x0, 0x0, 0x0,
    0x0, 0xbf, 0xfc, 0x0, 0x0, 0x0, 0x0, 0x0, 0x0, 0x0, 0x0, 0x0, 0x0, 0x3, 0xff, 0xf9,
    0x0, 0x0, 0x0, 0x0, 0x0, 0x0, 0x20, 0x0, 0x0, 0x0, 0x8, 0xff, 0xfa, 0x10, 0x0, 0x0,
    0x0, 0x0, 0x6f, 0x60, 0x0, 0x0, 0x0, 0xa, 0xff, 0xfd, 0x61, 0x0, 0x0, 0x4, 0xcf, 0xff,
    0x50, 0x0, 0x0, 0x0, 0x8, 0xff, 0xff, 0xfd, 0xbb, 0xce, 0xff, 0xff, 0x90, 0x0, 0x0, 0x0,
    0x0, 0x3, 0xbf, 0xff, 0xff, 0xff, 0xff, 0xfd, 0x50, 0x0, 0x0, 0x0, 0x0, 0x0, 0x0, 0x38,
    0xbe, 0xfe, 0xdc, 0x84, 0x0, 0x0, 0xbd, 0xdd, 0xdd, 0xdd, 0xdd, 0xdd, 0xdd, 0x6d, 0xff, 0xff,
    0xff, 0xff, 0xff, 0xff, 0xf7, 0xdf, 0xff, 0xff, 0xff, 0xff, 0xff, 0xff, 0x70, 0x0, 0x0, 0x0,
    0x0, 0x0, 0x0, 0x0, 0x0, 0x0, 0x0, 0x0, 0x0, 0x0, 0x15, 0x9d, 0xd4, 0x0, 0x0, 0x0,
    0x0, 0x0, 0x0, 0x0, 0x0, 0x0, 0x0, 0x0, 0x2, 0x7b, 0xff, 0xff, 0xfd, 0x0, 0x0, 0x0,
    0x0, 0x0, 0x0, 0x0, 0x0, 0x0, 0x0, 0x48, 0xdf, 0xff, 0xff, 0xff, 0xff, 0x0, 0x0, 0x0,
    0x0, 0x0, 0x0, 0x0, 0x0, 0x16, 0xae, 0xff, 0xff, 0xff, 0xff, 0xff, 0xff, 0x0, 0x0, 0x0,
    0x0, 0x0, 0x0, 0x3, 0x8c, 0xff, 0xff, 0xff, 0xff, 0xff, 0xff, 0xff, 0xff, 0x0, 0x0, 0x0,
    0x0, 0x1, 0x59, 0xef, 0xff, 0xff, 0xff, 0xff, 0xff, 0xff, 0xff, 0xff, 0xff, 0x0, 0x0, 0x0,
    0x0, 0x6f, 0xff, 0xff, 0xff, 0xff, 0xff, 0xff, 0xff, 0xff, 0xff, 0xff, 0xff, 0x0, 0x0, 0x0,
    0x0, 0xef, 0xff, 0xff, 0xff, 0xff, 0xff, 0xff, 0xff, 0xff, 0xff, 0xff, 0xff, 0x0, 0x0, 0x0,
    0x0, 0xff, 0xff, 0xff, 0xff, 0xff, 0xff, 0xff, 0xff, 0xff, 0xfd, 0xff, 0xff, 0x0, 0x0, 0x0,
    0x0, 0xff, 0xff, 0xff, 0xff, 0xff, 0xff, 0xff, 0xff, 0xb6, 0x20, 0xff, 0xff, 0x0, 0x0, 0x0,
    0x0, 0xff, 0xff, 0xff, 0xff, 0xff, 0xff, 0xd9, 0x51, 0x0, 0x0, 0xff, 0xff, 0x0, 0x0, 0x0,
    0x0, 0xff, 0xff, 0xff, 0xff, 0xfc, 0x73, 0x0, 0x0, 0x0, 0x0, 0xff, 0xff, 0x0, 0x0, 0x0,
    0x0, 0xff, 0xff, 0xfe, 0xa5, 0x10, 0x0, 0x0, 0x0, 0x0, 0x0, 0xff, 0xff, 0x0, 0x0, 0x0,
    0x0, 0xff, 0xff, 0x30, 0x0, 0x0, 0x0, 0x0, 0x0, 0x0, 0x0, 0xff, 0xff, 0x0, 0x0, 0x0,
    0x0, 0xff, 0xff, 0x0, 0x0, 0x0, 0x0, 0x0, 0x0, 0x0, 0x0, 0xff, 0xff, 0x0, 0x0, 0x0,
    0x0, 0xff, 0xff, 0x0, 0x0, 0x0, 0x0, 0x0, 0x0, 0x0, 0x0, 0xff, 0xff, 0x0, 0x0, 0x0,
    0x0, 0xff, 0xff, 0x0, 0x0, 0x0, 0x0, 0x0, 0x0, 0x0, 0x0, 0xff, 0xff, 0x0, 0x0, 0x0,
    0x0, 0xff, 0xff, 0x0, 0x0, 0x0, 0x0, 0x0, 0x0, 0x0, 0x0, 0xff, 0xff, 0x0, 0x0, 0x0,
    0x0, 0xff, 0xff, 0x0, 0x0, 0x0, 0x0, 0x0, 0x0, 0x0, 0x0, 0xff, 0xff, 0x0, 0x0, 0x0,
    0x0, 0xff, 0xff, 0x0, 0x0, 0x0, 0x0, 0x0, 0x0, 0x0, 0x0, 0xff, 0xff, 0x0, 0x0, 0x0,
    0x0, 0xff, 0xff, 0x0, 0x0, 0x0, 0x0, 0x0, 0x4a, 0xdf, 0xec, 0xff, 0xff, 0x0, 0x0, 0x0,
    0x0, 0xff, 0xff, 0x0, 0x0, 0x0, 0x0, 0xa, 0xff, 0xff, 0xff, 0xff, 0xff, 0x0, 0x0, 0x0,
    0x0, 0xff, 0xff, 0x0, 0x0, 0x0, 0x0, 0x8f, 0xff, 0xff, 0xff, 0xff, 0xff, 0x0, 0x0, 0x0,
    0x0, 0xff, 0xff, 0x0, 0x0, 0x0, 0x0, 0xef, 0xff, 0xff, 0xff, 0xff, 0xff, 0x0, 0x4a, 0xdf,
    0xec, 0xff, 0xff, 0x0, 0x0, 0x0, 0x0, 0xef, 0xff, 0xff, 0xff, 0xff, 0xfe, 0xa, 0xff, 0xff,
    0xff, 0xff, 0xff, 0x0, 0x0, 0x0, 0x0, 0x8f, 0xff, 0xff, 0xff, 0xff, 0xf8, 0x8f, 0xff, 0xff,
    0xff, 0xff, 0xff, 0x0, 0x0, 0x0, 0x0, 0xa, 0xff, 0xff, 0xff, 0xff, 0xa0, 0xef, 0xff, 0xff,
    0xff, 0xff, 0xff, 0x0, 0x0, 0x0, 0x0, 0x0, 0x4a, 0xdf, 0xfd, 0xa4, 0x0, 0xef, 0xff, 0xff,
    0xff, 0xff, 0xfe, 0x0, 0x0, 0x0, 0x0, 0x0, 0x0, 0x0, 0x0, 0x0, 0x0, 0x8f, 0xff, 0xff,
    0xff, 0xff, 0xf8, 0x0, 0x0, 0x0, 0x0, 0x0, 0x0, 0x0, 0x0, 0x0, 0x0, 0xa, 0xff, 0xff,
    0xff, 0xff, 0xa0, 0x0, 0x0, 0x0, 0x0, 0x0, 0x0, 0x0, 0x0, 0x0, 0x0, 0x0, 0x4a, 0xdf,
    0xfd, 0xa4, 0x0, 0x0, 0x0, 0x0, 0x0, 0x0, 0x0, 0x0, 0x0, 0x0, 0x0, 0x0, 0x0, 0x0,
    0x0, 0x37, 0xbd, 0xee, 0xdb, 0x73, 0x0, 0x0, 0x0, 0x0, 0x0, 0x0, 0x0, 0x0, 0x0, 0x0,
    0x3c, 0xff, 0xff, 0xff, 0xff, 0xff, 0xc3, 0x0, 0x0, 0x0, 0x0, 0x0, 0x0, 0x0, 0x0, 0x9,
    0xff, 0xff, 0xff, 0xff, 0xff, 0xff, 0xff, 0x90, 0x0, 0x0, 0x0, 0x0, 0x0, 0x0, 0x1, 0xbf,
    0xff, 0xff, 0xff, 0xff, 0xff, 0xff, 0xff, 0xfb, 0x10, 0x0, 0x0, 0x0, 0x0, 0x0, 0xb, 0xff,
    0xff, 0xff, 0xff, 0xff, 0xff, 0xff, 0xff, 0xff, 0xb0, 0x0, 0x0, 0x0, 0x0, 0x0, 0x9f, 0xff,
    0xff, 0xfc, 0x62, 0x11, 0x26, 0xcf, 0xff, 0xff, 0xf9, 0x0, 0x0, 0x0, 0x0, 0x3, 0xff, 0xff,
    0xff, 0x60, 0x0, 0x0, 0x0, 0x6, 0xff, 0xff, 0xff, 0x30, 0x0, 0x0, 0x0, 0xc, 0xff, 0xff,
    0xf4, 0x0, 0x0, 0x0, 0x0, 0x0, 0x4f, 0xff, 0xff, 0xc0, 0x0, 0x0, 0x0, 0x3f, 0xff, 0xff,
    0x60, 0x0, 0x0, 0x0, 0x0, 0x0, 0x6, 0xff, 0xff, 0xf3, 0x0, 0x0, 0x0, 0x7f, 0xff, 0xfc,
    0x0, 0x0, 0x0, 0x0, 0x0, 0x0, 0x0, 0xcf, 0xff, 0xf7, 0x0, 0x0, 0x0, 0xbf, 0xff, 0xf6,
    0x0, 0x0, 0x0, 0x0, 0x0, 0x0, 0x0, 0x6f, 0xff, 0xfb, 0x0, 0x0, 0x0, 0xdf, 0xff, 0xf2,
    0x0, 0x0, 0x0, 0x0, 0x0, 0x0, 0x0, 0x2f, 0xff, 0xfd, 0x0, 0x0, 0x0, 0xef, 0xff, 0xf1,
    0x0, 0x0, 0x0, 0x0, 0x0, 0x0, 0x0, 0x1f, 0xff, 0xfe, 0x0, 0x0, 0x0, 0xef, 0xff, 0xf1,
    0x0, 0x0, 0x0, 0x0, 0x0, 0x0, 0x0, 0x1f, 0xff, 0xfe, 0x0, 0x0, 0x0, 0xdf, 0xff, 0xf2,
    0x0, 0x0, 0x0, 0x0, 0x0, 0x0, 0x0, 0x2f, 0xff, 0xfd, 0x0, 0x0, 0x0, 0xbf, 0xff, 0xf6,
    0x0, 0x0, 0x0, 0x0, 0x0, 0x0, 0x0, 0x6f, 0xff, 0xfb, 0x0, 0x0, 0x0, 0x7f, 0xff, 0xfc,
    0x0, 0x0, 0x0, 0x0, 0x0, 0x0, 0x0, 0xcf, 0xff, 0xf7, 0x0, 0x0, 0x0, 0x3f, 0xff, 0xff,
    0x60, 0x0, 0x0, 0x0, 0x0, 0x0, 0x6, 0xff, 0xff, 0xf3, 0x0, 0x0, 0x0, 0xc, 0xff, 0xff,
    0xf4, 0x0, 0x0, 0x0, 0x0, 0x0, 0x4f, 0xff, 0xff, 0xb0, 0x0, 0x0, 0x0, 0x3, 0xff, 0xff,
    0xff, 0x60, 0x0, 0x0, 0x0, 0x6, 0xff, 0xff, 0xff, 0x40, 0x0, 0x0, 0x0, 0x0, 0x9f, 0xff,
    0xff, 0xfc, 0x62, 0x11, 0x26, 0xcf, 0xff, 0xff, 0xf9, 0x0, 0x0, 0x0, 0x0, 0x0, 0xb, 0xff,
    0xff, 0xff, 0xff, 0xff, 0xff, 0xff, 0xff, 0xff, 0xff, 0xe5, 0x0, 0x0, 0x0, 0x0, 0x1, 0xbf,
    0xff, 0xff, 0xff, 0xff, 0xff, 0xff, 0xff, 0xff, 0xff, 0xff, 0x60, 0x0, 0x0, 0x0, 0x0, 0x9,
    0xff, 0xff, 0xff, 0xff, 0xff, 0xff, 0xff, 0x9f, 0xff, 0xff, 0xf6, 0x0, 0x0, 0x0, 0x0, 0x0,
    0x3c, 0xff, 0xff, 0xff, 0xff, 0xff, 0xb4, 0xe, 0xff, 0xff, 0xff, 0x60, 0x0, 0x0, 0x0, 0x0,
    0x0, 0x37, 0xbd, 0xee, 0xdb, 0x83, 0x0, 0x6, 0xff, 0xff, 0xff, 0xf6, 0x0, 0x0, 0x0, 0x0,
    0x0, 0x0, 0x0, 0x0, 0x0, 0x0, 0x0, 0x0, 0x6f, 0xff, 0xff, 0xff, 0x60, 0x0, 0x0, 0x0,
    0x0, 0x0, 0x0, 0x0, 0x0, 0x0, 0x0, 0x0, 0x6, 0xff, 0xff, 0xff, 0xf5, 0x0, 0x0, 0x0,
    0x0, 0x0, 0x0, 0x0, 0x0, 0x0, 0x0, 0x0, 0x0, 0x6f, 0xff, 0xff, 0xfe, 0x0, 0x0, 0x0,
    0x0, 0x0, 0x0, 0x0, 0x0, 0x0, 0x0, 0x0, 0x0, 0x6, 0xff, 0xff, 0xfb, 0x0, 0x0, 0x0,
    0x0, 0x0, 0x0, 0x0, 0x0, 0x0, 0x0, 0x0, 0x0, 0x0, 0x6f, 0xff, 0xc1, 0x0, 0x0, 0x0,
    0x0, 0x0, 0x0, 0x0, 0x0, 0x0, 0x0, 0x0, 0x0, 0x0, 0x6, 0xeb, 0x10, 0x8f, 0x0, 0x0,
    0xff, 0xff, 0xff, 0xff, 0xff, 0xff, 0xff, 0xff, 0xff, 0xff, 0x0, 0x0, 0xf8, 0xff, 0x20, 0x2,
    0xff, 0xff, 0xff, 0xff, 0xff, 0xff, 0xff, 0xff, 0xff, 0xff, 0x20, 0x2, 0xff, 0xff, 0xff, 0xff,
    0xff, 0xff, 0xff, 0xff, 0xff, 0xff, 0xff, 0xff, 0xff, 0xff, 0xff, 0xff, 0xff, 0xff, 0xff, 0xff,
    0xff, 0xf2, 0x0, 0x0, 0x0, 0x0, 0x0, 0x0, 0x2f, 0xff, 0xff, 0xff, 0xff, 0xff, 0x20, 0x2,
    0xff, 0xf0, 0x0, 0x0, 0x0, 0x0, 0x0, 0x0, 0xf, 0xff, 0x20, 0x2, 0xff, 0xff, 0x0, 0x0,
    0xff, 0xf0, 0x0, 0x0, 0x0, 0x0, 0x0, 0x0, 0xf, 0xff, 0x0, 0x0, 0xff, 0xff, 0x0, 0x0,
    0xff, 0xf0, 0x0, 0x0, 0x0, 0x0, 0x0, 0x0, 0xf, 0xff, 0x0, 0x0, 0xff, 0xff, 0x20, 0x2,
    0xff, 0xf0, 0x0, 0x0, 0x0, 0x0, 0x0, 0x0, 0xf, 0xff, 0x20, 0x2, 0xff, 0xff, 0xff, 0xff,
    0xff, 0xf0, 0x0, 0x0, 0x0, 0x0, 0x0, 0x0, 0xf, 0xff, 0xff, 0xff, 0xff, 0xff, 0xff, 0xff,
    0xff, 0xf0, 0x0, 0x0, 0x0, 0x0, 0x0, 0x0, 0xf, 0xff, 0xff, 0xff, 0xff, 0xff, 0x20, 0x2,
    0xff, 0xf9, 0x88, 0x88, 0x88, 0x88, 0x88, 0x88, 0x9f, 0xff, 0x20, 0x2, 0xff, 0xff, 0x0, 0x0,
    0xff, 0xff, 0xff, 0xff, 0xff, 0xff, 0xff, 0xff, 0xff, 0xff, 0x0, 0x0, 0xff, 0xff, 0x0, 0x0,
    0xff, 0xff, 0xff, 0xff, 0xff, 0xff, 0xff, 0xff, 0xff, 0xff, 0x0, 0x0, 0xff, 0xff, 0x20, 0x2,
    0xff, 0xf9, 0x88, 0x88, 0x88, 0x88, 0x88, 0x88, 0x9f, 0xff, 0x20, 0x2, 0xff, 0xff, 0xff, 0xff,
    0xff, 0xf0, 0x0, 0x0, 0x0, 0x0, 0x0, 0x0, 0xf, 0xff, 0xff, 0xff, 0xff, 0xff, 0xff, 0xff,
    0xff, 0xf0, 0x0, 0x0, 0x0, 0x0, 0x0, 0x0, 0xf, 0xff, 0xff, 0xff, 0xff, 0xff, 0x20, 0x2,
    0xff, 0xf0, 0x0, 0x0, 0x0, 0x0, 0x0, 0x0, 0xf, 0xff, 0x20, 0x2, 0xff, 0xff, 0x0, 0x0,
    0xff, 0xf0, 0x0, 0x0, 0x0, 0x0, 0x0, 0x0, 0xf, 0xff, 0x0, 0x0, 0xff, 0xff, 0x0, 0x0,
    0xff, 0xf0, 0x0, 0x0, 0x0, 0x0, 0x0, 0x0, 0xf, 0xff, 0x0, 0x0, 0xff, 0xff, 0x20, 0x2,
    0xff, 0xf0, 0x0, 0x0, 0x0, 0x0, 0x0, 0x0, 0xf, 0xff, 0x20, 0x2, 0xff, 0xff, 0xff, 0xff,
    0xff, 0xf2, 0x0, 0x0, 0x0, 0x0, 0x0, 0x0, 0x2f, 0xff, 0xff, 0xff, 0xff, 0xff, 0xff, 0xff,
    0xff, 0xff, 0xff, 0xff, 0xff, 0xff, 0xff, 0xff, 0xff, 0xff, 0xff, 0xff, 0xff, 0xff, 0x20, 0x2,
    0xff, 0xff, 0xff, 0xff, 0xff, 0xff, 0xff, 0xff, 0xff, 0xff, 0x20, 0x2, 0xff, 0x8f, 0x0, 0x0,
    0xff, 0xff, 0xff, 0xff, 0xff, 0xff, 0xff, 0xff, 0xff, 0xff, 0x0, 0x0, 0xf8, 0x8f, 0xff, 0xff,
    0xff, 0xc1, 0x4, 0xef, 0xff, 0xff, 0xff, 0xff, 0xff, 0xff, 0xff, 0xff, 0xf8, 0xff, 0xff, 0xff,
    0xff, 0xf4, 0xa, 0xff, 0xff, 0xff, 0xff, 0xff, 0xff, 0xff, 0xff, 0xff, 0xff, 0xff, 0xff, 0xff,
    0xff, 0xf5, 0xa, 0xff, 0xff, 0xff, 0xff, 0xff, 0xff, 0xff, 0xff, 0xff, 0xff, 0xff, 0xff, 0xff,
    0xff, 0xf5, 0xa, 0xff, 0xff, 0xff, 0xff, 0xff, 0xff, 0xff, 0xff, 0xff, 0xff, 0xff, 0xff, 0xff,
    0xff, 0xf5, 0xa, 0xff, 0xff, 0xff, 0xff, 0xff, 0xff, 0xff, 0xff, 0xff, 0xff, 0xff, 0xff, 0xff,
    0xff, 0xf5, 0xa, 0xff, 0xff, 0xff, 0xff, 0xff, 0xff, 0xff, 0xff, 0xff, 0xff, 0xff, 0xff, 0xff,
    0xff, 0xf4, 0xa, 0xff, 0xff, 0xff, 0xff, 0xff, 0xff, 0xff, 0xff, 0xff, 0xff, 0x8f, 0xff, 0xff,
    0xff, 0xc1, 0x4, 0xef, 0xff, 0xff, 0xff, 0xff, 0xff, 0xff, 0xff, 0xff, 0xf8, 0x0, 0x0, 0x0,
    0x0, 0x0, 0x0, 0x0, 0x0, 0x0, 0x0, 0x0, 0x0, 0x0, 0x0, 0x0, 0x0, 0x0, 0x0, 0x0,
    0x0, 0x0, 0x0, 0x0, 0x0, 0x0, 0x0, 0x0, 0x0, 0x0, 0x0, 0x0, 0x0, 0x8f, 0xff, 0xff,
    0xff, 0xc1, 0x4, 0xef, 0xff, 0xff, 0xff, 0xff, 0xff, 0xff, 0xff, 0xff, 0xf8, 0xff, 0xff, 0xff,
    0xff, 0xf4, 0xa, 0xff, 0xff, 0xff, 0xff, 0xff, 0xff, 0xff, 0xff, 0xff, 0xff, 0xff, 0xff, 0xff,
    0xff, 0xf5, 0xa, 0xff, 0xff, 0xff, 0xff, 0xff, 0xff, 0xff, 0xff, 0xff, 0xff, 0xff, 0xff, 0xff,
    0xff, 0xf5, 0xa, 0xff, 0xff, 0xff, 0xff, 0xff, 0xff, 0xff, 0xff, 0xff, 0xff, 0xff, 0xff, 0xff,
    0xff, 0xf5, 0xa, 0xff, 0xff, 0xff, 0xff, 0xff, 0xff, 0xff, 0xff, 0xff, 0xff, 0xff, 0xff, 0xff,
    0xff, 0xf5, 0xa, 0xff, 0xff, 0xff, 0xff, 0xff, 0xff, 0xff, 0xff, 0xff, 0xff, 0xff, 0xff, 0xff,
    0xff, 0xf4, 0xa, 0xff, 0xff, 0xff, 0xff, 0xff, 0xff, 0xff, 0xff, 0xff, 0xff, 0x8f, 0xff, 0xff,
    0xff, 0xc1, 0x4, 0xef, 0xff, 0xff, 0xff, 0xff, 0xff, 0xff, 0xff, 0xff, 0xf8, 0x0, 0x0, 0x0,
    0x0, 0x0, 0x0, 0x0, 0x0, 0x0, 0x0, 0x0, 0x0, 0x0, 0x0, 0x0, 0x0, 0x0, 0x0, 0x0,
    0x0, 0x0, 0x0, 0x0, 0x0, 0x0, 0x0, 0x0, 0x0, 0x0, 0x0, 0x0, 0x0, 0x8f, 0xff, 0xff,
    0xff, 0xc1, 0x4, 0xef, 0xff, 0xff, 0xff, 0xff, 0xff, 0xff, 0xff, 0xff, 0xf8, 0xff, 0xff, 0xff,
    0xff, 0xf4, 0xa, 0xff, 0xff, 0xff, 0xff, 0xff, 0xff, 0xff, 0xff, 0xff, 0xff, 0xff, 0xff, 0xff,
    0xff, 0xf5, 0xa, 0xff, 0xff, 0xff, 0xff, 0xff, 0xff, 0xff, 0xff, 0xff, 0xff, 0xff, 0xff, 0xff,
    0xff, 0xf5, 0xa, 0xff, 0xff, 0xff, 0xff, 0xff, 0xff, 0xff, 0xff, 0xff, 0xff, 0xff, 0xff, 0xff,
    0xff, 0xf5, 0xa, 0xff, 0xff, 0xff, 0xff, 0xff, 0xff, 0xff, 0xff, 0xff, 0xff, 0xff, 0xff, 0xff,
    0xff, 0xf5, 0xa, 0xff, 0xff, 0xff, 0xff, 0xff, 0xff, 0xff, 0xff, 0xff, 0xff, 0xff, 0xff, 0xff,
    0xff, 0xf4, 0xa, 0xff, 0xff, 0xff, 0xff, 0xff, 0xff, 0xff, 0xff, 0xff, 0xff, 0x8f, 0xff, 0xff,
    0xff, 0xc1, 0x4, 0xef, 0xff, 0xff, 0xff, 0xff, 0xff, 0xff, 0xff, 0xff, 0xf8, 0x0, 0x0, 0x0,
    0x0, 0x0, 0x0, 0x0, 0x0, 0x0, 0x0, 0x0, 0x0, 0x0, 0x1b, 0xd3, 0x0, 0x0, 0x0, 0x0,
    0x0, 0x0, 0x0, 0x0, 0x0, 0x0, 0x0, 0x0, 0x0, 0x1, 0xdf, 0xfe, 0x40, 0x0, 0x0, 0x0,
    0x0, 0x0, 0x0, 0x0, 0x0, 0x0, 0x0, 0x0, 0x0, 0x1d, 0xff, 0xff, 0xe4, 0x0, 0x0, 0x0,
    0x0, 0x0, 0x0, 0x0, 0x0, 0x0, 0x0, 0x0, 0x1, 0xdf, 0xff, 0xff, 0xfe, 0x0, 0x0, 0x0,
    0x0, 0x0, 0x0, 0x0, 0x0, 0x0, 0x0, 0x0, 0x1d, 0xff, 0xff, 0xff, 0xfd, 0x0, 0x0, 0x0,
    0x0, 0x0, 0x0, 0x0, 0x0, 0x0, 0x0, 0x1, 0xdf, 0xff, 0xff, 0xff, 0xe3, 0x0, 0x0, 0x0,
    0x0, 0x0, 0x0, 0x0, 0x0, 0x0, 0x0, 0x1d, 0xff, 0xff, 0xff, 0xfe, 0x30, 0x0, 0x0, 0x0,
    0x0, 0x0, 0x0, 0x0, 0x0, 0x0, 0x1, 0xdf, 0xff, 0xff, 0xff, 0xe3, 0x0, 0x0, 0x3d, 0xb1,
    0x0, 0x0, 0x0, 0x0, 0x0, 0x0, 0x1d, 0xff, 0xff, 0xff, 0xfe, 0x30, 0x0, 0x4, 0xef, 0xfd,
    0x10, 0x0, 0x0, 0x0, 0x0, 0x1, 0xdf, 0xff, 0xff, 0xff, 0xe3, 0x0, 0x0, 0x4e, 0xff, 0xff,
    0xd1, 0x0, 0x0, 0x0, 0x0, 0x1d, 0xff, 0xff, 0xff, 0xfe, 0x30, 0x0, 0x0, 0xef, 0xff, 0xff,
    0xfd, 0x10, 0x0, 0x0, 0x1, 0xdf, 0xff, 0xff, 0xff, 0xe3, 0x0, 0x0, 0x0, 0xdf, 0xff, 0xff,
    0xff, 0xd1, 0x0, 0x0, 0x1d, 0xff, 0xff, 0xff, 0xfe, 0x30, 0x0, 0x0, 0x0, 0x3e, 0xff, 0xff,
    0xff, 0xfd, 0x10, 0x1, 0xdf, 0xff, 0xff, 0xff, 0xe3, 0x0, 0x0, 0x0, 0x0, 0x3, 0xef, 0xff,
    0xff, 0xff, 0xd1, 0x1d, 0xff, 0xff, 0xff, 0xfe, 0x30, 0x0, 0x0, 0x0, 0x0, 0x0, 0x3e, 0xff,
    0xff, 0xff, 0xfd, 0xdf, 0xff, 0xff, 0xff, 0xe3, 0x0, 0x0, 0x0, 0x0, 0x0, 0x0, 0x3, 0xef,
    0xff, 0xff, 0xff, 0xff, 0xff, 0xff, 0xfe, 0x30, 0x0, 0x0, 0x0, 0x0, 0x0, 0x0, 0x0, 0x3e,
    0xff, 0xff, 0xff, 0xff, 0xff, 0xff, 0xe3, 0x0, 0x0, 0x0, 0x0, 0x0, 0x0, 0x0, 0x0, 0x3,
    0xef, 0xff, 0xff, 0xff, 0xff, 0xfe, 0x30, 0x0, 0x0, 0x0, 0x0, 0x0, 0x0, 0x0, 0x0, 0x0,
    0x3e, 0xff, 0xff, 0xff, 0xff, 0xe2, 0x0, 0x0, 0x0, 0x0, 0x0, 0x0, 0x0, 0x0, 0x0, 0x0,
    0x3, 0xef, 0xff, 0xff, 0xfe, 0x20, 0x0, 0x0, 0x0, 0x0, 0x0, 0x0, 0x0, 0x0, 0x0, 0x0,
    0x0, 0x2e, 0xff, 0xff, 0xe2, 0x0, 0x0, 0x0, 0x0, 0x0, 0x0, 0x0, 0x0, 0x0, 0x0, 0x0,
    0x0, 0x2, 0xef, 0xfe, 0x20, 0x0, 0x0, 0x0, 0x0, 0x0, 0x0, 0x0, 0x0, 0x0, 0x0, 0x0,
    0x0, 0x0, 0x2c, 0xc2, 0x0, 0x0, 0x0, 0x0, 0x0, 0x0, 0x0, 0x0, 0x0, 0x2, 0xbe, 0x90,
    0x0, 0x0, 0x0, 0x0, 0x0, 0x9, 0xeb, 0x20, 0x2d, 0xff, 0xfa, 0x0, 0x0, 0x0, 0x0, 0x0,
    0xaf, 0xff, 0xd2, 0xbf, 0xff, 0xff, 0xa0, 0x0, 0x0, 0x0, 0xa, 0xff, 0xff, 0xfb, 0xef, 0xff,
    0xff, 0xfa, 0x0, 0x0, 0x0, 0xaf, 0xff, 0xff, 0xfe, 0x9f, 0xff, 0xff, 0xff, 0xa0, 0x0, 0xa,
    0xff, 0xff, 0xff, 0xf9, 0xa, 0xff, 0xff, 0xff, 0xfa, 0x0, 0xaf, 0xff, 0xff, 0xff, 0xa0, 0x0,
    0xaf, 0xff, 0xff, 0xff, 0xaa, 0xff, 0xff, 0xff, 0xfa, 0x0, 0x0, 0xa, 0xff, 0xff, 0xff, 0xff,
    0xff, 0xff, 0xff, 0xa0, 0x0, 0x0, 0x0, 0xaf, 0xff, 0xff, 0xff, 0xff, 0xff, 0xfa, 0x0, 0x0,
    0x0, 0x0, 0xa, 0xff, 0xff, 0xff, 0xff, 0xff, 0xa0, 0x0, 0x0, 0x0, 0x0, 0x0, 0xaf, 0xff,
    0xff, 0xff, 0xfa, 0x0, 0x0, 0x0, 0x0, 0x0, 0x0, 0xaf, 0xff, 0xff, 0xff, 0xfa, 0x0, 0x0,
    0x0, 0x0, 0x0, 0xa, 0xff, 0xff, 0xff, 0xff, 0xff, 0xa0, 0x0, 0x0, 0x0, 0x0, 0xaf, 0xff,
    0xff, 0xff, 0xff, 0xff, 0xfa, 0x0, 0x0, 0x0, 0xa, 0xff, 0xff, 0xff, 0xff, 0xff, 0xff, 0xff,
    0xa0, 0x0, 0x0, 0xaf, 0xff, 0xff, 0xff, 0xaa, 0xff, 0xff, 0xff, 0xfa, 0x0, 0xa, 0xff, 0xff,
    0xff, 0xfa, 0x0, 0xaf, 0xff, 0xff, 0xff, 0xa0, 0x9f, 0xff, 0xff, 0xff, 0xa0, 0x0, 0xa, 0xff,
    0xff, 0xff, 0xf9, 0xef, 0xff, 0xff, 0xfa, 0x0, 0x0, 0x0, 0xaf, 0xff, 0xff, 0xfe, 0xbf, 0xff,
    0xff, 0xa0, 0x0, 0x0, 0x0, 0xa, 0xff, 0xff, 0xfb, 0x2d, 0xff, 0xfa, 0x0, 0x0, 0x0, 0x0,
    0x0, 0xaf, 0xff, 0xd2, 0x2, 0xbe, 0x90, 0x0, 0x0, 0x0, 0x0, 0x0, 0x9, 0xeb, 0x20, 0x0,
    0x0, 0x0, 0x0, 0x0, 0x0, 0x8, 0xff, 0xf8, 0x0, 0x0, 0x0, 0x0, 0x0, 0x0, 0x0, 0x0,
    0x0, 0x0, 0x0, 0x0, 0x0, 0xff, 0xff, 0xf0, 0x0, 0x0, 0x0, 0x0, 0x0, 0x0, 0x0, 0x0,
    0x0, 0x0, 0x0, 0x0, 0xf, 0xff, 0xff, 0x0, 0x0, 0x0, 0x0, 0x0, 0x0, 0x0, 0x0, 0x0,
    0x2, 0x51, 0x0, 0x0, 0xff, 0xff, 0xf0, 0x0, 0x1, 0x52, 0x0, 0x0, 0x0, 0x0, 0x0, 0x4,
    0xef, 0xb0, 0x0, 0xf, 0xff, 0xff, 0x0, 0x0, 0xbf, 0xe5, 0x0, 0x0, 0x0, 0x0, 0x6, 0xff,
    0xff, 0x50, 0x0, 0xff, 0xff, 0xf0, 0x0, 0x5f, 0xff, 0xf6, 0x0, 0x0, 0x0, 0x4, 0xff, 0xff,
    0xfc, 0x0, 0xf, 0xff, 0xff, 0x0, 0xc, 0xff, 0xff, 0xf5, 0x0, 0x0, 0x2, 0xef, 0xff, 0xff,
    0xa0, 0x0, 0xff, 0xff, 0xf0, 0x0, 0xaf, 0xff, 0xff, 0xe2, 0x0, 0x0, 0xbf, 0xff, 0xff, 0xb1,
    0x0, 0xf, 0xff, 0xff, 0x0, 0x1, 0xbf, 0xff, 0xff, 0xb0, 0x0, 0x4f, 0xff, 0xff, 0xa0, 0x0,
    0x0, 0xff, 0xff, 0xf0, 0x0, 0x0, 0xbf, 0xff, 0xff, 0x50, 0xb, 0xff, 0xff, 0xd1, 0x0, 0x0,
    0xf, 0xff, 0xff, 0x0, 0x0, 0x1, 0xef, 0xff, 0xfc, 0x2, 0xff, 0xff, 0xf4, 0x0, 0x0, 0x0,
    0xff, 0xff, 0xf0, 0x0, 0x0, 0x5, 0xff, 0xff, 0xf2, 0x6f, 0xff, 0xfd, 0x0, 0x0, 0x0, 0xf,
    0xff, 0xff, 0x0, 0x0, 0x0, 0xc, 0xff, 0xff, 0x7a, 0xff, 0xff, 0x70, 0x0, 0x0, 0x0, 0xff,
    0xff, 0xf0, 0x0, 0x0, 0x0, 0x7f, 0xff, 0xfa, 0xdf, 0xff, 0xf3, 0x0, 0x0, 0x0, 0xf, 0xff,
    0xff, 0x0, 0x0, 0x0, 0x3, 0xff, 0xff, 0xde, 0xff, 0xff, 0x10, 0x0, 0x0, 0x0, 0xff, 0xff,
    0xf0, 0x0, 0x0, 0x0, 0x1f, 0xff, 0xfe, 0xff, 0xff, 0xf0, 0x0, 0x0, 0x0, 0xf, 0xff, 0xff,
    0x0, 0x0, 0x0, 0x0, 0xff, 0xff, 0xfe, 0xff, 0xff, 0x10, 0x0, 0x0, 0x0, 0x8f, 0xff, 0x80,
    0x0, 0x0, 0x0, 0x1f, 0xff, 0xfe, 0xdf, 0xff, 0xf3, 0x0, 0x0, 0x0, 0x0, 0x0, 0x0, 0x0,
    0x0, 0x0, 0x3, 0xff, 0xff, 0xda, 0xff, 0xff, 0x70, 0x0, 0x0, 0x0, 0x0, 0x0, 0x0, 0x0,
    0x0, 0x0, 0x7f, 0xff, 0xfb, 0x7f, 0xff, 0xfc, 0x0, 0x0, 0x0, 0x0, 0x0, 0x0, 0x0, 0x0,
    0x0, 0xc, 0xff, 0xff, 0x72, 0xff, 0xff, 0xf4, 0x0, 0x0, 0x0, 0x0, 0x0, 0x0, 0x0, 0x0,
    0x4, 0xff, 0xff, 0xf3, 0xc, 0xff, 0xff, 0xd1, 0x0, 0x0, 0x0, 0x0, 0x0, 0x0, 0x0, 0x1,
    0xdf, 0xff, 0xfd, 0x0, 0x5f, 0xff, 0xff, 0xb0, 0x0, 0x0, 0x0, 0x0, 0x0, 0x0, 0x0, 0xbf,
    0xff, 0xff, 0x60, 0x0, 0xcf, 0xff, 0xff, 0xb1, 0x0, 0x0, 0x0, 0x0, 0x0, 0x1, 0xbf, 0xff,
    0xff, 0xc0, 0x0, 0x2, 0xef, 0xff, 0xff, 0xd4, 0x0, 0x0, 0x0, 0x0, 0x4, 0xdf, 0xff, 0xff,
    0xe3, 0x0, 0x0, 0x5, 0xff, 0xff, 0xff, 0xfc, 0x73, 0x10, 0x13, 0x7c, 0xff, 0xff, 0xff, 0xf5,
    0x0, 0x0, 0x0, 0x6, 0xff, 0xff, 0xff, 0xff, 0xff, 0xff, 0xff, 0xff, 0xff, 0xff, 0xf6, 0x0,
    0x0, 0x0, 0x0, 0x5, 0xef, 0xff, 0xff, 0xff, 0xff, 0xff, 0xff, 0xff, 0xff, 0xe5, 0x0, 0x0,
    0x0, 0x0, 0x0, 0x2, 0xbf, 0xff, 0xff, 0xff, 0xff, 0xff, 0xff, 0xff, 0xc3, 0x0, 0x0, 0x0,
    0x0, 0x0, 0x0, 0x0, 0x5c, 0xff, 0xff, 0xff, 0xff, 0xff, 0xfd, 0x60, 0x0, 0x0, 0x0, 0x0,
    0x0, 0x0, 0x0, 0x0, 0x2, 0x7a, 0xde, 0xfe, 0xdb, 0x83, 0x0, 0x0, 0x0, 0x0, 0x0, 0x0,
    0x0, 0x0, 0x0, 0x0, 0x1, 0x46, 0x77, 0x64, 0x10, 0x0, 0x0, 0x0, 0x0, 0x0, 0x0, 0x0,
    0x0, 0x0, 0x0, 0xe, 0xff, 0xff, 0xff, 0xe0, 0x0, 0x0, 0x0, 0x0, 0x0, 0x0, 0x0, 0x0,
    0x0, 0x0, 0xf, 0xff, 0xff, 0xff, 0xf0, 0x0, 0x0, 0x0, 0x0, 0x0, 0x0, 0x0, 0x0, 0x0,
    0x0, 0xf, 0xff, 0xff, 0xff, 0xf0, 0x0, 0x0, 0x0, 0x0, 0x0, 0x0, 0x0, 0x0, 0x0, 0x0,
    0x2f, 0xff, 0xff, 0xff, 0xf2, 0x0, 0x0, 0x0, 0x0, 0x0, 0x0, 0x5, 0x92, 0x0, 0x29, 0xff,
    0xff, 0xff, 0xff, 0xff, 0x92, 0x0, 0x2a, 0x50, 0x0, 0x0, 0x3f, 0xff, 0x85, 0xef, 0xff, 0xff,
    0xff, 0xff, 0xff, 0xfe, 0x58, 0xff, 0xf3, 0x0, 0x1, 0xdf, 0xff, 0xff, 0xff, 0xff, 0xff, 0xff,
    0xff, 0xff, 0xff, 0xff, 0xff, 0xfd, 0x10, 0x8, 0xff, 0xff, 0xff, 0xff, 0xff, 0xff, 0xff, 0xff,
    0xff, 0xff, 0xff, 0xff, 0xff, 0x80, 0x1e, 0xff, 0xff, 0xff, 0xff, 0xff, 0xff, 0xff, 0xff, 0xff,
    0xff, 0xff, 0xff, 0xff, 0xe1, 0x7f, 0xff, 0xff, 0xff, 0xff, 0xff, 0xff, 0xff, 0xff, 0xff, 0xff,
    0xff, 0xff, 0xff, 0xf7, 0xcf, 0xff, 0xff, 0xff, 0xff, 0xff, 0xa4, 0x11, 0x4a, 0xff, 0xff, 0xff,
    0xff, 0xff, 0xfc, 0x3c, 0xff, 0xff, 0xff, 0xff, 0xf7, 0x0, 0x0, 0x0, 0x7f, 0xff, 0xff, 0xff,
    0xff, 0xc3, 0x0, 0x6e, 0xff, 0xff, 0xff, 0xa0, 0x0, 0x0, 0x0, 0xa, 0xff, 0xff, 0xff, 0xe6,
    0x0, 0x0, 0xd, 0xff, 0xff, 0xff, 0x40, 0x0, 0x0, 0x0, 0x4, 0xff, 0xff, 0xff, 0xd0, 0x0,
    0x0, 0xe, 0xff, 0xff, 0xff, 0x10, 0x0, 0x0, 0x0, 0x1, 0xff, 0xff, 0xff, 0xe0, 0x0, 0x0,
    0xe, 0xff, 0xff, 0xff, 0x10, 0x0, 0x0, 0x0, 0x1, 0xff, 0xff, 0xff, 0xe0, 0x0, 0x0, 0xd,
    0xff, 0xff, 0xff, 0x40, 0x0, 0x0, 0x0, 0x4, 0xff, 0xff, 0xff, 0xd0, 0x0, 0x0, 0x6e, 0xff,
    0xff, 0xff, 0xa0, 0x0, 0x0, 0x0, 0xa, 0xff, 0xff, 0xff, 0xe6, 0x0, 0x3c, 0xff, 0xff, 0xff,
    0xff, 0xf7, 0x0, 0x0, 0x0, 0x7f, 0xff, 0xff, 0xff, 0xff, 0xc3, 0xcf, 0xff, 0xff, 0xff, 0xff,
    0xff, 0xa4, 0x11, 0x4a, 0xff, 0xff, 0xff, 0xff, 0xff, 0xfc, 0x7f, 0xff, 0xff, 0xff, 0xff, 0xff,
    0xff, 0xff, 0xff, 0xff, 0xff, 0xff, 0xff, 0xff, 0xf7, 0x1e, 0xff, 0xff, 0xff, 0xff, 0xff, 0xff,
    0xff, 0xff, 0xff, 0xff, 0xff, 0xff, 0xff, 0xe1, 0x8, 0xff, 0xff, 0xff, 0xff, 0xff, 0xff, 0xff,
    0xff, 0xff, 0xff, 0xff, 0xff, 0xff, 0x80, 0x1, 0xdf, 0xff, 0xff, 0xff, 0xff, 0xff, 0xff, 0xff,
    0xff, 0xff, 0xff, 0xff, 0xfd, 0x10, 0x0, 0x3f, 0xff, 0x86, 0xef, 0xff, 0xff, 0xff, 0xff, 0xff,
    0xfe, 0x68, 0xff, 0xf3, 0x0, 0x0, 0x5, 0xa2, 0x0, 0x29, 0xff, 0xff, 0xff, 0xff, 0xff, 0x92,
    0x0, 0x2a, 0x50, 0x0, 0x0, 0x0, 0x0, 0x0, 0x0, 0x2f, 0xff, 0xff, 0xff, 0xf2, 0x0, 0x0,
    0x0, 0x0, 0x0, 0x0, 0x0, 0x0, 0x0, 0x0, 0xf, 0xff, 0xff, 0xff, 0xf0, 0x0, 0x0, 0x0,
    0x0, 0x0, 0x0, 0x0, 0x0, 0x0, 0x0, 0xf, 0xff, 0xff, 0xff, 0xf0, 0x0, 0x0, 0x0, 0x0,
    0x0, 0x0, 0x0, 0x0, 0x0, 0x0, 0xe, 0xff, 0xff, 0xff, 0xe0, 0x0, 0x0, 0x0, 0x0, 0x0,
    0x0, 0x0, 0x0, 0x0, 0x0, 0x1, 0x46, 0x77, 0x64, 0x10, 0x0, 0x0, 0x0, 0x0, 0x0, 0x0,
    0x0, 0x0, 0x0, 0x0, 0x0, 0x0, 0x1, 0x8e, 0xe8, 0x0, 0x0, 0x5, 0xff, 0xff, 0x50, 0x0,
    0x0, 0x0, 0x0, 0x0, 0x0, 0x0, 0x0, 0x0, 0x2c, 0xff, 0xff, 0xc1, 0x0, 0x8, 0xff, 0xff,
    0x80, 0x0, 0x0, 0x0, 0x0, 0x0, 0x0, 0x0, 0x0, 0x3, 0xef, 0xff, 0xff, 0xfd, 0x30, 0x8,
    0xff, 0xff, 0x80, 0x0, 0x0, 0x0, 0x0, 0x0, 0x0, 0x0, 0x0, 0x6f, 0xff, 0xff, 0xff, 0xff,
    0xe5, 0x8, 0xff, 0xff, 0x80, 0x0, 0x0, 0x0, 0x0, 0x0, 0x0, 0x0, 0x8, 0xff, 0xff, 0xfb,
    0xbf, 0xff, 0xff, 0x88, 0xff, 0xff, 0x80, 0x0, 0x0, 0x0, 0x0, 0x0, 0x0, 0x1, 0xbf, 0xff,
    0xff, 0x80, 0x8, 0xff, 0xff, 0xfe, 0xff, 0xff, 0x80, 0x0, 0x0, 0x0, 0x0, 0x0, 0x0, 0x2d,
    0xff, 0xff, 0xe5, 0x0, 0x0, 0x5e, 0xff, 0xff, 0xff, 0xff, 0x80, 0x0, 0x0, 0x0, 0x0, 0x0,
    0x4, 0xef, 0xff, 0xfd, 0x30, 0x1a, 0xa1, 0x3, 0xdf, 0xff, 0xff, 0xff, 0x80, 0x0, 0x0, 0x0,
    0x0, 0x0, 0x7f, 0xff, 0xff, 0xc1, 0x2, 0xdf, 0xfd, 0x20, 0x1c, 0xff, 0xff, 0xff, 0x80, 0x0,
    0x0, 0x0, 0x0, 0x9, 0xff, 0xff, 0xfa, 0x0, 0x4e, 0xff, 0xff, 0xe4, 0x0, 0xaf, 0xff, 0xff,
    0xa0, 0x0, 0x0, 0x0, 0x1, 0xcf, 0xff, 0xff, 0x70, 0x7, 0xff, 0xff, 0xff, 0xff, 0x70, 0x7,
    0xff, 0xff, 0xfb, 0x10, 0x0, 0x0, 0x3d, 0xff, 0xff, 0xe5, 0x0, 0x9f, 0xff, 0xff, 0xff, 0xff,
    0xf9, 0x0, 0x5e, 0xff, 0xff, 0xd3, 0x0, 0x5, 0xef, 0xff, 0xfd, 0x30, 0x1c, 0xff, 0xff, 0xff,
    0xff, 0xff, 0xff, 0xc1, 0x3, 0xdf, 0xff, 0xfe, 0x50, 0x7f, 0xff, 0xff, 0xb1, 0x3, 0xdf, 0xff,
    0xff, 0xff, 0xff, 0xff, 0xff, 0xfd, 0x30, 0x1b, 0xff, 0xff, 0xf7, 0xdf, 0xff, 0xf9, 0x0, 0x5e,
    0xff, 0xff, 0xff, 0xff, 0xff, 0xff, 0xff, 0xff, 0xe5, 0x0, 0x9f, 0xff, 0xfd, 0x3f, 0xff, 0x60,
    0x7, 0xff, 0xff, 0xff, 0xff, 0xff, 0xff, 0xff, 0xff, 0xff, 0xff, 0x70, 0x6, 0xff, 0xf3, 0x6,
    0xd4, 0x0, 0xaf, 0xff, 0xff, 0xff, 0xff, 0xff, 0xff, 0xff, 0xff, 0xff, 0xff, 0xfa, 0x0, 0x4d,
    0x60, 0x0, 0x0, 0x0, 0xff, 0xff, 0xff, 0xff, 0xff, 0xff, 0xff, 0xff, 0xff, 0xff, 0xff, 0xff,
    0x0, 0x0, 0x0, 0x0, 0x0, 0x0, 0xff, 0xff, 0xff, 0xff, 0xff, 0xff, 0xff, 0xff, 0xff, 0xff,
    0xff, 0xff, 0x0, 0x0, 0x0, 0x0, 0x0, 0x0, 0xff, 0xff, 0xff, 0xff, 0xff, 0xff, 0xff, 0xff,
    0xff, 0xff, 0xff, 0xff, 0x0, 0x0, 0x0, 0x0, 0x0, 0x0, 0xff, 0xff, 0xff, 0xff, 0xf3, 0x0,
    0x0, 0x4f, 0xff, 0xff, 0xff, 0xff, 0x0, 0x0, 0x0, 0x0, 0x0, 0x0, 0xff, 0xff, 0xff, 0xff,
    0xf0, 0x0, 0x0, 0xf, 0xff, 0xff, 0xff, 0xff, 0x0, 0x0, 0x0, 0x0, 0x0, 0x0, 0xff, 0xff,
    0xff, 0xff, 0xf0, 0x0, 0x0, 0xf, 0xff, 0xff, 0xff, 0xff, 0x0, 0x0, 0x0, 0x0, 0x0, 0x0,
    0xff, 0xff, 0xff, 0xff, 0xf0, 0x0, 0x0, 0xf, 0xff, 0xff, 0xff, 0xff, 0x0, 0x0, 0x0, 0x0,
    0x0, 0x0, 0xff, 0xff, 0xff, 0xff, 0xf0, 0x0, 0x0, 0xf, 0xff, 0xff, 0xff, 0xff, 0x0, 0x0,
    0x0, 0x0, 0x0, 0x0, 0xff, 0xff, 0xff, 0xff, 0xf0, 0x0, 0x0, 0xf, 0xff, 0xff, 0xff, 0xff,
    0x0, 0x0, 0x0, 0x0, 0x0, 0x0, 0xff, 0xff, 0xff, 0xff, 0xf0, 0x0, 0x0, 0xf, 0xff, 0xff,
    0xff, 0xff, 0x0, 0x0, 0x0, 0x0, 0x0, 0x0, 0xcf, 0xff, 0xff, 0xff, 0xb0, 0x0, 0x0, 0xb,
    0xff, 0xff, 0xff, 0xfc, 0x0, 0x0, 0x0, 0x0, 0x0, 0x0, 0x0, 0x0, 0x4, 0x8b, 0xde, 0xfe,
    0xdb, 0x73, 0x0, 0x0, 0x0, 0x0, 0x0, 0x0, 0x0, 0x0, 0x0, 0x17, 0xdf, 0xff, 0xff, 0xff,
    0xff, 0xff, 0xc5, 0x0, 0x0, 0x0, 0x0, 0x0, 0x0, 0x0, 0x4, 0xdf, 0xff, 0xff, 0xff, 0xff,
    0xff, 0xff, 0xff, 0xb2, 0x0, 0x0, 0x0, 0x0, 0x0, 0x0, 0x8f, 0xff, 0xff, 0xff, 0xff, 0xff,
    0xff, 0xff, 0xff, 0xfe, 0x50, 0x0, 0x0, 0x0, 0x0, 0x9, 0xff, 0xff, 0xff, 0xff, 0xff, 0xff,
    0xff, 0xff, 0xff, 0xff, 0xf6, 0x0, 0x0, 0x0, 0x0, 0x9f, 0xff, 0xff, 0xff, 0xff, 0xff, 0xff,
    0xff, 0xff, 0xff, 0xff, 0xff, 0x50, 0x0, 0x0, 0x5, 0xff, 0xff, 0xff, 0xff, 0xff, 0x20, 0x0,
    0x6f, 0xff, 0xff, 0xff, 0xff, 0xe2, 0x0, 0x0, 0x1e, 0xff, 0xff, 0xff, 0xff, 0xff, 0x0, 0x0,
    0x4f, 0xff, 0xff, 0xff, 0xff, 0xfc, 0x0, 0x0, 0x9f, 0xff, 0xff, 0xff, 0xff, 0xff, 0x0, 0x0,
    0x4f, 0xff, 0xff, 0xff, 0xff, 0xff, 0x50, 0x1, 0xff, 0xff, 0xff, 0xff, 0xff, 0xff, 0x0, 0x0,
    0x4f, 0xff, 0xff, 0xff, 0xff, 0xff, 0xc0, 0x7, 0xff, 0xff, 0xff, 0xff, 0xff, 0xff, 0x0, 0x0,
    0x4f, 0xff, 0xff, 0xff, 0xff, 0xff, 0xf3, 0xb, 0xff, 0xff, 0xff, 0xff, 0xff, 0xff, 0x0, 0x0,
    0x4f, 0xff, 0xff, 0xff, 0xff, 0xff, 0xf7, 0xe, 0xff, 0xff, 0xff, 0xff, 0xff, 0xff, 0x0, 0x0,
    0x4f, 0xff, 0xff, 0xff, 0xff, 0xff, 0xfb, 0x2f, 0xff, 0xff, 0xff, 0xff, 0xff, 0xff, 0x0, 0x0,
    0x4f, 0xff, 0xff, 0xff, 0xff, 0xff, 0xfd, 0x3f, 0xff, 0xff, 0xff, 0xff, 0xff, 0xff, 0x0, 0x0,
    0x4f, 0xff, 0xff, 0xff, 0xff, 0xff, 0xfe, 0x4f, 0xff, 0xff, 0xff, 0xff, 0xff, 0xff, 0x0, 0x0,
    0x2d, 0xff, 0xff, 0xff, 0xff, 0xff, 0xff, 0x3f, 0xff, 0xff, 0xff, 0xff, 0xff, 0xff, 0x0, 0x0,
    0x1, 0xaf, 0xff, 0xff, 0xff, 0xff, 0xfe, 0x2f, 0xff, 0xff, 0xff, 0xff, 0xff, 0xff, 0x20, 0x0,
    0x0, 0x5, 0xef, 0xff, 0xff, 0xff, 0xfd, 0xe, 0xff, 0xff, 0xff, 0xff, 0xff, 0xff, 0xe5, 0x0,
    0x0, 0x0, 0x2f, 0xff, 0xff, 0xff, 0xfb, 0xb, 0xff, 0xff, 0xff, 0xff, 0xff, 0xff, 0xff, 0x91,
    0x0, 0x0, 0x4f, 0xff, 0xff, 0xff, 0xf7, 0x7, 0xff, 0xff, 0xff, 0xff, 0xff, 0xff, 0xff, 0xfd,
    0x30, 0x1, 0xef, 0xff, 0xff, 0xff, 0xf3, 0x2, 0xff, 0xff, 0xff, 0xff, 0xff, 0xff, 0xff, 0xff,
    0xf8, 0x1b, 0xff, 0xff, 0xff, 0xff, 0xc0, 0x0, 0x9f, 0xff, 0xff, 0xff, 0xff, 0xff, 0xff, 0xff,
    0xff, 0xff, 0xff, 0xff, 0xff, 0xff, 0x50, 0x0, 0x1e, 0xff, 0xff, 0xff, 0xff, 0xff, 0xff, 0xff,
    0xff, 0xff, 0xff, 0xff, 0xff, 0xfc, 0x0, 0x0, 0x6, 0xff, 0xff, 0xff, 0xff, 0xff, 0xff, 0xff,
    0xff, 0xff, 0xff, 0xff, 0xff, 0xe2, 0x0, 0x0, 0x0, 0x9f, 0xff, 0xff, 0xff, 0xff, 0xff, 0xff,
    0xff, 0xff, 0xff, 0xff, 0xff, 0x50, 0x0, 0x0, 0x0, 0x9, 0xff, 0xff, 0xff, 0xff, 0xff, 0xff,
    0xff, 0xff, 0xff, 0xff, 0xf6, 0x0, 0x0, 0x0, 0x0, 0x0, 0x8f, 0xff, 0xff, 0xff, 0xff, 0xff,
    0xff, 0xff, 0xff, 0xfe, 0x50, 0x0, 0x0, 0x0, 0x0, 0x0, 0x4, 0xdf, 0xff, 0xff, 0xff, 0xff,
    0xff, 0xff, 0xff, 0xb2, 0x0, 0x0, 0x0, 0x0, 0x0, 0x0, 0x0, 0x17, 0xdf, 0xff, 0xff, 0xff,
    0xff, 0xff, 0xc5, 0x0, 0x0, 0x0, 0x0, 0x0, 0x0, 0x0, 0x0, 0x0, 0x4, 0x8b, 0xde, 0xfe,
    0xdb, 0x73, 0x0, 0x0, 0x0, 0x0, 0x0, 0x0, 0x0, 0x0, 0x0, 0x0, 0x0, 0x8f, 0xff, 0xff,
    0xf8, 0x0, 0x0, 0x0, 0x0, 0x0, 0x0, 0x0, 0x0, 0x0, 0x0, 0x0, 0x0, 0xff, 0xff, 0xff,
    0xff, 0x0, 0x0, 0x0, 0x0, 0x0, 0x0, 0x0, 0x0, 0x0, 0x0, 0x0, 0x0, 0xff, 0xff, 0xff,
    0xff, 0x0, 0x0, 0x0, 0x0, 0x0, 0x0, 0x0, 0x0, 0x0, 0x0, 0x0, 0x0, 0xff, 0xff, 0xff,
    0xff, 0x0, 0x0, 0x0, 0x0, 0x0, 0x0, 0x0, 0x0, 0x0, 0x0, 0x0, 0x0, 0xff, 0xff, 0xff,
    0xff, 0x0, 0x0, 0x0, 0x0, 0x0, 0x0, 0x0, 0x0, 0x0, 0x0, 0x0, 0x0, 0xff, 0xff, 0xff,
    0xff, 0x0, 0x0, 0x0, 0x0, 0x0, 0x0, 0x0, 0x0, 0x0, 0x0, 0x0, 0x0, 0xff, 0xff, 0xff,
    0xff, 0x0, 0x0, 0x0, 0x0, 0x0, 0x0, 0x0, 0x0, 0x0, 0x0, 0x0, 0x0, 0xff, 0xff, 0xff,
    0xff, 0x0, 0x0, 0x0, 0x0, 0x0, 0x0, 0x0, 0x0, 0x0, 0x0, 0x0, 0x0, 0xff, 0xff, 0xff,
    0xff, 0x0, 0x0, 0x0, 0x0, 0x0, 0x0, 0x0, 0x0, 0x0, 0x0, 0x0, 0x0, 0xff, 0xff, 0xff,
    0xff, 0x0, 0x0, 0x0, 0x0, 0x0, 0x0, 0x0, 0x0, 0x0, 0x0, 0x0, 0x0, 0xff, 0xff, 0xff,
    0xff, 0x0, 0x0, 0x0, 0x0, 0x0, 0x0, 0x0, 0x0, 0x0, 0x0, 0x0, 0x0, 0xff, 0xff, 0xff,
    0xff, 0x0, 0x0, 0x0, 0x0, 0x0, 0x0, 0x0, 0x0, 0x6, 0xef, 0xff, 0xff, 0xff, 0xff, 0xff,
    0xff, 0xff, 0xff, 0xfe, 0x60, 0x0, 0x0, 0x0, 0x0, 0xa, 0xff, 0xff, 0xff, 0xff, 0xff, 0xff,
    0xff, 0xff, 0xff, 0xff, 0x90, 0x0, 0x0, 0x0, 0x0, 0x2, 0xdf, 0xff, 0xff, 0xff, 0xff, 0xff,
    0xff, 0xff, 0xff, 0xfd, 0x20, 0x0, 0x0, 0x0, 0x0, 0x0, 0x2d, 0xff, 0xff, 0xff, 0xff, 0xff,
    0xff, 0xff, 0xff, 0xd2, 0x0, 0x0, 0x0, 0x0, 0x0, 0x0, 0x2, 0xdf, 0xff, 0xff, 0xff, 0xff,
    0xff, 0xff, 0xfd, 0x20, 0x0, 0x0, 0x0, 0x0, 0x0, 0x0, 0x0, 0x2d, 0xff, 0xff, 0xff, 0xff,
    0xff, 0xff, 0xd2, 0x0, 0x0, 0x0, 0x0, 0x0, 0x0, 0x0, 0x0, 0x2, 0xdf, 0xff, 0xff, 0xff,
    0xff, 0xfd, 0x20, 0x0, 0x0, 0x0, 0x0, 0x0, 0x0, 0x0, 0x0, 0x0, 0x2d, 0xff, 0xff, 0xff,
    0xff, 0xd2, 0x0, 0x0, 0x0, 0x0, 0x0, 0x0, 0x0, 0x0, 0x0, 0x0, 0x2, 0xdf, 0xff, 0xff,
    0xfd, 0x20, 0x0, 0x0, 0x0, 0x0, 0x0, 0x0, 0x0, 0x0, 0x0, 0x0, 0x0, 0x2d, 0xff, 0xff,
    0xd2, 0x0, 0x0, 0x0, 0x0, 0x0, 0x0, 0x8f, 0xff, 0xff, 0xff, 0xff, 0xe4, 0x2, 0xdf, 0xfd,
    0x20, 0x4e, 0xff, 0xff, 0xff, 0xff, 0xf8, 0xff, 0xff, 0xff, 0xff, 0xff, 0xfe, 0x40, 0x2c, 0xc2,
    0x4, 0xef, 0xff, 0xff, 0xff, 0xff, 0xff, 0xff, 0xff, 0xff, 0xff, 0xff, 0xff, 0xf4, 0x0, 0x0,
    0x4f, 0xff, 0xff, 0xff, 0xff, 0xff, 0xff, 0xff, 0xff, 0xff, 0xff, 0xff, 0xff, 0xff, 0x83, 0x38,
    0xff, 0xff, 0xff, 0xff, 0xff, 0xff, 0xff, 0xff, 0xff, 0xff, 0xff, 0xff, 0xff, 0xff, 0xff, 0xff,
    0xff, 0xff, 0xff, 0xff, 0xff, 0xff, 0xff, 0xff, 0xff, 0xff, 0xff, 0xff, 0xff, 0xff, 0xff, 0xff,
    0xff, 0xff, 0xde, 0xff, 0xde, 0xff, 0xff, 0xff, 0xff, 0xff, 0xff, 0xff, 0xff, 0xff, 0xff, 0xff,
    0xff, 0xfd, 0x2, 0xfa, 0x1, 0xdf, 0xff, 0xff, 0xff, 0xff, 0xff, 0xff, 0xff, 0xff, 0xff, 0xff,
    0xff, 0xfd, 0x13, 0xfb, 0x1, 0xef, 0xff, 0xff, 0xff, 0xff, 0xff, 0xff, 0xff, 0xff, 0xff, 0xff,
    0xff, 0xff, 0xef, 0xff, 0xee, 0xff, 0xff, 0x8f, 0xff, 0xff, 0xff, 0xff, 0xff, 0xff, 0xff, 0xff,
    0xff, 0xff, 0xff, 0xff, 0xff, 0xff, 0xf8, 0x0, 0x0, 0x0, 0x2, 0xae, 0xff, 0xff, 0xff, 0xff,
    0xff, 0xff, 0xff, 0xff, 0xfb, 0x20, 0x0, 0x0, 0x0, 0x0, 0x0, 0x0, 0x1d, 0xff, 0xff, 0xff,
    0xff, 0xff, 0xff, 0xff, 0xff, 0xff, 0xff, 0xe1, 0x0, 0x0, 0x0, 0x0, 0x0, 0x0, 0xaf, 0xff,
    0xff, 0xff, 0xff, 0xff, 0xff, 0xff, 0xff, 0xff, 0xff, 0xfa, 0x0, 0x0, 0x0, 0x0, 0x0, 0x5,
    0xff, 0xff, 0xff, 0xff, 0xff, 0xff, 0xff, 0xff, 0xff, 0xff, 0xff, 0xff, 0x50, 0x0, 0x0, 0x0,
    0x0, 0x1e, 0xff, 0xfc, 0x0, 0x0, 0x0, 0x0, 0x0, 0x0, 0x0, 0x0, 0xcf, 0xff, 0xe1, 0x0,
    0x0, 0x0, 0x0, 0xaf, 0xff, 0xf2, 0x0, 0x0, 0x0, 0x0, 0x0, 0x0, 0x0, 0x0, 0x2f, 0xff,
    0xfa, 0x0, 0x0, 0x0, 0x5, 0xff, 0xff, 0x70, 0x0, 0x0, 0x0, 0x0, 0x0, 0x0, 0x0, 0x0,
    0x7, 0xff, 0xff, 0x50, 0x0, 0x0, 0x1e, 0xff, 0xfc, 0x0, 0x0, 0x0, 0x0, 0x0, 0x0, 0x0,
    0x0, 0x0, 0x0, 0xcf, 0xff, 0xe1, 0x0, 0x0, 0xaf, 0xff, 0xf2, 0x0, 0x0, 0x0, 0x0, 0x0,
    0x0, 0x0, 0x0, 0x0, 0x0, 0x2f, 0xff, 0xfa, 0x0, 0x5, 0xff, 0xff, 0x70, 0x0, 0x0, 0x0,
    0x0, 0x0, 0x0, 0x0, 0x0, 0x0, 0x0, 0x7, 0xff, 0xff, 0x50, 0x1e, 0xff, 0xfc, 0x0, 0x0,
    0x0, 0x0, 0x0, 0x0, 0x0, 0x0, 0x0, 0x0, 0x0, 0x0, 0xcf, 0xff, 0xe1, 0x9f, 0xff, 0xf3,
    0x0, 0x0, 0x0, 0x0, 0x0, 0x0, 0x0, 0x0, 0x0, 0x0, 0x0, 0x0, 0x3f, 0xff, 0xf9, 0xef,
    0xff, 0xff, 0xff, 0xff, 0xff, 0xb0, 0x0, 0x0, 0x0, 0x0, 0xb, 0xff, 0xff, 0xff, 0xff, 0xff,
    0xfe, 0xff, 0xff, 0xff, 0xff, 0xff, 0xff, 0xf4, 0x0, 0x0, 0x0, 0x0, 0x4f, 0xff, 0xff, 0xff,
    0xff, 0xff, 0xff, 0xff, 0xff, 0xff, 0xff, 0xff, 0xff, 0xfb, 0x0, 0x0, 0x0, 0x0, 0xbf, 0xff,
    0xff, 0xff, 0xff, 0xff, 0xff, 0xff, 0xff, 0xff, 0xff, 0xff, 0xff, 0xff, 0x40, 0x0, 0x0, 0x4,
    0xff, 0xff, 0xff, 0xff, 0xff, 0xff, 0xff, 0xff, 0xff, 0xff, 0xff, 0xff, 0xff, 0xff, 0xff, 0xff,
    0xff, 0xff, 0xff, 0xff, 0xff, 0xff, 0xff, 0xff, 0xff, 0xff, 0xff, 0xff, 0xff, 0xff, 0xff, 0xff,
    0xff, 0xff, 0xff, 0xff, 0xff, 0xff, 0xff, 0xff, 0xff, 0xff, 0xff, 0xff, 0xff, 0xff, 0xff, 0xff,
    0xff, 0xff, 0xff, 0xff, 0xff, 0xff, 0xff, 0xff, 0xff, 0xff, 0xff, 0xff, 0xff, 0xff, 0xff, 0xff,
    0xff, 0xff, 0xff, 0xff, 0xff, 0xff, 0xff, 0xff, 0xff, 0xff, 0xff, 0xff, 0xff, 0xff, 0xff, 0xff,
    0xff, 0xff, 0xff, 0xff, 0xff, 0xff, 0xff, 0xff, 0xff, 0xff, 0xff, 0xff, 0xff, 0xff, 0xff, 0xff,
    0xff, 0xef, 0xff, 0xff, 0xff, 0xff, 0xff, 0xff, 0xff, 0xff, 0xff, 0xff, 0xff, 0xff, 0xff, 0xff,
    0xff, 0xff, 0xfe, 0x8f, 0xff, 0xff, 0xff, 0xff, 0xff, 0xff, 0xff, 0xff, 0xff, 0xff, 0xff, 0xff,
    0xff, 0xff, 0xff, 0xff, 0xf8, 0x8, 0xef, 0xff, 0xff, 0xff, 0xff, 0xff, 0xff, 0xff, 0xff, 0xff,
    0xff, 0xff, 0xff, 0xff, 0xff, 0xfe, 0x80, 0x0, 0x0, 0x0, 0x0, 0x0, 0x0, 0x14, 0x67, 0x75,
    0x30, 0x0, 0x0, 0x0, 0x4, 0xff, 0xfd, 0x0, 0x0, 0x0, 0x0, 0x1, 0x7c, 0xff, 0xff, 0xff,
    0xfe, 0xa4, 0x0, 0x0, 0x6, 0xff, 0xff, 0x0, 0x0, 0x0, 0x1, 0x8e, 0xff, 0xff, 0xff, 0xff,
    0xff, 0xff, 0xd5, 0x0, 0x5, 0xff, 0xff, 0x0, 0x0, 0x0, 0x3d, 0xff, 0xff, 0xff, 0xff, 0xff,
    0xff, 0xff, 0xff, 0xc2, 0x5, 0xff, 0xff, 0x0, 0x0, 0x5, 0xff, 0xff, 0xff, 0xff, 0xff, 0xff,
    0xff, 0xff, 0xff, 0xfe, 0x54, 0xff, 0xff, 0x0, 0x0, 0x5f, 0xff, 0xff, 0xff, 0xa5, 0x21, 0x12,
    0x6b, 0xff, 0xff, 0xff, 0xf9, 0xff, 0xff, 0x0, 0x3, 0xff, 0xff, 0xff, 0x92, 0x0, 0x0, 0x0,
    0x0, 0x2a, 0xff, 0xff, 0xff, 0xff, 0xff, 0x0, 0x1d, 0xff, 0xff, 0xe5, 0x0, 0x0, 0x0, 0x0,
    0x0, 0x0, 0x5e, 0xff, 0xff, 0xff, 0xff, 0x0, 0x8f, 0xff, 0xfe, 0x30, 0x0, 0x0, 0x0, 0x0,
    0x0, 0x0, 0x2, 0xef, 0xff, 0xff, 0xff, 0x1, 0xef, 0xff, 0xf4, 0x0, 0x0, 0x0, 0x0, 0x0,
    0x46, 0x55, 0x43, 0x5f, 0xff, 0xff, 0xff, 0x7, 0xff, 0xff, 0x80, 0x0, 0x0, 0x0, 0x0, 0x0,
    0xff, 0xff, 0xff, 0xff, 0xff, 0xff, 0xff, 0xc, 0xff, 0xfe, 0x10, 0x0, 0x0, 0x0, 0x0, 0x0,
    0xff, 0xff, 0xff, 0xff, 0xff, 0xff, 0xff, 0x1f, 0xff, 0xf9, 0x0, 0x0, 0x0, 0x0, 0x0, 0x0,
    0xff, 0xff, 0xff, 0xff, 0xff, 0xff, 0xff, 0x2e, 0xff, 0xf4, 0x0, 0x0, 0x0, 0x0, 0x0, 0x0,
    0xdf, 0xff, 0xff, 0xff, 0xff, 0xff, 0xfd, 0x0, 0x0, 0x0, 0x0, 0x0, 0x0, 0x0, 0x0, 0x0,
    0x0, 0x0, 0x0, 0x0, 0x0, 0x0, 0x0, 0x0, 0x0, 0x0, 0x0, 0x0, 0x0, 0x0, 0x0, 0x0,
    0x0, 0x0, 0x0, 0x0, 0x0, 0x0, 0x0, 0x0, 0x0, 0x0, 0x0, 0x0, 0x0, 0x0, 0x0, 0x0,
    0x0, 0x0, 0x0, 0x0, 0x0, 0x0, 0x0, 0x0, 0x0, 0x0, 0x0, 0x0, 0x0, 0x0, 0x0, 0x0,
    0x0, 0x0, 0x0, 0x0, 0x0, 0x0, 0x0, 0xdf, 0xff, 0xff, 0xff, 0xff, 0xff, 0xfd, 0x0, 0x0,
    0x0, 0x0, 0x0, 0x0, 0x4f, 0xff, 0xe2, 0xff, 0xff, 0xff, 0xff, 0xff, 0xff, 0xff, 0x0, 0x0,
    0x0, 0x0, 0x0, 0x0, 0xaf, 0xff, 0xf1, 0xff, 0xff, 0xff, 0xff, 0xff, 0xff, 0xff, 0x0, 0x0,
    0x0, 0x0, 0x0, 0x1, 0xef, 0xff, 0xb0, 0xff, 0xff, 0xff, 0xff, 0xff, 0xff, 0xff, 0x0, 0x0,
    0x0, 0x0, 0x0, 0x9, 0xff, 0xff, 0x70, 0xff, 0xff, 0xff, 0xf5, 0x34, 0x55, 0x64, 0x0, 0x0,
    0x0, 0x0, 0x0, 0x5f, 0xff, 0xfe, 0x10, 0xff, 0xff, 0xff, 0xfd, 0x20, 0x0, 0x0, 0x0, 0x0,
    0x0, 0x0, 0x4, 0xef, 0xff, 0xf8, 0x0, 0xff, 0xff, 0xff, 0xff, 0xe4, 0x0, 0x0, 0x0, 0x0,
    0x0, 0x0, 0x5f, 0xff, 0xff, 0xd1, 0x0, 0xff, 0xff, 0xff, 0xff, 0xff, 0xa2, 0x0, 0x0, 0x0,
    0x0, 0x2a, 0xff, 0xff, 0xff, 0x30, 0x0, 0xff, 0xff, 0x9f, 0xff, 0xff, 0xff, 0xb6, 0x21, 0x12,
    0x5a, 0xff, 0xff, 0xff, 0xf5, 0x0, 0x0, 0xff, 0xff, 0x45, 0xef, 0xff, 0xff, 0xff, 0xff, 0xff,
    0xff, 0xff, 0xff, 0xff, 0x50, 0x0, 0x0, 0xff, 0xff, 0x50, 0x3c, 0xff, 0xff, 0xff, 0xff, 0xff,
    0xff, 0xff, 0xff, 0xd3, 0x0, 0x0, 0x0, 0xff, 0xff, 0x50, 0x0, 0x5d, 0xff, 0xff, 0xff, 0xff,
    0xff, 0xff, 0xe8, 0x10, 0x0, 0x0, 0x0, 0xff, 0xff, 0x60, 0x0, 0x0, 0x4a, 0xef, 0xff, 0xff,
    0xff, 0xc7, 0x10, 0x0, 0x0, 0x0, 0x0, 0xdf, 0xff, 0x40, 0x0, 0x0, 0x0, 0x3, 0x67, 0x76,
    0x41, 0x0, 0x0, 0x0, 0x0, 0x0, 0x0, 0x0, 0x0, 0x0, 0x0, 0x0, 0x0, 0x9, 0xe7, 0x0,
    0x0, 0x0, 0x0, 0x0, 0x0, 0x9f, 0xfe, 0x0, 0x0, 0x0, 0x0, 0x0, 0x9, 0xff, 0xff, 0x0,
    0x0, 0x0, 0x0, 0x0, 0x9f, 0xff, 0xff, 0x0, 0x0, 0x0, 0x0, 0x9, 0xff, 0xff, 0xff, 0x0,
    0x0, 0x0, 0x0, 0x9f, 0xff, 0xff, 0xff, 0x8f, 0xff, 0xff, 0xff, 0xff, 0xff, 0xff, 0xff, 0xff,
    0xff, 0xff, 0xff, 0xff, 0xff, 0xff, 0xff, 0xff, 0xff, 0xff, 0xff, 0xff, 0xff, 0xff, 0xff, 0xff,
    0xff, 0xff, 0xff, 0xff, 0xff, 0xff, 0xff, 0xff, 0xff, 0xff, 0xff, 0xff, 0xff, 0xff, 0xff, 0xff,
    0xff, 0xff, 0xff, 0xff, 0xff, 0xff, 0xff, 0xff, 0xff, 0xff, 0xff, 0xff, 0xff, 0xff, 0xff, 0xff,
    0xff, 0xff, 0xff, 0xff, 0xff, 0xff, 0xff, 0xff, 0xff, 0xff, 0xff, 0xff, 0xff, 0xff, 0xff, 0xff,
    0xff, 0xff, 0xff, 0xff, 0xff, 0xff, 0xff, 0xff, 0xff, 0xff, 0xff, 0xff, 0xff, 0xff, 0xff, 0x8f,
    0xff, 0xff, 0xff, 0xff, 0xff, 0xff, 0xff, 0x0, 0x0, 0x0, 0x0, 0x9f, 0xff, 0xff, 0xff, 0x0,
    0x0, 0x0, 0x0, 0x9, 0xff, 0xff, 0xff, 0x0, 0x0, 0x0, 0x0, 0x0, 0x9f, 0xff, 0xff, 0x0,
    0x0, 0x0, 0x0, 0x0, 0x9, 0xff, 0xff, 0x0, 0x0, 0x0, 0x0, 0x0, 0x0, 0x9f, 0xff, 0x0,
    0x0, 0x0, 0x0, 0x0, 0x0, 0x9, 0xf7, 0x0, 0x0, 0x0, 0x0, 0x0, 0x0, 0x9, 0xe7, 0x0,
    0x0, 0x0, 0x0, 0x0, 0x0, 0x0, 0x0, 0x0, 0x0, 0x9f, 0xfe, 0x0, 0x0, 0x0, 0x0, 0x0,
    0x0, 0x0, 0x0, 0x0, 0x9, 0xff, 0xff, 0x0, 0x0, 0x0, 0x0, 0x0, 0x0, 0x0, 0x0, 0x0,
    0x9f, 0xff, 0xff, 0x0, 0x0, 0x0, 0x0, 0x0, 0x0, 0x0, 0x0, 0x9, 0xff, 0xff, 0xff, 0x0,
    0x0, 0x0, 0x0, 0x0, 0x0, 0x0, 0x0, 0x9f, 0xff, 0xff, 0xff, 0x0, 0x0, 0x0, 0x0, 0x8f,
    0xff, 0xff, 0xff, 0xff, 0xff, 0xff, 0xff, 0x0, 0x0, 0x0, 0x0, 0xff, 0xff, 0xff, 0xff, 0xff,
    0xff, 0xff, 0xff, 0x0, 0x8, 0xd7, 0x0, 0xff, 0xff, 0xff, 0xff, 0xff, 0xff, 0xff, 0xff, 0x0,
    0x1f, 0xff, 0x90, 0xff, 0xff, 0xff, 0xff, 0xff, 0xff, 0xff, 0xff, 0x0, 0xa, 0xff, 0xf4, 0xff,
    0xff, 0xff, 0xff, 0xff, 0xff, 0xff, 0xff, 0x0, 0x0, 0x9f, 0xfb, 0xff, 0xff, 0xff, 0xff, 0xff,
    0xff, 0xff, 0xff, 0x0, 0x0, 0x1f, 0xfe, 0xff, 0xff, 0xff, 0xff, 0xff, 0xff, 0xff, 0xff, 0x0,
    0x0, 0x1f, 0xfe, 0xff, 0xff, 0xff, 0xff, 0xff, 0xff, 0xff, 0xff, 0x0, 0x0, 0x7f, 0xfc, 0xff,
    0xff, 0xff, 0xff, 0xff, 0xff, 0xff, 0xff, 0x0, 0x8, 0xff, 0xf5, 0xff, 0xff, 0xff, 0xff, 0xff,
    0xff, 0xff, 0xff, 0x0, 0x1f, 0xff, 0xa0, 0xff, 0xff, 0xff, 0xff, 0xff, 0xff, 0xff, 0xff, 0x0,
    0xa, 0xf9, 0x0, 0x8f, 0xff, 0xff, 0xff, 0xff, 0xff, 0xff, 0xff, 0x0, 0x0, 0x0, 0x0, 0x0,
    0x0, 0x0, 0x0, 0x9f, 0xff, 0xff, 0xff, 0x0, 0x0, 0x0, 0x0, 0x0, 0x0, 0x0, 0x0, 0x9,
    0xff, 0xff, 0xff, 0x0, 0x0, 0x0, 0x0, 0x0, 0x0, 0x0, 0x0, 0x0, 0x9f, 0xff, 0xff, 0x0,
    0x0, 0x0, 0x0, 0x0, 0x0, 0x0, 0x0, 0x0, 0x9, 0xff, 0xff, 0x0, 0x0, 0x0, 0x0, 0x0,
    0x0, 0x0, 0x0, 0x0, 0x0, 0x9f, 0xff, 0x0, 0x0, 0x0, 0x0, 0x0, 0x0, 0x0, 0x0, 0x0,
    0x0, 0x9, 0xf7, 0x0, 0x0, 0x0, 0x0, 0x0, 0x0, 0x0, 0x0, 0x0, 0x0, 0x0, 0x0, 0x0,
    0x0, 0x0, 0x0, 0x1, 0xce, 0x60, 0x0, 0x0, 0x0, 0x0, 0x0, 0x0, 0x0, 0x0, 0x0, 0x0,
    0x0, 0x0, 0x0, 0x0, 0x0, 0x4, 0xff, 0xfa, 0x0, 0x0, 0x0, 0x0, 0x0, 0x0, 0x0, 0x0,
    0x0, 0x0, 0x0, 0x0, 0x0, 0x0, 0x0, 0x1, 0xcf, 0xff, 0xb1, 0x0, 0x0, 0x0, 0x0, 0x0,
    0x0, 0x0, 0x0, 0x9, 0xe7, 0x0, 0x0, 0x0, 0x0, 0x0, 0x9, 0xff, 0xfa, 0x0, 0x0, 0x0,
    0x0, 0x0, 0x0, 0x0, 0x0, 0x9f, 0xfe, 0x0, 0x0, 0x0, 0x0, 0x0, 0x0, 0x8f, 0xff, 0x80,
    0x0, 0x0, 0x0, 0x0, 0x0, 0x0, 0x9, 0xff, 0xff, 0x0, 0x0, 0x0, 0x4e, 0xc2, 0x0, 0x9,
    0xff, 0xf3, 0x0, 0x0, 0x0, 0x0, 0x0, 0x0, 0x9f, 0xff, 0xff, 0x0, 0x0, 0x0, 0x9f, 0xfe,
    0x50, 0x0, 0xcf, 0xfc, 0x0, 0x0, 0x0, 0x0, 0x0, 0x9, 0xff, 0xff, 0xff, 0x0, 0x0, 0x0,
    0x4e, 0xff, 0xf4, 0x0, 0x2f, 0xff, 0x40, 0x0, 0x0, 0x0, 0x0, 0x9f, 0xff, 0xff, 0xff, 0x0,
    0x0, 0x0, 0x3, 0xdf, 0xfe, 0x10, 0x9, 0xff, 0xb0, 0x8f, 0xff, 0xff, 0xff, 0xff, 0xff, 0xff,
    0xff, 0x0, 0x0, 0x0, 0x0, 0x2e, 0xff, 0x90, 0x2, 0xff, 0xf1, 0xff, 0xff, 0xff, 0xff, 0xff,
    0xff, 0xff, 0xff, 0x0, 0x9, 0xe8, 0x0, 0x5, 0xff, 0xf2, 0x0, 0xbf, 0xf6, 0xff, 0xff, 0xff,
    0xff, 0xff, 0xff, 0xff, 0xff, 0x0, 0x1f, 0xff, 0xa0, 0x0, 0xcf, 0xf7, 0x0, 0x7f, 0xf9, 0xff,
    0xff, 0xff, 0xff, 0xff, 0xff, 0xff, 0xff, 0x0, 0x9, 0xff, 0xf5, 0x0, 0x6f, 0xfb, 0x0, 0x4f,
    0xfc, 0xff, 0xff, 0xff, 0xff, 0xff, 0xff, 0xff, 0xff, 0x0, 0x0, 0x8f, 0xfb, 0x0, 0x2f, 0xfd,
    0x0, 0x1f, 0xfe, 0xff, 0xff, 0xff, 0xff, 0xff, 0xff, 0xff, 0xff, 0x0, 0x0, 0x1f, 0xfe, 0x0,
    0x1f, 0xff, 0x0, 0xf, 0xff, 0xff, 0xff, 0xff, 0xff, 0xff, 0xff, 0xff, 0xff, 0x0, 0x0, 0x1f,
    0xfe, 0x0, 0x1f, 0xff, 0x0, 0x1f, 0xff, 0xff, 0xff, 0xff, 0xff, 0xff, 0xff, 0xff, 0xff, 0x0,
    0x0, 0x8f, 0xfb, 0x0, 0x2f, 0xfd, 0x0, 0x2f, 0xfe, 0xff, 0xff, 0xff, 0xff, 0xff, 0xff, 0xff,
    0xff, 0x0, 0x9, 0xff, 0xf5, 0x0, 0x6f, 0xfb, 0x0, 0x4f, 0xfc, 0xff, 0xff, 0xff, 0xff, 0xff,
    0xff, 0xff, 0xff, 0x0, 0x1f, 0xff, 0xa0, 0x0, 0xcf, 0xf7, 0x0, 0x7f, 0xf9, 0xff, 0xff, 0xff,
    0xff, 0xff, 0xff, 0xff, 0xff, 0x0, 0x9, 0xe8, 0x0, 0x5, 0xff, 0xf2, 0x0, 0xbf, 0xf6, 0x8f,
    0xff, 0xff, 0xff, 0xff, 0xff, 0xff, 0xff, 0x0, 0x0, 0x0, 0x0, 0x2e, 0xff, 0x90, 0x2, 0xff,
    0xf1, 0x0, 0x0, 0x0, 0x0, 0x9f, 0xff, 0xff, 0xff, 0x0, 0x0, 0x0, 0x3, 0xdf, 0xfe, 0x10,
    0x9, 0xff, 0xb0, 0x0, 0x0, 0x0, 0x0, 0x9, 0xff, 0xff, 0xff, 0x0, 0x0, 0x0, 0x4e, 0xff,
    0xf4, 0x0, 0x2f, 0xff, 0x40, 0x0, 0x0, 0x0, 0x0, 0x0, 0x9f, 0xff, 0xff, 0x0, 0x0, 0x0,
    0x9f, 0xff, 0x50, 0x0, 0xcf, 0xfc, 0x0, 0x0, 0x0, 0x0, 0x0, 0x0, 0x9, 0xff, 0xff, 0x0,
    0x0, 0x0, 0x4e, 0xc3, 0x0, 0x9, 0xff, 0xf3, 0x0, 0x0, 0x0, 0x0, 0x0, 0x0, 0x0, 0x9f,
    0xff, 0x0, 0x0, 0x0, 0x0, 0x0, 0x0, 0x8f, 0xff, 0x80, 0x0, 0x0, 0x0, 0x0, 0x0, 0x0,
    0x0, 0x9, 0xf7, 0x0, 0x0, 0x0, 0x0, 0x0, 0x1a, 0xff, 0xfa, 0x0, 0x0, 0x0, 0x0, 0x0,
    0x0, 0x0, 0x0, 0x0, 0x0, 0x0, 0x0, 0x0, 0x0, 0x1, 0xcf, 0xff, 0xb1, 0x0, 0x0, 0x0,
    0x0, 0x0, 0x0, 0x0, 0x0, 0x0, 0x0, 0x0, 0x0, 0x0, 0x0, 0x4, 0xff, 0xfa, 0x0, 0x0,
    0x0, 0x0, 0x0, 0x0, 0x0, 0x0, 0x0, 0x0, 0x0, 0x0, 0x0, 0x0, 0x0, 0x1, 0xce, 0x60,
    0x0, 0x0, 0x0, 0x8, 0xef, 0xff, 0xff, 0xff, 0xff, 0xff, 0xff, 0xff, 0xff, 0xff, 0xff, 0xff,
    0xff, 0xfe, 0x80, 0x8f, 0xff, 0xff, 0xff, 0xff, 0xff, 0xff, 0xff, 0xff, 0xff, 0xff, 0xff, 0xff,
    0xff, 0xff, 0xf8, 0xef, 0xff, 0xff, 0xff, 0xff, 0xff, 0xff, 0xff, 0xff, 0xff, 0xff, 0xff, 0xff,
    0xff, 0xff, 0xfe, 0xff, 0xff, 0xfd, 0x88, 0xdf, 0xff, 0xff, 0xff, 0xff, 0xff, 0xff, 0xff, 0xff,
    0xff, 0xff, 0xff, 0xff, 0xff, 0x90, 0x0, 0x9, 0xff, 0xff, 0xff, 0xff, 0xff, 0xff, 0xff, 0xff,
    0xff, 0xff, 0xff, 0xff, 0xfd, 0x0, 0x0, 0x0, 0xdf, 0xff, 0xff, 0xff, 0xff, 0xff, 0xff, 0xff,
    0xff, 0xff, 0xff, 0xff, 0xf8, 0x0, 0x0, 0x0, 0x8f, 0xff, 0xff, 0xff, 0xff, 0xff, 0xff, 0xff,
    0xff, 0xff, 0xff, 0xff, 0xf8, 0x0, 0x0, 0x0, 0x8f, 0xff, 0xff, 0xff, 0xff, 0xf8, 0x8f, 0xff,
    0xff, 0xff, 0xff, 0xff, 0xfd, 0x0, 0x0, 0x0, 0xdf, 0xff, 0xff, 0xff, 0xff, 0x70, 0x8, 0xff,
    0xff, 0xff, 0xff, 0xff, 0xff, 0x90, 0x0, 0x9, 0xff, 0xff, 0xff, 0xff, 0xf7, 0x0, 0x0, 0x8f,
    0xff, 0xff, 0xff, 0xff, 0xff, 0xfd, 0x88, 0xdf, 0xff, 0xff, 0xff, 0xff, 0x70, 0x0, 0x0, 0x8,
    0xff, 0xff, 0xff, 0xff, 0xff, 0xff, 0xff, 0xff, 0xff, 0xff, 0xff, 0xf7, 0x0, 0x0, 0x0, 0x0,
    0x8f, 0xff, 0xff, 0xff, 0xff, 0xff, 0xff, 0x88, 0xff, 0xff, 0xff, 0x70, 0x0, 0x0, 0x0, 0x0,
    0x8, 0xff, 0xff, 0xff, 0xff, 0xff, 0xf7, 0x0, 0x8f, 0xff, 0xf7, 0x0, 0x0, 0x0, 0x0, 0x0,
    0x0, 0xff, 0xff, 0xff, 0xff, 0xff, 0x70, 0x0, 0x8, 0xff, 0x70, 0x0, 0x0, 0x0, 0x0, 0x0,
    0x0, 0xff, 0xff, 0xff, 0xff, 0xf7, 0x0, 0x0, 0x0, 0x87, 0x0, 0x0, 0x0, 0x0, 0x0, 0x0,
    0x0, 0xff, 0xff, 0xff, 0xff, 0x70, 0x0, 0x0, 0x0, 0x0, 0x0, 0x0, 0x0, 0x0, 0x0, 0x0,
    0x0, 0xff, 0xff, 0xff, 0xff, 0x0, 0x0, 0x0, 0x0, 0x0, 0x0, 0x0, 0x0, 0x0, 0x0, 0x0,
    0x0, 0xff, 0xff, 0xff, 0xff, 0x0, 0x0, 0x0, 0x0, 0x0, 0x0, 0x0, 0x0, 0x0, 0x0, 0x0,
    0x0, 0xff, 0xff, 0xff, 0xff, 0x0, 0x0, 0x0, 0x0, 0x0, 0x0, 0x0, 0x0, 0x0, 0x0, 0x0,
    0x0, 0xff, 0xff, 0xff, 0xff, 0xff, 0xff, 0xff, 0xff, 0xff, 0xff, 0xff, 0xff, 0xff, 0xff, 0xff,
    0xff, 0xff, 0xff, 0xef, 0xff, 0xff, 0xff, 0xff, 0xff, 0xff, 0xff, 0xff, 0xff, 0xff, 0xff, 0xff,
    0xff, 0xff, 0xfe, 0x8f, 0xff, 0xff, 0xff, 0xff, 0xff, 0xff, 0xff, 0xff, 0xff, 0xff, 0xff, 0xff,
    0xff, 0xff, 0xf8, 0x8, 0xef, 0xff, 0xff, 0xff, 0xff, 0xff, 0xff, 0xff, 0xff, 0xff, 0xff, 0xff,
    0xff, 0xfe, 0x80, 0x0, 0x0, 0x0, 0x0, 0x4, 0xee, 0x50, 0x0, 0x0, 0x0, 0x0, 0x0, 0x0,
    0x0, 0x0, 0xd, 0xff, 0xd0, 0x0, 0x0, 0x0, 0x0, 0x0, 0x0, 0x0, 0x0, 0x3f, 0xff, 0xf3,
    0x0, 0x0, 0x0, 0x0, 0x0, 0x0, 0x0, 0x0, 0x9f, 0xff, 0xf9, 0x0, 0x0, 0x0, 0x0, 0x0,
    0x0, 0x0, 0x1, 0xef, 0xff, 0xfe, 0x10, 0x0, 0x0, 0x0, 0x0, 0x0, 0x0, 0x7, 0xff, 0xff,
    0xff, 0x70, 0x0, 0x0, 0x0, 0x0, 0x0, 0x0, 0x1e, 0xff, 0xff, 0xff, 0xe1, 0x0, 0x0, 0x0,
    0x0, 0x0, 0x0, 0x7f, 0xff, 0xff, 0xff, 0xf7, 0x0, 0x0, 0x0, 0x0, 0x0, 0x1, 0xef, 0xff,
    0xff, 0xff, 0xfe, 0x10, 0x0, 0x0, 0x0, 0x0, 0x9, 0xff, 0xff, 0xff, 0xff, 0xff, 0xa0, 0x0,
    0x0, 0x0, 0x0, 0x4f, 0xff, 0xff, 0xff, 0xff, 0xff, 0xf4, 0x0, 0x0, 0x0, 0x1, 0xdf, 0xff,
    0xff, 0xff, 0xff, 0xff, 0xfe, 0x10, 0x0, 0x0, 0xb, 0xff, 0xff, 0xff, 0xff, 0xff, 0xff, 0xff,
    0xb0, 0x0, 0x0, 0x6f, 0xff, 0xff, 0xff, 0xff, 0xff, 0xff, 0xff, 0xf7, 0x0, 0x1, 0xef, 0xff,
    0xff, 0xff, 0xff, 0xff, 0xff, 0xff, 0xfe, 0x20, 0x9, 0xff, 0xff, 0xff, 0xff, 0xff, 0xff, 0xff,
    0xff, 0xff, 0x90, 0x1f, 0xff, 0xff, 0xff, 0xff, 0xff, 0xff, 0xff, 0xff, 0xff, 0xf1, 0x7f, 0xff,
    0xff, 0xff, 0xff, 0xff, 0xff, 0xff, 0xff, 0xff, 0xf7, 0xbf, 0xff, 0xff, 0xff, 0xff, 0xff, 0xff,
    0xff, 0xff, 0xff, 0xfb, 0xef, 0xff, 0xff, 0xff, 0xff, 0xff, 0xff, 0xff, 0xff, 0xff, 0xfd, 0xff,
    0xff, 0x33, 0xff, 0xff, 0xff, 0xff, 0xff, 0xff, 0xff, 0xff, 0xef, 0xff, 0x10, 0xef, 0xff, 0xff,
    0xff, 0xff, 0xff, 0xff, 0xfe, 0xdf, 0xff, 0x30, 0xbf, 0xff, 0xff, 0xff, 0xff, 0xff, 0xff, 0xfd,
    0xaf, 0xff, 0x70, 0x5f, 0xff, 0xff, 0xff, 0xff, 0xff, 0xff, 0xfa, 0x6f, 0xff, 0xe1, 0x8, 0xff,
    0xff, 0xff, 0xff, 0xff, 0xff, 0xf6, 0x1e, 0xff, 0xfa, 0x0, 0x5b, 0xef, 0xff, 0xff, 0xff, 0xff,
    0xe1, 0x7, 0xff, 0xff, 0xa1, 0x0, 0x3, 0xff, 0xff, 0xff, 0xff, 0x70, 0x0, 0xcf, 0xff, 0xfe,
    0x73, 0x13, 0xff, 0xff, 0xff, 0xfc, 0x0, 0x0, 0x1d, 0xff, 0xff, 0xff, 0xff, 0xff, 0xff, 0xff,
    0xd1, 0x0, 0x0, 0x1, 0xcf, 0xff, 0xff, 0xff, 0xff, 0xff, 0xfc, 0x10, 0x0, 0x0, 0x0, 0x17,
    0xef, 0xff, 0xff, 0xff, 0xfe, 0x70, 0x0, 0x0, 0x0, 0x0, 0x0, 0x16, 0xbd, 0xee, 0xdb, 0x61,
    0x0, 0x0, 0x0, 0x0, 0x0, 0x0, 0x0, 0x0, 0x0, 0x0, 0x0, 0x0, 0x0, 0xdf, 0xff, 0x60,
    0x0, 0x0, 0x0, 0x0, 0x0, 0x5e, 0xe5, 0xff, 0xff, 0x80, 0x0, 0x0, 0x0, 0x0, 0x6, 0xff,
    0xfe, 0xff, 0xff, 0x80, 0x0, 0x0, 0x0, 0x0, 0x7f, 0xff, 0xff, 0xff, 0xff, 0x80, 0x0, 0x0,
    0x0, 0x8, 0xff, 0xff, 0xff, 0xff, 0xff, 0x80, 0x0, 0x0, 0x0, 0xaf, 0xff, 0xff, 0xff, 0xff,
    0xff, 0x80, 0x0, 0x0, 0xa, 0xff, 0xff, 0xff, 0xff, 0xff, 0xff, 0x80, 0x0, 0x1, 0xbf, 0xff,
    0xff, 0xff, 0xff, 0xff, 0xff, 0x80, 0x0, 0x1c, 0xff, 0xff, 0xff, 0xff, 0xff, 0xff, 0xff, 0x80,
    0x2, 0xdf, 0xff, 0xff, 0xff, 0xff, 0xff, 0xff, 0xff, 0x80, 0x3d, 0xff, 0xff, 0xff, 0xff, 0xff,
    0xff, 0xff, 0xff, 0x83, 0xef, 0xff, 0xff, 0xff, 0xff, 0xff, 0xff, 0xff, 0xff, 0xbe, 0xff, 0xff,
    0xff, 0xff, 0xff, 0xff, 0xff, 0xff, 0xff, 0xff, 0xff, 0xff, 0xff, 0xff, 0xff, 0xff, 0xff, 0xff,
    0xff, 0xff, 0xff, 0xff, 0xff, 0xff, 0xff, 0xff, 0xff, 0xff, 0xff, 0xff, 0xff, 0xff, 0xff, 0xff,
    0xff, 0xff, 0xff, 0xff, 0xff, 0xff, 0xff, 0xff, 0xff, 0xff, 0xff, 0xff, 0xff, 0xff, 0xff, 0xcf,
    0xff, 0xff, 0xff, 0xff, 0xff, 0xff, 0xff, 0xff, 0xff, 0x84, 0xef, 0xff, 0xff, 0xff, 0xff, 0xff,
    0xff, 0xff, 0xff, 0x80, 0x3e, 0xff, 0xff, 0xff, 0xff, 0xff, 0xff, 0xff, 0xff, 0x80, 0x2, 0xdf,
    0xff, 0xff, 0xff, 0xff, 0xff, 0xff, 0xff, 0x80, 0x0, 0x2d, 0xff, 0xff, 0xff, 0xff, 0xff, 0xff,
    0xff, 0x80, 0x0, 0x1, 0xcf, 0xff, 0xff, 0xff, 0xff, 0xff, 0xff, 0x80, 0x0, 0x0, 0x1b, 0xff,
    0xff, 0xff, 0xff, 0xff, 0xff, 0x80, 0x0, 0x0, 0x0, 0xaf, 0xff, 0xff, 0xff, 0xff, 0xff, 0x80,
    0x0, 0x0, 0x0, 0x9, 0xff, 0xff, 0xff, 0xff, 0xff, 0x80, 0x0, 0x0, 0x0, 0x0, 0x7f, 0xff,
    0xff, 0xff, 0xff, 0x80, 0x0, 0x0, 0x0, 0x0, 0x6, 0xff, 0xfe, 0xdf, 0xff, 0x60, 0x0, 0x0,
    0x0, 0x0, 0x0, 0x5e, 0xe5, 0x0, 0x0, 0x0, 0x0, 0x0, 0x0, 0x0, 0x0, 0x0, 0x0, 0x19,
    0xee, 0x81, 0x0, 0x0, 0x0, 0x0, 0x0, 0x0, 0x0, 0x0, 0x0, 0x0, 0x0, 0x9f, 0xff, 0xfe,
    0x60, 0x0, 0x0, 0x0, 0x0, 0x0, 0x0, 0x0, 0x0, 0x0, 0x0, 0xef, 0xff, 0xff, 0xfc, 0x30,
    0x0, 0x0, 0x0, 0x0, 0x0, 0x0, 0x0, 0x0, 0x0, 0xff, 0xff, 0xff, 0xff, 0xf9, 0x10, 0x0,
    0x0, 0x0, 0x0, 0x0, 0x0, 0x0, 0x0, 0xff, 0xff, 0xff, 0xff, 0xff, 0xe6, 0x0, 0x0, 0x0,
    0x0, 0x0, 0x0, 0x0, 0x0, 0xff, 0xff, 0xff, 0xff, 0xff, 0xff, 0xc4, 0x0, 0x0, 0x0, 0x0,
    0x0, 0x0, 0x0, 0xff, 0xff, 0xff, 0xff, 0xff, 0xff, 0xff, 0xa2, 0x0, 0x0, 0x0, 0x0, 0x0,
    0x0, 0xff, 0xff, 0xff, 0xff, 0xff, 0xff, 0xff, 0xfe, 0x70, 0x0, 0x0, 0x0, 0x0, 0x0, 0xff,
    0xff, 0xff, 0xff, 0xff, 0xff, 0xff, 0xff, 0xfd, 0x40, 0x0, 0x0, 0x0, 0x0, 0xff, 0xff, 0xff,
    0xff, 0xff, 0xff, 0xff, 0xff, 0xff, 0xfa, 0x20, 0x0, 0x0, 0x0, 0xff, 0xff, 0xff, 0xff, 0xff,
    0xff, 0xff, 0xff, 0xff, 0xff, 0xf8, 0x10, 0x0, 0x0, 0xff, 0xff, 0xff, 0xff, 0xff, 0xff, 0xff,
    0xff, 0xff, 0xff, 0xff, 0xd5, 0x0, 0x0, 0xff, 0xff, 0xff, 0xff, 0xff, 0xff, 0xff, 0xff, 0xff,
    0xff, 0xff, 0xff, 0xb3, 0x0, 0xff, 0xff, 0xff, 0xff, 0xff, 0xff, 0xff, 0xff, 0xff, 0xff, 0xff,
    0xff, 0xff, 0x80, 0xff, 0xff, 0xff, 0xff, 0xff, 0xff, 0xff, 0xff, 0xff, 0xff, 0xff, 0xff, 0xff,
    0xf9, 0xff, 0xff, 0xff, 0xff, 0xff, 0xff, 0xff, 0xff, 0xff, 0xff, 0xff, 0xff, 0xff, 0xfe, 0xff,
    0xff, 0xff, 0xff, 0xff, 0xff, 0xff, 0xff, 0xff, 0xff, 0xff, 0xff, 0xff, 0xfe, 0xff, 0xff, 0xff,
    0xff, 0xff, 0xff, 0xff, 0xff, 0xff, 0xff, 0xff, 0xff, 0xff, 0xf9, 0xff, 0xff, 0xff, 0xff, 0xff,
    0xff, 0xff, 0xff, 0xff, 0xff, 0xff, 0xff, 0xff, 0x80, 0xff, 0xff, 0xff, 0xff, 0xff, 0xff, 0xff,
    0xff, 0xff, 0xff, 0xff, 0xff, 0xb3, 0x0, 0xff, 0xff, 0xff, 0xff, 0xff, 0xff, 0xff, 0xff, 0xff,
    0xff, 0xff, 0xd5, 0x0, 0x0, 0xff, 0xff, 0xff, 0xff, 0xff, 0xff, 0xff, 0xff, 0xff, 0xff, 0xf8,
    0x10, 0x0, 0x0, 0xff, 0xff, 0xff, 0xff, 0xff, 0xff, 0xff, 0xff, 0xff, 0xfb, 0x20, 0x0, 0x0,
    0x0, 0xff, 0xff, 0xff, 0xff, 0xff, 0xff, 0xff, 0xff, 0xfd, 0x40, 0x0, 0x0, 0x0, 0x0, 0xff,
    0xff, 0xff, 0xff, 0xff, 0xff, 0xff, 0xfe, 0x70, 0x0, 0x0, 0x0, 0x0, 0x0, 0xff, 0xff, 0xff,
    0xff, 0xff, 0xff, 0xff, 0xa2, 0x0, 0x0, 0x0, 0x0, 0x0, 0x0, 0xff, 0xff, 0xff, 0xff, 0xff,
    0xff, 0xc4, 0x0, 0x0, 0x0, 0x0, 0x0, 0x0, 0x0, 0xff, 0xff, 0xff, 0xff, 0xff, 0xe6, 0x0,
    0x0, 0x0, 0x0, 0x0, 0x0, 0x0, 0x0, 0xff, 0xff, 0xff, 0xff, 0xf9, 0x10, 0x0, 0x0, 0x0,
    0x0, 0x0, 0x0, 0x0, 0x0, 0xef, 0xff, 0xff, 0xfc, 0x30, 0x0, 0x0, 0x0, 0x0, 0x0, 0x0,
    0x0, 0x0, 0x0, 0x9f, 0xff, 0xfe, 0x60, 0x0, 0x0, 0x0, 0x0, 0x0, 0x0, 0x0, 0x0, 0x0,
    0x0, 0x8, 0xee, 0x81, 0x0, 0x0, 0x0, 0x0, 0x0, 0x0, 0x0, 0x0, 0x0, 0x0, 0x0, 0x8,
    0xef, 0xff, 0xff, 0xfe, 0x80, 0x0, 0x0, 0x8, 0xef, 0xff, 0xff, 0xfe, 0x80, 0x8f, 0xff, 0xff,
    0xff, 0xff, 0xf8, 0x0, 0x0, 0x8f, 0xff, 0xff, 0xff, 0xff, 0xf8, 0xef, 0xff, 0xff, 0xff, 0xff,
    0xfe, 0x0, 0x0, 0xef, 0xff, 0xff, 0xff, 0xff, 0xfe, 0xff, 0xff, 0xff, 0xff, 0xff, 0xff, 0x0,
    0x0, 0xff, 0xff, 0xff, 0xff, 0xff, 0xff, 0xff, 0xff, 0xff, 0xff, 0xff, 0xff, 0x0, 0x0, 0xff,
    0xff, 0xff, 0xff, 0xff, 0xff, 0xff, 0xff, 0xff, 0xff, 0xff, 0xff, 0x0, 0x0, 0xff, 0xff, 0xff,
    0xff, 0xff, 0xff, 0xff, 0xff, 0xff, 0xff, 0xff, 0xff, 0x0, 0x0, 0xff, 0xff, 0xff, 0xff, 0xff,
    0xff, 0xff, 0xff, 0xff, 0xff, 0xff, 0xff, 0x0, 0x0, 0xff, 0xff, 0xff, 0xff, 0xff, 0xff, 0xff,
    0xff, 0xff, 0xff, 0xff, 0xff, 0x0, 0x0, 0xff, 0xff, 0xff, 0xff, 0xff, 0xff, 0xff, 0xff, 0xff,
    0xff, 0xff, 0xff, 0x0, 0x0, 0xff, 0xff, 0xff, 0xff, 0xff, 0xff, 0xff, 0xff, 0xff, 0xff, 0xff,
    0xff, 0x0, 0x0, 0xff, 0xff, 0xff, 0xff, 0xff, 0xff, 0xff, 0xff, 0xff, 0xff, 0xff, 0xff, 0x0,
    0x0, 0xff, 0xff, 0xff, 0xff, 0xff, 0xff, 0xff, 0xff, 0xff, 0xff, 0xff, 0xff, 0x0, 0x0, 0xff,
    0xff, 0xff, 0xff, 0xff, 0xff, 0xff, 0xff, 0xff, 0xff, 0xff, 0xff, 0x0, 0x0, 0xff, 0xff, 0xff,
    0xff, 0xff, 0xff, 0xff, 0xff, 0xff, 0xff, 0xff, 0xff, 0x0, 0x0, 0xff, 0xff, 0xff, 0xff, 0xff,
    0xff, 0xff, 0xff, 0xff, 0xff, 0xff, 0xff, 0x0, 0x0, 0xff, 0xff, 0xff, 0xff, 0xff, 0xff, 0xff,
    0xff, 0xff, 0xff, 0xff, 0xff, 0x0, 0x0, 0xff, 0xff, 0xff, 0xff, 0xff, 0xff, 0xff, 0xff, 0xff,
    0xff, 0xff, 0xff, 0x0, 0x0, 0xff, 0xff, 0xff, 0xff, 0xff, 0xff, 0xff, 0xff, 0xff, 0xff, 0xff,
    0xff, 0x0, 0x0, 0xff, 0xff, 0xff, 0xff, 0xff, 0xff, 0xff, 0xff, 0xff, 0xff, 0xff, 0xff, 0x0,
    0x0, 0xff, 0xff, 0xff, 0xff, 0xff, 0xff, 0xff, 0xff, 0xff, 0xff, 0xff, 0xff, 0x0, 0x0, 0xff,
    0xff, 0xff, 0xff, 0xff, 0xff, 0xff, 0xff, 0xff, 0xff, 0xff, 0xff, 0x0, 0x0, 0xff, 0xff, 0xff,
    0xff, 0xff, 0xff, 0xff, 0xff, 0xff, 0xff, 0xff, 0xff, 0x0, 0x0, 0xff, 0xff, 0xff, 0xff, 0xff,
    0xff, 0xff, 0xff, 0xff, 0xff, 0xff, 0xff, 0x0, 0x0, 0xff, 0xff, 0xff, 0xff, 0xff, 0xff, 0xff,
    0xff, 0xff, 0xff, 0xff, 0xff, 0x0, 0x0, 0xff, 0xff, 0xff, 0xff, 0xff, 0xff, 0xef, 0xff, 0xff,
    0xff, 0xff, 0xfe, 0x0, 0x0, 0xef, 0xff, 0xff, 0xff, 0xff, 0xfe, 0x8f, 0xff, 0xff, 0xff, 0xff,
    0xf8, 0x0, 0x0, 0x8f, 0xff, 0xff, 0xff, 0xff, 0xf8, 0x8, 0xef, 0xff, 0xff, 0xfe, 0x80, 0x0,
    0x0, 0x8, 0xef, 0xff, 0xff, 0xfe, 0x80, 0x8, 0xef, 0xff, 0xff, 0xff, 0xff, 0xff, 0xff, 0xff,
    0xff, 0xff, 0xff, 0xfe, 0x80, 0x8f, 0xff, 0xff, 0xff, 0xff, 0xff, 0xff, 0xff, 0xff, 0xff, 0xff,
    0xff, 0xff, 0xf8, 0xef, 0xff, 0xff, 0xff, 0xff, 0xff, 0xff, 0xff, 0xff, 0xff, 0xff, 0xff, 0xff,
    0xfe, 0xff, 0xff, 0xff, 0xff, 0xff, 0xff, 0xff, 0xff, 0xff, 0xff, 0xff, 0xff, 0xff, 0xff, 0xff,
    0xff, 0xff, 0xff, 0xff, 0xff, 0xff, 0xff, 0xff, 0xff, 0xff, 0xff, 0xff, 0xff, 0xff, 0xff, 0xff,
    0xff, 0xff, 0xff, 0xff, 0xff, 0xff, 0xff, 0xff, 0xff, 0xff, 0xff, 0xff, 0xff, 0xff, 0xff, 0xff,
    0xff, 0xff, 0xff, 0xff, 0xff, 0xff, 0xff, 0xff, 0xff, 0xff, 0xff, 0xff, 0xff, 0xff, 0xff, 0xff,
    0xff, 0xff, 0xff, 0xff, 0xff, 0xff, 0xff, 0xff, 0xff, 0xff, 0xff, 0xff, 0xff, 0xff, 0xff, 0xff,
    0xff, 0xff, 0xff, 0xff, 0xff, 0xff, 0xff, 0xff, 0xff, 0xff, 0xff, 0xff, 0xff, 0xff, 0xff, 0xff,
    0xff, 0xff, 0xff, 0xff, 0xff, 0xff, 0xff, 0xff, 0xff, 0xff, 0xff, 0xff, 0xff, 0xff, 0xff, 0xff,
    0xff, 0xff, 0xff, 0xff, 0xff, 0xff, 0xff, 0xff, 0xff, 0xff, 0xff, 0xff, 0xff, 0xff, 0xff, 0xff,
    0xff, 0xff, 0xff, 0xff, 0xff, 0xff, 0xff, 0xff, 0xff, 0xff, 0xff, 0xff, 0xff, 0xff, 0xff, 0xff,
    0xff, 0xff, 0xff, 0xff, 0xff, 0xff, 0xff, 0xff, 0xff, 0xff, 0xff, 0xff, 0xff, 0xff, 0xff, 0xff,
    0xff, 0xff, 0xff, 0xff, 0xff, 0xff, 0xff, 0xff, 0xff, 0xff, 0xff, 0xff, 0xff, 0xff, 0xff, 0xff,
    0xff, 0xff, 0xff, 0xff, 0xff, 0xff, 0xff, 0xff, 0xff, 0xff, 0xff, 0xff, 0xff, 0xff, 0xff, 0xff,
    0xff, 0xff, 0xff, 0xff, 0xff, 0xff, 0xff, 0xff, 0xff, 0xff, 0xff, 0xff, 0xff, 0xff, 0xff, 0xff,
    0xff, 0xff, 0xff, 0xff, 0xff, 0xff, 0xff, 0xff, 0xff, 0xff, 0xff, 0xff, 0xff, 0xff, 0xff, 0xff,
    0xff, 0xff, 0xff, 0xff, 0xff, 0xff, 0xff, 0xff, 0xff, 0xff, 0xff, 0xff, 0xff, 0xff, 0xff, 0xff,
    0xff, 0xff, 0xff, 0xff, 0xff, 0xff, 0xff, 0xff, 0xff, 0xff, 0xff, 0xff, 0xff, 0xff, 0xff, 0xff,
    0xff, 0xff, 0xff, 0xff, 0xff, 0xff, 0xff, 0xff, 0xff, 0xff, 0xff, 0xff, 0xff, 0xff, 0xff, 0xff,
    0xff, 0xff, 0xff, 0xff, 0xff, 0xff, 0xff, 0xff, 0xff, 0xff, 0xff, 0xff, 0xff, 0xff, 0xff, 0xff,
    0xff, 0xff, 0xff, 0xff, 0xff, 0xff, 0xff, 0xff, 0xff, 0xff, 0xff, 0xff, 0xff, 0xff, 0xff, 0xff,
    0xff, 0xff, 0xff, 0xff, 0xff, 0xef, 0xff, 0xff, 0xff, 0xff, 0xff, 0xff, 0xff, 0xff, 0xff, 0xff,
    0xff, 0xff, 0xfe, 0x8f, 0xff, 0xff, 0xff, 0xff, 0xff, 0xff, 0xff, 0xff, 0xff, 0xff, 0xff, 0xff,
    0xf8, 0x8, 0xef, 0xff, 0xff, 0xff, 0xff, 0xff, 0xff, 0xff, 0xff, 0xff, 0xff, 0xfe, 0x80, 0x0,
    0x0, 0x0, 0x0, 0x0, 0x0, 0x0, 0x0, 0x0, 0x0, 0x5e, 0xe5, 0x0, 0x0, 0x0, 0x0, 0x0,
    0x6, 0xff, 0xfd, 0xef, 0xff, 0x60, 0x0, 0x0, 0x0, 0x0, 0x8, 0xff, 0xff, 0xff, 0xff, 0xf7,
    0x0, 0x0, 0x0, 0x0, 0x8, 0xff, 0xff, 0xff, 0xff, 0xff, 0x90, 0x0, 0x0, 0x0, 0x8, 0xff,
    0xff, 0xff, 0xff, 0xff, 0xfa, 0x0, 0x0, 0x0, 0x8, 0xff, 0xff, 0xff, 0xff, 0xff, 0xff, 0xb1,
    0x0, 0x0, 0x8, 0xff, 0xff, 0xff, 0xff, 0xff, 0xff, 0xfc, 0x10, 0x0, 0x8, 0xff, 0xff, 0xff,
    0xff, 0xff, 0xff, 0xff, 0xc2, 0x0, 0x8, 0xff, 0xff, 0xff, 0xff, 0xff, 0xff, 0xff, 0xfd, 0x20,
    0x8, 0xff, 0xff, 0xff, 0xff, 0xff, 0xff, 0xff, 0xff, 0xe3, 0x8, 0xff, 0xff, 0xff, 0xff, 0xff,
    0xff, 0xff, 0xff, 0xfe, 0x48, 0xff, 0xff, 0xff, 0xff, 0xff, 0xff, 0xff, 0xff, 0xff, 0xfc, 0xff,
    0xff, 0xff, 0xff, 0xff, 0xff, 0xff, 0xff, 0xff, 0xff, 0xff, 0xff, 0xff, 0xff, 0xff, 0xff, 0xff,
    0xff, 0xff, 0xff, 0xff, 0xff, 0xff, 0xff, 0xff, 0xff, 0xff, 0xff, 0xff, 0xff, 0xff, 0xff, 0xff,
    0xff, 0xff, 0xff, 0xff, 0xff, 0xff, 0xff, 0xff, 0xff, 0xff, 0xff, 0xff, 0xff, 0xff, 0xff, 0xff,
    0xeb, 0xff, 0xff, 0xff, 0xff, 0xff, 0xff, 0xff, 0xff, 0xfe, 0x38, 0xff, 0xff, 0xff, 0xff, 0xff,
    0xff, 0xff, 0xff, 0xd3, 0x8, 0xff, 0xff, 0xff, 0xff, 0xff, 0xff, 0xff, 0xfd, 0x20, 0x8, 0xff,
    0xff, 0xff, 0xff, 0xff, 0xff, 0xff, 0xc1, 0x0, 0x8, 0xff, 0xff, 0xff, 0xff, 0xff, 0xff, 0xfb,
    0x10, 0x0, 0x8, 0xff, 0xff, 0xff, 0xff, 0xff, 0xff, 0xa0, 0x0, 0x0, 0x8, 0xff, 0xff, 0xff,
    0xff, 0xff, 0xfa, 0x0, 0x0, 0x0, 0x8, 0xff, 0xff, 0xff, 0xff, 0xff, 0x80, 0x0, 0x0, 0x0,
    0x8, 0xff, 0xff, 0xff, 0xff, 0xf7, 0x0, 0x0, 0x0, 0x0, 0x8, 0xff, 0xff, 0xef, 0xff, 0x60,
    0x0, 0x0, 0x0, 0x0, 0x8, 0xff, 0xff, 0x5e, 0xe5, 0x0, 0x0, 0x0, 0x0, 0x0, 0x6, 0xff,
    0xfd, 0x0, 0x0, 0x0, 0x0, 0x0, 0x0, 0x0, 0x0, 0x0, 0x0, 0x0, 0x0, 0x0, 0x0, 0x0,
    0x0, 0x8d, 0xd8, 0x0, 0x0, 0x0, 0x0, 0x0, 0x0, 0x0, 0x0, 0x0, 0x0, 0x0, 0xa, 0xff,
    0xff, 0xa0, 0x0, 0x0, 0x0, 0x0, 0x0, 0x0, 0x0, 0x0, 0x0, 0x0, 0x8f, 0xff, 0xff, 0xf8,
    0x0, 0x0, 0x0, 0x0, 0x0, 0x0, 0x0, 0x0, 0x0, 0x7, 0xff, 0xff, 0xff, 0xff, 0x70, 0x0,
    0x0, 0x0, 0x0, 0x0, 0x0, 0x0, 0x0, 0x6f, 0xff, 0xff, 0xff, 0xff, 0xf6, 0x0, 0x0, 0x0,
    0x0, 0x0, 0x0, 0x0, 0x5, 0xff, 0xff, 0xff, 0xff, 0xff, 0xff, 0x50, 0x0, 0x0, 0x0, 0x0,
    0x0, 0x0, 0x4f, 0xff, 0xff, 0xff, 0xff, 0xff, 0xff, 0xf4, 0x0, 0x0, 0x0, 0x0, 0x0, 0x3,
    0xef, 0xff, 0xff, 0xff, 0xff, 0xff, 0xff, 0xfe, 0x30, 0x0, 0x0, 0x0, 0x0, 0x2e, 0xff, 0xff,
    0xff, 0xff, 0xff, 0xff, 0xff, 0xff, 0xe2, 0x0, 0x0, 0x0, 0x2, 0xdf, 0xff, 0xff, 0xff, 0xff,
    0xff, 0xff, 0xff, 0xff, 0xfd, 0x20, 0x0, 0x0, 0x1c, 0xff, 0xff, 0xff, 0xff, 0xff, 0xff, 0xff,
    0xff, 0xff, 0xff, 0xc1, 0x0, 0x1, 0xcf, 0xff, 0xff, 0xff, 0xff, 0xff, 0xff, 0xff, 0xff, 0xff,
    0xff, 0xfc, 0x10, 0xb, 0xff, 0xff, 0xff, 0xff, 0xff, 0xff, 0xff, 0xff, 0xff, 0xff, 0xff, 0xff,
    0xb0, 0x8f, 0xff, 0xff, 0xff, 0xff, 0xff, 0xff, 0xff, 0xff, 0xff, 0xff, 0xff, 0xff, 0xf8, 0xef,
    0xff, 0xff, 0xff, 0xff, 0xff, 0xff, 0xff, 0xff, 0xff, 0xff, 0xff, 0xff, 0xfe, 0xef, 0xff, 0xff,
    0xff, 0xff, 0xff, 0xff, 0xff, 0xff, 0xff, 0xff, 0xff, 0xff, 0xfe, 0x8f, 0xff, 0xff, 0xff, 0xff,
    0xff, 0xff, 0xff, 0xff, 0xff, 0xff, 0xff, 0xff, 0xf8, 0x9, 0xef, 0xff, 0xff, 0xff, 0xff, 0xff,
    0xff, 0xff, 0xff, 0xff, 0xff, 0xfe, 0x90, 0x0, 0x0, 0x0, 0x0, 0x0, 0x0, 0x0, 0x0, 0x0,
    0x0, 0x0, 0x0, 0x0, 0x0, 0x0, 0x0, 0x0, 0x0, 0x0, 0x0, 0x0, 0x0, 0x0, 0x0, 0x0,
    0x0, 0x0, 0x0, 0x4d, 0xff, 0xff, 0xff, 0xff, 0xff, 0xff, 0xff, 0xff, 0xff, 0xff, 0xff, 0xff,
    0xd4, 0xdf, 0xff, 0xff, 0xff, 0xff, 0xff, 0xff, 0xff, 0xff, 0xff, 0xff, 0xff, 0xff, 0xfd, 0xff,
    0xff, 0xff, 0xff, 0xff, 0xff, 0xff, 0xff, 0xff, 0xff, 0xff, 0xff, 0xff, 0xff, 0xff, 0xff, 0xff,
    0xff, 0xff, 0xff, 0xff, 0xff, 0xff, 0xff, 0xff, 0xff, 0xff, 0xff, 0xff, 0xff, 0xff, 0xff, 0xff,
    0xff, 0xff, 0xff, 0xff, 0xff, 0xff, 0xff, 0xff, 0xff, 0xff, 0xff, 0xff, 0xff, 0xff, 0xff, 0xff,
    0xff, 0xff, 0xff, 0xff, 0xff, 0xff, 0xff, 0xdf, 0xff, 0xff, 0xff, 0xff, 0xff, 0xff, 0xff, 0xff,
    0xff, 0xff, 0xff, 0xff, 0xfd, 0x4d, 0xff, 0xff, 0xff, 0xff, 0xff, 0xff, 0xff, 0xff, 0xff, 0xff,
    0xff, 0xff, 0xd4, 0x0, 0x0, 0x0, 0x0, 0x0, 0x0, 0x1, 0x30, 0x0, 0x0, 0x0, 0x0, 0x0,
    0x0, 0x0, 0x2d, 0xfb, 0x0, 0x0, 0x0, 0x0, 0x0, 0x0, 0x2, 0xdf, 0xff, 0xb0, 0x0, 0x0,
    0x0, 0x0, 0x0, 0x2d, 0xff, 0xff, 0xf3, 0x0, 0x0, 0x0, 0x0, 0x2, 0xdf, 0xff, 0xff, 0xe1,
    0x0, 0x0, 0x0, 0x0, 0x2d, 0xff, 0xff, 0xfe, 0x20, 0x0, 0x0, 0x0, 0x2, 0xdf, 0xff, 0xff,
    0xe2, 0x0, 0x0, 0x0, 0x0, 0x2d, 0xff, 0xff, 0xfe, 0x20, 0x0, 0x0, 0x0, 0x2, 0xdf, 0xff,
    0xff, 0xe2, 0x0, 0x0, 0x0, 0x0, 0x2d, 0xff, 0xff, 0xfe, 0x20, 0x0, 0x0, 0x0, 0x2, 0xdf,
    0xff, 0xff, 0xe2, 0x0, 0x0, 0x0, 0x0, 0x2d, 0xff, 0xff, 0xfe, 0x20, 0x0, 0x0, 0x0, 0x2,
    0xdf, 0xff, 0xff, 0xe2, 0x0, 0x0, 0x0, 0x0, 0x1d, 0xff, 0xff, 0xfe, 0x20, 0x0, 0x0, 0x0,
    0x0, 0x4f, 0xff, 0xff, 0xf7, 0x0, 0x0, 0x0, 0x0, 0x0, 0xb, 0xff, 0xff, 0xff, 0x50, 0x0,
    0x0, 0x0, 0x0, 0x0, 0xbf, 0xff, 0xff, 0xf5, 0x0, 0x0, 0x0, 0x0, 0x0, 0xb, 0xff, 0xff,
    0xff, 0x50, 0x0, 0x0, 0x0, 0x0, 0x0, 0xbf, 0xff, 0xff, 0xf5, 0x0, 0x0, 0x0, 0x0, 0x0,
    0xb, 0xff, 0xff, 0xff, 0x50, 0x0, 0x0, 0x0, 0x0, 0x0, 0xbf, 0xff, 0xff, 0xf5, 0x0, 0x0,
    0x0, 0x0, 0x0, 0xb, 0xff, 0xff, 0xff, 0x50, 0x0, 0x0, 0x0, 0x0, 0x0, 0xbf, 0xff, 0xff,
    0xf5, 0x0, 0x0, 0x0, 0x0, 0x0, 0xb, 0xff, 0xff, 0xff, 0x50, 0x0, 0x0, 0x0, 0x0, 0x0,
    0xbf, 0xff, 0xff, 0xf2, 0x0, 0x0, 0x0, 0x0, 0x0, 0xb, 0xff, 0xff, 0xf3, 0x0, 0x0, 0x0,
    0x0, 0x0, 0x0, 0xbf, 0xff, 0x70, 0x0, 0x0, 0x0, 0x0, 0x0, 0x0, 0xa, 0xe7, 0x0, 0x0,
    0x3, 0x10, 0x0, 0x0, 0x0, 0x0, 0x0, 0x0, 0x0, 0xbf, 0xd2, 0x0, 0x0, 0x0, 0x0, 0x0,
    0x0, 0xb, 0xff, 0xfd, 0x20, 0x0, 0x0, 0x0, 0x0, 0x0, 0x3f, 0xff, 0xff, 0xd2, 0x0, 0x0,
    0x0, 0x0, 0x0, 0x1e, 0xff, 0xff, 0xfd, 0x20, 0x0, 0x0, 0x0, 0x0, 0x2, 0xef, 0xff, 0xff,
    0xd2, 0x0, 0x0, 0x0, 0x0, 0x0, 0x2e, 0xff, 0xff, 0xfd, 0x20, 0x0, 0x0, 0x0, 0x0, 0x2,
    0xef, 0xff, 0xff, 0xd2, 0x0, 0x0, 0x0, 0x0, 0x0, 0x2e, 0xff, 0xff, 0xfd, 0x20, 0x0, 0x0,
    0x0, 0x0, 0x2, 0xef, 0xff, 0xff, 0xd2, 0x0, 0x0, 0x0, 0x0, 0x0, 0x2e, 0xff, 0xff, 0xfd,
    0x20, 0x0, 0x0, 0x0, 0x0, 0x2, 0xef, 0xff, 0xff, 0xd2, 0x0, 0x0, 0x0, 0x0, 0x0, 0x2e,
    0xff, 0xff, 0xfd, 0x20, 0x0, 0x0, 0x0, 0x0, 0x2, 0xef, 0xff, 0xff, 0xd1, 0x0, 0x0, 0x0,
    0x0, 0x0, 0x7f, 0xff, 0xff, 0xf4, 0x0, 0x0, 0x0, 0x0, 0x5, 0xff, 0xff, 0xff, 0xb0, 0x0,
    0x0, 0x0, 0x0, 0x5f, 0xff, 0xff, 0xfb, 0x0, 0x0, 0x0, 0x0, 0x5, 0xff, 0xff, 0xff, 0xb0,
    0x0, 0x0, 0x0, 0x0, 0x5f, 0xff, 0xff, 0xfb, 0x0, 0x0, 0x0, 0x0, 0x5, 0xff, 0xff, 0xff,
    0xb0, 0x0, 0x0, 0x0, 0x0, 0x5f, 0xff, 0xff, 0xfb, 0x0, 0x0, 0x0, 0x0, 0x5, 0xff, 0xff,
    0xff, 0xb0, 0x0, 0x0, 0x0, 0x0, 0x5f, 0xff, 0xff, 0xfb, 0x0, 0x0, 0x0, 0x0, 0x5, 0xff,
    0xff, 0xff, 0xb0, 0x0, 0x0, 0x0, 0x0, 0x2f, 0xff, 0xff, 0xfb, 0x0, 0x0, 0x0, 0x0, 0x0,
    0x3f, 0xff, 0xff, 0xb0, 0x0, 0x0, 0x0, 0x0, 0x0, 0x7, 0xff, 0xfb, 0x0, 0x0, 0x0, 0x0,
    0x0, 0x0, 0x0, 0x7e, 0xa0, 0x0, 0x0, 0x0, 0x0, 0x0, 0x0, 0x0, 0x0, 0x0, 0x0, 0x0,
    0x15, 0x9b, 0xcd, 0xcb, 0x95, 0x10, 0x0, 0x0, 0x0, 0x0, 0x0, 0x0, 0x0, 0x0, 0x3, 0xaf,
    0xff, 0xff, 0xff, 0xff, 0xff, 0xa3, 0x0, 0x0, 0x0, 0x0, 0x0, 0x0, 0x0, 0x1a, 0xff, 0xff,
    0xff, 0xff, 0xff, 0xff, 0xff, 0xfa, 0x10, 0x0, 0x0, 0x0, 0x0, 0x0, 0x3d, 0xff, 0xff, 0xff,
    0xff, 0xff, 0xff, 0xff, 0xff, 0xfd, 0x30, 0x0, 0x0, 0x0, 0x0, 0x4e, 0xff, 0xff, 0xff, 0xff,
    0xff, 0xff, 0xff, 0xff, 0xff, 0xfe, 0x40, 0x0, 0x0, 0x0, 0x3e, 0xff, 0xff, 0xff, 0xff, 0xff,
    0xff, 0xff, 0xff, 0xff, 0xff, 0xfe, 0x30, 0x0, 0x0, 0x1e, 0xff, 0xff, 0xff, 0xff, 0xff, 0xff,
    0xff, 0xff, 0xff, 0xff, 0xff, 0xfd, 0x10, 0x0, 0xa, 0xff, 0xff, 0xff, 0xff, 0xff, 0xd4, 0x14,
    0xdf, 0xff, 0xff, 0xff, 0xff, 0xfa, 0x0, 0x4, 0xff, 0xff, 0xff, 0xff, 0xff, 0xf4, 0x0, 0x4,
    0xff, 0xff, 0xff, 0xff, 0xff, 0xf4, 0x0, 0xbf, 0xff, 0xff, 0xff, 0xff, 0xfe, 0x0, 0x0, 0xe,
    0xff, 0xff, 0xff, 0xff, 0xff, 0xb0, 0x2f, 0xff, 0xff, 0xff, 0xff, 0xff, 0xf0, 0x0, 0x0, 0xff,
    0xff, 0xff, 0xff, 0xff, 0xff, 0x27, 0xff, 0xff, 0xff, 0xff, 0xff, 0xff, 0x70, 0x0, 0x7f, 0xff,
    0xff, 0xff, 0xff, 0xff, 0xf6, 0xaf, 0xff, 0xff, 0xff, 0xff, 0xff, 0xff, 0xa6, 0xaf, 0xff, 0xff,
    0xff, 0xff, 0xff, 0xff, 0xad, 0xff, 0xff, 0xff, 0xff, 0xff, 0xff, 0xff, 0xff, 0xff, 0xff, 0xff,
    0xff, 0xff, 0xff, 0xfc, 0xef, 0xff, 0xff, 0xff, 0xff, 0xff, 0x20, 0x0, 0x9, 0xff, 0xff, 0xff,
    0xff, 0xff, 0xff, 0xef, 0xff, 0xff, 0xff, 0xff, 0xff, 0xf0, 0x0, 0x0, 0x8f, 0xff, 0xff, 0xff,
    0xff, 0xff, 0xff, 0xff, 0xff, 0xff, 0xff, 0xff, 0xff, 0x20, 0x0, 0x8, 0xff, 0xff, 0xff, 0xff,
    0xff, 0xff, 0xfe, 0xff, 0xff, 0xff, 0xff, 0xff, 0xff, 0x80, 0x0, 0x8f, 0xff, 0xff, 0xff, 0xff,
    0xff, 0xfe, 0xcf, 0xff, 0xff, 0xff, 0xff, 0xff, 0xf8, 0x0, 0x8, 0xff, 0xff, 0xff, 0xff, 0xff,
    0xff, 0xc9, 0xff, 0xff, 0xff, 0xff, 0xff, 0xff, 0x80, 0x0, 0x8f, 0xff, 0xff, 0xff, 0xff, 0xff,
    0xf9, 0x5f, 0xff, 0xff, 0xff, 0xff, 0xff, 0xf8, 0x0, 0x8, 0xff, 0xff, 0xff, 0xff, 0xff, 0xff,
    0x51, 0xef, 0xff, 0xff, 0xff, 0xff, 0xf2, 0x0, 0x0, 0x2, 0xff, 0xff, 0xff, 0xff, 0xff, 0xe1,
    0x8, 0xff, 0xff, 0xff, 0xff, 0xff, 0x0, 0x0, 0x0, 0xf, 0xff, 0xff, 0xff, 0xff, 0xf8, 0x0,
    0x2e, 0xff, 0xff, 0xff, 0xff, 0xf2, 0x0, 0x0, 0x2, 0xff, 0xff, 0xff, 0xff, 0xfe, 0x10, 0x0,
    0x7f, 0xff, 0xff, 0xff, 0xff, 0xff, 0xff, 0xff, 0xff, 0xff, 0xff, 0xff, 0xff, 0x70, 0x0, 0x0,
    0xbf, 0xff, 0xff, 0xff, 0xff, 0xff, 0xff, 0xff, 0xff, 0xff, 0xff, 0xff, 0xb0, 0x0, 0x0, 0x1,
    0xcf, 0xff, 0xff, 0xff, 0xff, 0xff, 0xff, 0xff, 0xff, 0xff, 0xff, 0xc1, 0x0, 0x0, 0x0, 0x1,
    0xcf, 0xff, 0xff, 0xff, 0xff, 0xff, 0xff, 0xff, 0xff, 0xff, 0xc1, 0x0, 0x0, 0x0, 0x0, 0x1,
    0x9f, 0xff, 0xff, 0xff, 0xff, 0xff, 0xff, 0xff, 0xff, 0x90, 0x0, 0x0, 0x0, 0x0, 0x0, 0x0,
    0x4d, 0xff, 0xff, 0xff, 0xff, 0xff, 0xff, 0xfd, 0x40, 0x0, 0x0, 0x0, 0x0, 0x0, 0x0, 0x0,
    0x5, 0xbf, 0xff, 0xff, 0xff, 0xff, 0xb5, 0x0, 0x0, 0x0, 0x0, 0x0, 0x0, 0x0, 0x0, 0x0,
    0x0, 0x3, 0x67, 0x77, 0x63, 0x0, 0x0, 0x0, 0x0, 0x0, 0x0, 0x0, 0x0, 0x0, 0x0, 0x0,
    0x0, 0x1, 0x0, 0x0, 0x0, 0x0, 0x0, 0x0, 0x0, 0x0, 0x0, 0x0, 0x0, 0x0, 0x0, 0x9f,
    0xc1, 0x0, 0x0, 0x0, 0x0, 0x0, 0x0, 0x0, 0x0, 0x0, 0x0, 0x0, 0x9, 0xff, 0xfc, 0x10,
    0x0, 0x0, 0x0, 0x0, 0x0, 0x0, 0x0, 0x0, 0x0, 0x0, 0x9f, 0xff, 0xff, 0x70, 0x0, 0x0,
    0x0, 0x0, 0x0, 0x0, 0x0, 0x0, 0x0, 0x9, 0xff, 0xff, 0xff, 0x40, 0x0, 0x0, 0x0, 0x0,
    0x0, 0x0, 0x0, 0x0, 0x0, 0x9f, 0xff, 0xff, 0xf5, 0x0, 0x0, 0x0, 0x0, 0x0, 0x0, 0x0,
    0x0, 0x0, 0x9, 0xff, 0xff, 0xff, 0x50, 0x0, 0x0, 0x0, 0x0, 0x0, 0x0, 0x0, 0x0, 0x0,
    0x9f, 0xff, 0xff, 0xf4, 0x0, 0x0, 0x0, 0x0, 0x0, 0x0, 0x0, 0x0, 0x0, 0x9, 0xff, 0xff,
    0xfe, 0x40, 0x0, 0x0, 0x0, 0x0, 0x0, 0x0, 0x0, 0x0, 0x0, 0x9f, 0xff, 0xff, 0xe3, 0x0,
    0x0, 0x0, 0x0, 0x0, 0x0, 0x0, 0x0, 0x0, 0x9, 0xff, 0xff, 0xfe, 0x30, 0x0, 0x0, 0x0,
    0x0, 0x0, 0x0, 0x0, 0x0, 0x0, 0x9f, 0xff, 0xff, 0xe3, 0x0, 0x0, 0x0, 0x0, 0x0, 0x0,
    0x0, 0x0, 0x0, 0x9, 0xff, 0xff, 0xff, 0xff, 0xff, 0xff, 0xff, 0xff, 0xff, 0xff, 0xff, 0xff,
    0xf8, 0x9f, 0xff, 0xff, 0xff, 0xff, 0xff, 0xff, 0xff, 0xff, 0xff, 0xff, 0xff, 0xff, 0xff, 0xef,
    0xff, 0xff, 0xff, 0xff, 0xff, 0xff, 0xff, 0xff, 0xff, 0xff, 0xff, 0xff, 0xff, 0x9f, 0xff, 0xff,
    0xff, 0xff, 0xff, 0xff, 0xff, 0xff, 0xff, 0xff, 0xff, 0xff, 0xff, 0x9, 0xff, 0xff, 0xff, 0xff,
    0xff, 0xff, 0xff, 0xff, 0xff, 0xff, 0xff, 0xff, 0xf8, 0x0, 0x9f, 0xff, 0xff, 0xe3, 0x0, 0x0,
    0x0, 0x0, 0x0, 0x0, 0x0, 0x0, 0x0, 0x0, 0x9, 0xff, 0xff, 0xfe, 0x30, 0x0, 0x0, 0x0,
    0x0, 0x0, 0x0, 0x0, 0x0, 0x0, 0x0, 0x9f, 0xff, 0xff, 0xe3, 0x0, 0x0, 0x0, 0x0, 0x0,
    0x0, 0x0, 0x0, 0x0, 0x0, 0x9, 0xff, 0xff, 0xfe, 0x40, 0x0, 0x0, 0x0, 0x0, 0x0, 0x0,
    0x0, 0x0, 0x0, 0x0, 0x9f, 0xff, 0xff, 0xf4, 0x0, 0x0, 0x0, 0x0, 0x0, 0x0, 0x0, 0x0,
    0x0, 0x0, 0x9, 0xff, 0xff, 0xff, 0x50, 0x0, 0x0, 0x0, 0x0, 0x0, 0x0, 0x0, 0x0, 0x0,
    0x0, 0x9f, 0xff, 0xff, 0xf5, 0x0, 0x0, 0x0, 0x0, 0x0, 0x0, 0x0, 0x0, 0x0, 0x0, 0x9,
    0xff, 0xff, 0xff, 0x40, 0x0, 0x0, 0x0, 0x0, 0x0, 0x0, 0x0, 0x0, 0x0, 0x0, 0x9f, 0xff,
    0xff, 0x70, 0x0, 0x0, 0x0, 0x0, 0x0, 0x0, 0x0, 0x0, 0x0, 0x0, 0x9, 0xff, 0xfc, 0x10,
    0x0, 0x0, 0x0, 0x0, 0x0, 0x0, 0x0, 0x0, 0x0, 0x0, 0x0, 0x9f, 0xc1, 0x0, 0x0, 0x0,
    0x0, 0x0, 0x0, 0x0, 0x0, 0x0, 0x0, 0x0, 0x0, 0x1, 0x0, 0x0, 0x0, 0x0, 0x0, 0x0,
    0x0, 0x0, 0x0, 0x0, 0x0, 0x0, 0x0, 0x0, 0x10, 0x0, 0x0, 0x0, 0x0, 0x0, 0x0, 0x0,
    0x0, 0x0, 0x0, 0x0, 0x0, 0x1c, 0xf9, 0x0, 0x0, 0x0, 0x0, 0x0, 0x0, 0x0, 0x0, 0x0,
    0x0, 0x0, 0x1, 0xcf, 0xff, 0x90, 0x0, 0x0, 0x0, 0x0, 0x0, 0x0, 0x0, 0x0, 0x0, 0x0,
    0x7, 0xff, 0xff, 0xf9, 0x0, 0x0, 0x0, 0x0, 0x0, 0x0, 0x0, 0x0, 0x0, 0x0, 0x4, 0xff,
    0xff, 0xff, 0x90, 0x0, 0x0, 0x0, 0x0, 0x0, 0x0, 0x0, 0x0, 0x0, 0x0, 0x5f, 0xff, 0xff,
    0xf9, 0x0, 0x0, 0x0, 0x0, 0x0, 0x0, 0x0, 0x0, 0x0, 0x0, 0x5, 0xff, 0xff, 0xff, 0x90,
    0x0, 0x0, 0x0, 0x0, 0x0, 0x0, 0x0, 0x0, 0x0, 0x0, 0x4f, 0xff, 0xff, 0xf9, 0x0, 0x0,
    0x0, 0x0, 0x0, 0x0, 0x0, 0x0, 0x0, 0x0, 0x4, 0xef, 0xff, 0xff, 0x90, 0x0, 0x0, 0x0,
    0x0, 0x0, 0x0, 0x0, 0x0, 0x0, 0x0, 0x3e, 0xff, 0xff, 0xf9, 0x0, 0x0, 0x0, 0x0, 0x0,
    0x0, 0x0, 0x0, 0x0, 0x0, 0x3, 0xef, 0xff, 0xff, 0x90, 0x0, 0x0, 0x0, 0x0, 0x0, 0x0,
    0x0, 0x0, 0x0, 0x0, 0x3e, 0xff, 0xff, 0xf9, 0x0, 0x8f, 0xff, 0xff, 0xff, 0xff, 0xff, 0xff,
    0xff, 0xff, 0xff, 0xff, 0xff, 0xff, 0x90, 0xff, 0xff, 0xff, 0xff, 0xff, 0xff, 0xff, 0xff, 0xff,
    0xff, 0xff, 0xff, 0xff, 0xf9, 0xff, 0xff, 0xff, 0xff, 0xff, 0xff, 0xff, 0xff, 0xff, 0xff, 0xff,
    0xff, 0xff, 0xfe, 0xff, 0xff, 0xff, 0xff, 0xff, 0xff, 0xff, 0xff, 0xff, 0xff, 0xff, 0xff, 0xff,
    0xf9, 0x8f, 0xff, 0xff, 0xff, 0xff, 0xff, 0xff, 0xff, 0xff, 0xff, 0xff, 0xff, 0xff, 0x90, 0x0,
    0x0, 0x0, 0x0, 0x0, 0x0, 0x0, 0x0, 0x0, 0x3e, 0xff, 0xff, 0xf9, 0x0, 0x0, 0x0, 0x0,
    0x0, 0x0, 0x0, 0x0, 0x0, 0x3, 0xef, 0xff, 0xff, 0x90, 0x0, 0x0, 0x0, 0x0, 0x0, 0x0,
    0x0, 0x0, 0x0, 0x3e, 0xff, 0xff, 0xf9, 0x0, 0x0, 0x0, 0x0, 0x0, 0x0, 0x0, 0x0, 0x0,
    0x4, 0xef, 0xff, 0xff, 0x90, 0x0, 0x0, 0x0, 0x0, 0x0, 0x0, 0x0, 0x0, 0x0, 0x4f, 0xff,
    0xff, 0xf9, 0x0, 0x0, 0x0, 0x0, 0x0, 0x0, 0x0, 0x0, 0x0, 0x5, 0xff, 0xff, 0xff, 0x90,
    0x0, 0x0, 0x0, 0x0, 0x0, 0x0, 0x0, 0x0, 0x0, 0x5f, 0xff, 0xff, 0xf9, 0x0, 0x0, 0x0,
    0x0, 0x0, 0x0, 0x0, 0x0, 0x0, 0x4, 0xff, 0xff, 0xff, 0x90, 0x0, 0x0, 0x0, 0x0, 0x0,
    0x0, 0x0, 0x0, 0x0, 0x7, 0xff, 0xff, 0xf9, 0x0, 0x0, 0x0, 0x0, 0x0, 0x0, 0x0, 0x0,
    0x0, 0x0, 0x1, 0xdf, 0xff, 0x90, 0x0, 0x0, 0x0, 0x0, 0x0, 0x0, 0x0, 0x0, 0x0, 0x0,
    0x0, 0x1c, 0xf9, 0x0, 0x0, 0x0, 0x0, 0x0, 0x0, 0x0, 0x0, 0x0, 0x0, 0x0, 0x0, 0x0,
    0x10, 0x0, 0x0, 0x0, 0x0, 0x0, 0x0, 0x0, 0x0, 0x0, 0x0, 0x0, 0x0, 0x9, 0xe9, 0x0,
    0x0, 0x0, 0x0, 0x0, 0x0, 0x0, 0x0, 0x0, 0x0, 0x0, 0x0, 0x9, 0xff, 0xf9, 0x0, 0x0,
    0x0, 0x0, 0x0, 0x0, 0x0, 0x0, 0x0, 0x0, 0x0, 0x9, 0xff, 0xff, 0xf9, 0x0, 0x0, 0x0,
    0x0, 0x0, 0x0, 0x0, 0x0, 0x0, 0x0, 0x9, 0xff, 0xff, 0xff, 0xf9, 0x0, 0x0, 0x0, 0x0,
    0x0, 0x0, 0x0, 0x0, 0x0, 0x9, 0xff, 0xff, 0xff, 0xff, 0xf9, 0x0, 0x0, 0x0, 0x0, 0x0,
    0x0, 0x0, 0x0, 0x9, 0xff, 0xff, 0xff, 0xff, 0xff, 0xf9, 0x0, 0x0, 0x0, 0x0, 0x0, 0x0,
    0x0, 0x9, 0xff, 0xff, 0xff, 0xff, 0xff, 0xff, 0xf9, 0x0, 0x0, 0x0, 0x0, 0x0, 0x0, 0x9,
    0xff, 0xff, 0xff, 0xff, 0xff, 0xff, 0xff, 0xf9, 0x0, 0x0, 0x0, 0x0, 0x0, 0x9, 0xff, 0xff,
    0xfe, 0xff, 0xff, 0xfe, 0xff, 0xff, 0xf9, 0x0, 0x0, 0x0, 0x0, 0x9, 0xff, 0xff, 0xfe, 0x3f,
    0xff, 0xff, 0x3e, 0xff, 0xff, 0xf9, 0x0, 0x0, 0x0, 0x9, 0xff, 0xff, 0xfe, 0x30, 0xff, 0xff,
    0xf0, 0x3e, 0xff, 0xff, 0xf9, 0x0, 0x0, 0x9, 0xff, 0xff, 0xfe, 0x30, 0xf, 0xff, 0xff, 0x0,
    0x3e, 0xff, 0xff, 0xf9, 0x0, 0x9, 0xff, 0xff, 0xff, 0x40, 0x0, 0xff, 0xff, 0xf0, 0x0, 0x4f,
    0xff, 0xff, 0xf9, 0x1, 0xff, 0xff, 0xff, 0x40, 0x0, 0xf, 0xff, 0xff, 0x0, 0x0, 0x4f, 0xff,
    0xff, 0xf1, 0xc, 0xff, 0xff, 0x50, 0x0, 0x0, 0xff, 0xff, 0xf0, 0x0, 0x0, 0x5f, 0xff, 0xfc,
    0x0, 0x1d, 0xff, 0x50, 0x0, 0x0, 0xf, 0xff, 0xff, 0x0, 0x0, 0x0, 0x5f, 0xfc, 0x10, 0x0,
    0x17, 0x40, 0x0, 0x0, 0x0, 0xff, 0xff, 0xf0, 0x0, 0x0, 0x0, 0x47, 0x10, 0x0, 0x0, 0x0,
    0x0, 0x0, 0x0, 0xf, 0xff, 0xff, 0x0, 0x0, 0x0, 0x0, 0x0, 0x0, 0x0, 0x0, 0x0, 0x0,
    0x0, 0x0, 0xff, 0xff, 0xf0, 0x0, 0x0, 0x0, 0x0, 0x0, 0x0, 0x0, 0x0, 0x0, 0x0, 0x0,
    0xf, 0xff, 0xff, 0x0, 0x0, 0x0, 0x0, 0x0, 0x0, 0x0, 0x0, 0x0, 0x0, 0x0, 0x0, 0xff,
    0xff, 0xf0, 0x0, 0x0, 0x0, 0x0, 0x0, 0x0, 0x0, 0x0, 0x0, 0x0, 0x0, 0xf, 0xff, 0xff,
    0x0, 0x0, 0x0, 0x0, 0x0, 0x0, 0x0, 0x0, 0x0, 0x0, 0x0, 0x0, 0xff, 0xff, 0xf0, 0x0,
    0x0, 0x0, 0x0, 0x0, 0x0, 0x0, 0x0, 0x0, 0x0, 0x0, 0xf, 0xff, 0xff, 0x0, 0x0, 0x0,
    0x0, 0x0, 0x0, 0x0, 0x0, 0x0, 0x0, 0x0, 0x0, 0xff, 0xff, 0xf0, 0x0, 0x0, 0x0, 0x0,
    0x0, 0x0, 0x0, 0x0, 0x0, 0x0, 0x0, 0xf, 0xff, 0xff, 0x0, 0x0, 0x0, 0x0, 0x0, 0x0,
    0x0, 0x0, 0x0, 0x0, 0x0, 0x0, 0xff, 0xff, 0xf0, 0x0, 0x0, 0x0, 0x0, 0x0, 0x0, 0x0,
    0x0, 0x0, 0x0, 0x0, 0x8, 0xff, 0xf8, 0x0, 0x0, 0x0, 0x0, 0x0, 0x0, 0x0, 0x0, 0x0,
    0x0, 0x0, 0x0, 0x8f, 0xff, 0x80, 0x0, 0x0, 0x0, 0x0, 0x0, 0x0, 0x0, 0x0, 0x0, 0x0,
    0x0, 0xf, 0xff, 0xff, 0x0, 0x0, 0x0, 0x0, 0x0, 0x0, 0x0, 0x0, 0x0, 0x0, 0x0, 0x0,
    0xff, 0xff, 0xf0, 0x0, 0x0, 0x0, 0x0, 0x0, 0x0, 0x0, 0x0, 0x0, 0x0, 0x0, 0xf, 0xff,
    0xff, 0x0, 0x0, 0x0, 0x0, 0x0, 0x0, 0x0, 0x0, 0x0, 0x0, 0x0, 0x0, 0xff, 0xff, 0xf0,
    0x0, 0x0, 0x0, 0x0, 0x0, 0x0, 0x0, 0x0, 0x0, 0x0, 0x0, 0xf, 0xff, 0xff, 0x0, 0x0,
    0x0, 0x0, 0x0, 0x0, 0x0, 0x0, 0x0, 0x0, 0x0, 0x0, 0xff, 0xff, 0xf0, 0x0, 0x0, 0x0,
    0x0, 0x0, 0x0, 0x0, 0x0, 0x0, 0x0, 0x0, 0xf, 0xff, 0xff, 0x0, 0x0, 0x0, 0x0, 0x0,
    0x0, 0x0, 0x0, 0x0, 0x0, 0x0, 0x0, 0xff, 0xff, 0xf0, 0x0, 0x0, 0x0, 0x0, 0x0, 0x0,
    0x0, 0x0, 0x0, 0x0, 0x0, 0xf, 0xff, 0xff, 0x0, 0x0, 0x0, 0x0, 0x0, 0x0, 0x0, 0x0,
    0x0, 0x0, 0x0, 0x0, 0xff, 0xff, 0xf0, 0x0, 0x0, 0x0, 0x0, 0x0, 0x0, 0x1, 0x74, 0x0,
    0x0, 0x0, 0xf, 0xff, 0xff, 0x0, 0x0, 0x0, 0x4, 0x71, 0x0, 0x1, 0xcf, 0xf5, 0x0, 0x0,
    0x0, 0xff, 0xff, 0xf0, 0x0, 0x0, 0x5, 0xff, 0xc1, 0x0, 0xcf, 0xff, 0xf5, 0x0, 0x0, 0xf,
    0xff, 0xff, 0x0, 0x0, 0x5, 0xff, 0xff, 0xc0, 0x1f, 0xff, 0xff, 0xf4, 0x0, 0x0, 0xff, 0xff,
    0xf0, 0x0, 0x4, 0xff, 0xff, 0xff, 0x10, 0x9f, 0xff, 0xff, 0xf4, 0x0, 0xf, 0xff, 0xff, 0x0,
    0x4, 0xff, 0xff, 0xff, 0x90, 0x0, 0x9f, 0xff, 0xff, 0xe3, 0x0, 0xff, 0xff, 0xf0, 0x3, 0xef,
    0xff, 0xff, 0x90, 0x0, 0x0, 0x9f, 0xff, 0xff, 0xe3, 0xf, 0xff, 0xff, 0x3, 0xef, 0xff, 0xff,
    0x90, 0x0, 0x0, 0x0, 0x9f, 0xff, 0xff, 0xe3, 0xff, 0xff, 0xf3, 0xef, 0xff, 0xff, 0x90, 0x0,
    0x0, 0x0, 0x0, 0x9f, 0xff, 0xff, 0xef, 0xff, 0xff, 0xef, 0xff, 0xff, 0x90, 0x0, 0x0, 0x0,
    0x0, 0x0, 0x9f, 0xff, 0xff, 0xff, 0xff, 0xff, 0xff, 0xff, 0x90, 0x0, 0x0, 0x0, 0x0, 0x0,
    0x0, 0x9f, 0xff, 0xff, 0xff, 0xff, 0xff, 0xff, 0x90, 0x0, 0x0, 0x0, 0x0, 0x0, 0x0, 0x0,
    0x9f, 0xff, 0xff, 0xff, 0xff, 0xff, 0x90, 0x0, 0x0, 0x0, 0x0, 0x0, 0x0, 0x0, 0x0, 0x9f,
    0xff, 0xff, 0xff, 0xff, 0x90, 0x0, 0x0, 0x0, 0x0, 0x0, 0x0, 0x0, 0x0, 0x0, 0x9f, 0xff,
    0xff, 0xff, 0x90, 0x0, 0x0, 0x0, 0x0, 0x0, 0x0, 0x0, 0x0, 0x0, 0x0, 0x9f, 0xff, 0xff,
    0x90, 0x0, 0x0, 0x0, 0x0, 0x0, 0x0, 0x0, 0x0, 0x0, 0x0, 0x0, 0x9f, 0xff, 0x90, 0x0,
    0x0, 0x0, 0x0, 0x0, 0x0, 0x0, 0x0, 0x0, 0x0, 0x0, 0x0, 0x9e, 0x90, 0x0, 0x0, 0x0,
    0x0, 0x0, 0x0, 0x0, 0x0, 0x0, 0x0, 0x0, 0x4, 0xdf, 0xfd, 0x40, 0x0, 0x0, 0x0, 0x0,
    0x0, 0x0, 0x0, 0x0, 0x0, 0x0, 0xd, 0xff, 0xff, 0xd0, 0x0, 0x0, 0x0, 0x0, 0x0, 0x0,
    0x0, 0x0, 0x0, 0x0, 0xf, 0xff, 0xff, 0xf0, 0x0, 0x0, 0x0, 0x0, 0x0, 0x0, 0x0, 0x0,
    0x0, 0x0, 0xf, 0xff, 0xff, 0xf0, 0x0, 0x0, 0x0, 0x0, 0x0, 0x0, 0x0, 0x0, 0x0, 0x0,
    0xf, 0xff, 0xff, 0xf0, 0x0, 0x0, 0x0, 0x0, 0x0, 0x0, 0x0, 0x0, 0x0, 0x0, 0xf, 0xff,
    0xff, 0xf0, 0x0, 0x0, 0x0, 0x0, 0x0, 0x0, 0x0, 0x0, 0x0, 0x0, 0xf, 0xff, 0xff, 0xf0,
    0x0, 0x0, 0x0, 0x0, 0x0, 0x0, 0x0, 0x0, 0x0, 0x0, 0xf, 0xff, 0xff, 0xf0, 0x0, 0x0,
    0x0, 0x0, 0x0, 0x0, 0x0, 0x0, 0x0, 0x0, 0xf, 0xff, 0xff, 0xf0, 0x0, 0x0, 0x0, 0x0,
    0x0, 0x0, 0x0, 0x0, 0x0, 0x0, 0xf, 0xff, 0xff, 0xf0, 0x0, 0x0, 0x0, 0x0, 0x0, 0x0,
    0x0, 0x0, 0x0, 0x0, 0xf, 0xff, 0xff, 0xf0, 0x0, 0x0, 0x0, 0x0, 0x0, 0x4d, 0xff, 0xff,
    0xff, 0xff, 0xff, 0xff, 0xff, 0xff, 0xff, 0xff, 0xff, 0xff, 0xd4, 0xdf, 0xff, 0xff, 0xff, 0xff,
    0xff, 0xff, 0xff, 0xff, 0xff, 0xff, 0xff, 0xff, 0xfd, 0xff, 0xff, 0xff, 0xff, 0xff, 0xff, 0xff,
    0xff, 0xff, 0xff, 0xff, 0xff, 0xff, 0xff, 0xff, 0xff, 0xff, 0xff, 0xff, 0xff, 0xff, 0xff, 0xff,
    0xff, 0xff, 0xff, 0xff, 0xff, 0xdf, 0xff, 0xff, 0xff, 0xff, 0xff, 0xff, 0xff, 0xff, 0xff, 0xff,
    0xff, 0xff, 0xfd, 0x4d, 0xff, 0xff, 0xff, 0xff, 0xff, 0xff, 0xff, 0xff, 0xff, 0xff, 0xff, 0xff,
    0xd4, 0x0, 0x0, 0x0, 0x0, 0x0, 0xf, 0xff, 0xff, 0xf0, 0x0, 0x0, 0x0, 0x0, 0x0, 0x0,
    0x0, 0x0, 0x0, 0x0, 0xf, 0xff, 0xff, 0xf0, 0x0, 0x0, 0x0, 0x0, 0x0, 0x0, 0x0, 0x0,
    0x0, 0x0, 0xf, 0xff, 0xff, 0xf0, 0x0, 0x0, 0x0, 0x0, 0x0, 0x0, 0x0, 0x0, 0x0, 0x0,
    0xf, 0xff, 0xff, 0xf0, 0x0, 0x0, 0x0, 0x0, 0x0, 0x0, 0x0, 0x0, 0x0, 0x0, 0xf, 0xff,
    0xff, 0xf0, 0x0, 0x0, 0x0, 0x0, 0x0, 0x0, 0x0, 0x0, 0x0, 0x0, 0xf, 0xff, 0xff, 0xf0,
    0x0, 0x0, 0x0, 0x0, 0x0, 0x0, 0x0, 0x0, 0x0, 0x0, 0xf, 0xff, 0xff, 0xf0, 0x0, 0x0,
    0x0, 0x0, 0x0, 0x0, 0x0, 0x0, 0x0, 0x0, 0xf, 0xff, 0xff, 0xf0, 0x0, 0x0, 0x0, 0x0,
    0x0, 0x0, 0x0, 0x0, 0x0, 0x0, 0xf, 0xff, 0xff, 0xf0, 0x0, 0x0, 0x0, 0x0, 0x0, 0x0,
    0x0, 0x0, 0x0, 0x0, 0xd, 0xff, 0xff, 0xd0, 0x0, 0x0, 0x0, 0x0, 0x0, 0x0, 0x0, 0x0,
    0x0, 0x0, 0x4, 0xdf, 0xfd, 0x40, 0x0, 0x0, 0x0, 0x0, 0x0, 0x4d, 0xff, 0xff, 0xff, 0xff,
    0xff, 0xff, 0xff, 0xff, 0xff, 0xff, 0xff, 0xff, 0xd4, 0xdf, 0xff, 0xff, 0xff, 0xff, 0xff, 0xff,
    0xff, 0xff, 0xff, 0xff, 0xff, 0xff, 0xfd, 0xff, 0xff, 0xff, 0xff, 0xff, 0xff, 0xff, 0xff, 0xff,
    0xff, 0xff, 0xff, 0xff, 0xff, 0xff, 0xff, 0xff, 0xff, 0xff, 0xff, 0xff, 0xff, 0xff, 0xff, 0xff,
    0xff, 0xff, 0xff, 0xdf, 0xff, 0xff, 0xff, 0xff, 0xff, 0xff, 0xff, 0xff, 0xff, 0xff, 0xff, 0xff,
    0xfd, 0x4d, 0xff, 0xff, 0xff, 0xff, 0xff, 0xff, 0xff, 0xff, 0xff, 0xff, 0xff, 0xff, 0xd4, 0x0,
    0x0, 0x0, 0x0, 0x0, 0x0, 0x0, 0x0, 0x0, 0x0, 0x0, 0x0, 0x0, 0x0, 0x0, 0x0, 0x8d,
    0x10, 0x0, 0x0, 0x0, 0x0, 0x0, 0x0, 0x0, 0x0, 0x0, 0x0, 0x0, 0x0, 0x0, 0x0, 0x0,
    0x5, 0xff, 0x70, 0x0, 0x0, 0x0, 0x0, 0x0, 0x0, 0x0, 0x0, 0x0, 0x0, 0x0, 0x0, 0x0,
    0x0, 0x0, 0x3e, 0xff, 0xd0, 0x0, 0x0, 0x0, 0x0, 0x0, 0x0, 0x0, 0x0, 0x0, 0x0, 0x0,
    0x0, 0x0, 0x0, 0x4, 0xef, 0xff, 0xf2, 0x0, 0x0, 0x0, 0x0, 0x0, 0x0, 0x0, 0x0, 0x0,
    0x0, 0x0, 0x0, 0x0, 0x1, 0x8f, 0xff, 0xff, 0xf6, 0x0, 0x0, 0x0, 0x0, 0x0, 0x0, 0x0,
    0x0, 0x0, 0x0, 0x0, 0x0, 0x25, 0x9e, 0xff, 0xff, 0xff, 0xf9, 0x0, 0x0, 0x0, 0x0, 0x0,
    0x0, 0x2, 0x7b, 0xde, 0xff, 0xff, 0xff, 0xff, 0xff, 0xff, 0xff, 0xff, 0xfc, 0x0, 0x0, 0x0,
    0x0, 0x0, 0x2, 0xaf, 0xff, 0xff, 0xff, 0xff, 0xff, 0xff, 0xff, 0xff, 0xff, 0xff, 0xfd, 0x0,
    0x0, 0x0, 0x0, 0x0, 0x5e, 0xff, 0xff, 0xff, 0xff, 0xff, 0xff, 0xff, 0xff, 0xff, 0xff, 0xff,
    0xfe, 0x0, 0x0, 0x0, 0x0, 0x7, 0xff, 0xff, 0xff, 0xff, 0xff, 0xff, 0xff, 0xff, 0xff, 0xff,
    0xff, 0xff, 0xff, 0x0, 0x0, 0x0, 0x0, 0x5f, 0xff, 0xff, 0xff, 0xff, 0xff, 0xff, 0xff, 0xff,
    0xff, 0xff, 0xff, 0xff, 0xff, 0x0, 0x0, 0x0, 0x2, 0xef, 0xff, 0xff, 0xff, 0xff, 0xff, 0xff,
    0xff, 0xff, 0xff, 0xff, 0xff, 0xff, 0xfe, 0x0, 0x0, 0x0, 0xa, 0xff, 0xff, 0xff, 0xff, 0xff,
    0xff, 0xff, 0xff, 0xff, 0xff, 0xff, 0xff, 0xff, 0xfc, 0x0, 0x0, 0x0, 0x2f, 0xff, 0xff, 0xff,
    0xff, 0xff, 0xff, 0xff, 0xff, 0xff, 0xff, 0xff, 0xff, 0xff, 0xfb, 0x0, 0x0, 0x0, 0x7f, 0xff,
    0xff, 0xff, 0xff, 0xb9, 0x64, 0x31, 0x10, 0x3f, 0xff, 0xff, 0xff, 0xff, 0xf8, 0x0, 0x0, 0x0,
    0xbf, 0xff, 0xff, 0xd9, 0x40, 0x0, 0x0, 0x0, 0x0, 0x3f, 0xff, 0xff, 0xff, 0xff, 0xf5, 0x0,
    0x0, 0x0, 0xdf, 0xff, 0xb4, 0x0, 0x0, 0x25, 0x8a, 0xce, 0xef, 0xff, 0xff, 0xff, 0xff, 0xff,
    0xf1, 0x0, 0x0, 0x0, 0xef, 0xb3, 0x0, 0x4, 0x9d, 0xff, 0xff, 0xff, 0xff, 0xff, 0xff, 0xff,
    0xff, 0xff, 0xb0, 0x0, 0x0, 0x0, 0xd5, 0x0, 0x18, 0xef, 0xff, 0xff, 0xff, 0xff, 0xff, 0xff,
    0xff, 0xff, 0xff, 0xff, 0x50, 0x0, 0x0, 0x0, 0x10, 0x18, 0xef, 0xff, 0xff, 0xff, 0xff, 0xff,
    0xff, 0xff, 0xff, 0xff, 0xff, 0xfd, 0x0, 0x0, 0x0, 0x0, 0x3, 0xdf, 0xff, 0xff, 0xff, 0xff,
    0xff, 0xff, 0xff, 0xff, 0xff, 0xff, 0xff, 0xf5, 0x0, 0x0, 0x0, 0x0, 0x7f, 0xff, 0xff, 0xff,
    0xff, 0xff, 0xff, 0xff, 0xff, 0xff, 0xff, 0xff, 0xff, 0xb0, 0x0, 0x0, 0x0, 0x9, 0xff, 0xff,
    0xff, 0xff, 0xff, 0xff, 0xff, 0xff, 0xff, 0xff, 0xff, 0xff, 0xfe, 0x20, 0x0, 0x0, 0x0, 0xbf,
    0xff, 0xff, 0xff, 0xff, 0xff, 0xff, 0xff, 0xff, 0xff, 0xff, 0xff, 0xff, 0xf5, 0x0, 0x0, 0x0,
    0xa, 0xff, 0xff, 0xff, 0xff, 0xff, 0xff, 0xff, 0xff, 0xff, 0xff, 0xff, 0xff, 0xff, 0x70, 0x0,
    0x0, 0x0, 0x8f, 0xff, 0xfd, 0x6f, 0xff, 0xff, 0xff, 0xff, 0xff, 0xff, 0xff, 0xff, 0xff, 0xf7,
    0x0, 0x0, 0x0, 0x5, 0xff, 0xff, 0xc1, 0x6, 0xff, 0xff, 0xff, 0xff, 0xff, 0xff, 0xff, 0xff,
    0xfe, 0x50, 0x0, 0x0, 0x0, 0x1d, 0xff, 0xfd, 0x10, 0x0, 0x5e, 0xff, 0xff, 0xff, 0xff, 0xff,
    0xff, 0xff, 0xb2, 0x0, 0x0, 0x0, 0x0, 0x8f, 0xff, 0xf3, 0x0, 0x0, 0x2, 0xaf, 0xff, 0xff,
    0xff, 0xff, 0xff, 0xb4, 0x0, 0x0, 0x0, 0x0, 0x0, 0xef, 0xff, 0x80, 0x0, 0x0, 0x0, 0x2,
    0x8b, 0xef, 0xfe, 0xc9, 0x61, 0x0, 0x0, 0x0, 0x0, 0x0, 0x0, 0xdf, 0xfe, 0x10, 0x0, 0x0,
    0x0, 0x0, 0x0, 0x0, 0x0, 0x0, 0x0, 0x0, 0x0, 0x0, 0x0, 0x0, 0x0, 0x4e, 0xd4, 0x0,
    0x0, 0x0, 0x0, 0x0, 0x0, 0x0, 0x0, 0x0, 0x0, 0x0, 0x0, 0x0, 0x0, 0x0, 0x0, 0x0,
    0x0, 0x0, 0x0, 0x0, 0x0, 0x37, 0xac, 0xde, 0xfd, 0xca, 0x73, 0x0, 0x0, 0x0, 0x0, 0x0,
    0x0, 0x0, 0x0, 0x0, 0x0, 0x1, 0x7d, 0xff, 0xff, 0xff, 0xff, 0xff, 0xff, 0xd7, 0x10, 0x0,
    0x0, 0x0, 0x0, 0x0, 0x0, 0x0, 0x1, 0x7e, 0xff, 0xff, 0xff, 0xff, 0xff, 0xff, 0xff, 0xff,
    0xe7, 0x10, 0x0, 0x0, 0x0, 0x0, 0x0, 0x0, 0x3d, 0xff, 0xff, 0xff, 0xb6, 0x21, 0x12, 0x6b,
    0xff, 0xff, 0xff, 0xd3, 0x0, 0x0, 0x0, 0x0, 0x0, 0x7, 0xff, 0xff, 0xff, 0xd3, 0x0, 0x0,
    0x0, 0x0, 0x3d, 0xff, 0xff, 0xff, 0x70, 0x0, 0x0, 0x0, 0x0, 0x8f, 0xff, 0xff, 0xfb, 0x10,
    0x0, 0x0, 0x0, 0x0, 0x1, 0xbf, 0xff, 0xff, 0xf8, 0x0, 0x0, 0x0, 0x9, 0xff, 0xff, 0xff,
    0xd1, 0x0, 0x0, 0x5e, 0xec, 0x70, 0x0, 0x1d, 0xff, 0xff, 0xff, 0x90, 0x0, 0x0, 0x6f, 0xff,
    0xff, 0xff, 0x30, 0x0, 0x0, 0x1f, 0xff, 0xfc, 0x20, 0x3, 0xff, 0xff, 0xff, 0xf6, 0x0, 0x3,
    0xff, 0xff, 0xff, 0xfa, 0x0, 0x0, 0x0, 0x1f, 0xff, 0xff, 0xc0, 0x0, 0xbf, 0xff, 0xff, 0xff,
    0x30, 0xd, 0xff, 0xff, 0xff, 0xf6, 0x0, 0x0, 0x0, 0x7f, 0xff, 0xff, 0xf7, 0x0, 0x6f, 0xff,
    0xff, 0xff, 0xd0, 0x7f, 0xff, 0xff, 0xff, 0xf2, 0x0, 0x51, 0x17, 0xff, 0xff, 0xff, 0xfc, 0x0,
    0x2f, 0xff, 0xff, 0xff, 0xf7, 0xef, 0xff, 0xff, 0xff, 0xf1, 0x0, 0xef, 0xff, 0xff, 0xff, 0xff,
    0xfe, 0x0, 0x1f, 0xff, 0xff, 0xff, 0xfe, 0xef, 0xff, 0xff, 0xff, 0xf1, 0x0, 0xef, 0xff, 0xff,
    0xff, 0xff, 0xfe, 0x0, 0x1f, 0xff, 0xff, 0xff, 0xfd, 0x7f, 0xff, 0xff, 0xff, 0xf2, 0x0, 0xcf,
    0xff, 0xff, 0xff, 0xff, 0xfc, 0x0, 0x2f, 0xff, 0xff, 0xff, 0xf7, 0xc, 0xff, 0xff, 0xff, 0xf6,
    0x0, 0x6f, 0xff, 0xff, 0xff, 0xff, 0xf6, 0x0, 0x6f, 0xff, 0xff, 0xff, 0xd0, 0x3, 0xff, 0xff,
    0xff, 0xfa, 0x0, 0xc, 0xff, 0xff, 0xff, 0xff, 0xc0, 0x0, 0xbf, 0xff, 0xff, 0xff, 0x30, 0x0,
    0x6f, 0xff, 0xff, 0xff, 0x30, 0x1, 0xcf, 0xff, 0xff, 0xfc, 0x10, 0x3, 0xff, 0xff, 0xff, 0xf6,
    0x0, 0x0, 0x7, 0xff, 0xff, 0xff, 0xd1, 0x0, 0x6, 0xce, 0xec, 0x70, 0x0, 0x1d, 0xff, 0xff,
    0xff, 0x90, 0x0, 0x0, 0x0, 0x8f, 0xff, 0xff, 0xfb, 0x10, 0x0, 0x0, 0x0, 0x0, 0x1, 0xbf,
    0xff, 0xff, 0xf8, 0x0, 0x0, 0x0, 0x0, 0x7, 0xff, 0xff, 0xff, 0xd3, 0x0, 0x0, 0x0, 0x0,
    0x3d, 0xff, 0xff, 0xff, 0x70, 0x0, 0x0, 0x0, 0x0, 0x0, 0x4d, 0xff, 0xff, 0xff, 0xa6, 0x21,
    0x12, 0x6a, 0xff, 0xff, 0xff, 0xd3, 0x0, 0x0, 0x0, 0x0, 0x0, 0x0, 0x1, 0x7e, 0xff, 0xff,
    0xff, 0xff, 0xff, 0xff, 0xff, 0xff, 0xe7, 0x10, 0x0, 0x0, 0x0, 0x0, 0x0, 0x0, 0x0, 0x1,
    0x7d, 0xff, 0xff, 0xff, 0xff, 0xff, 0xff, 0xd7, 0x10, 0x0, 0x0, 0x0, 0x0, 0x0, 0x0, 0x0,
    0x0, 0x0, 0x0, 0x37, 0xac, 0xef, 0xfe, 0xca, 0x73, 0x0, 0x0, 0x0, 0x0, 0x0, 0x0, 0x9,
    0xd4, 0x0, 0x0, 0x0, 0x0, 0x0, 0x0, 0x0, 0x0, 0x0, 0x0, 0x0, 0x0, 0x0, 0x0, 0x0,
    0x0, 0x0, 0x0, 0x7f, 0xff, 0x80, 0x0, 0x0, 0x0, 0x0, 0x0, 0x0, 0x0, 0x0, 0x0, 0x0,
    0x0, 0x0, 0x0, 0x0, 0x0, 0x0, 0x0, 0xef, 0xff, 0xfb, 0x10, 0x0, 0x0, 0x0, 0x0, 0x0,
    0x0, 0x0, 0x0, 0x0, 0x0, 0x0, 0x0, 0x0, 0x0, 0x0, 0x0, 0x7f, 0xff, 0xff, 0xd3, 0x0,
    0x0, 0x0, 0x0, 0x0, 0x0, 0x0, 0x0, 0x0, 0x0, 0x0, 0x0, 0x0, 0x0, 0x0, 0x0, 0x4,
    0xef, 0xff, 0xff, 0x60, 0x0, 0x0, 0x15, 0x9b, 0xef, 0xfd, 0xca, 0x73, 0x0, 0x0, 0x0, 0x0,
    0x0, 0x0, 0x0, 0x0, 0x2c, 0xff, 0xff, 0xfa, 0x11, 0x7c, 0xff, 0xff, 0xff, 0xff, 0xff, 0xff,
    0xd7, 0x10, 0x0, 0x0, 0x0, 0x0, 0x0, 0x0, 0x0, 0x8f, 0xff, 0xff, 0xde, 0xff, 0xff, 0xff,
    0xff, 0xff, 0xff, 0xff, 0xff, 0xe7, 0x10, 0x0, 0x0, 0x0, 0x0, 0x0, 0x0, 0x5, 0xef, 0xff,
    0xff, 0xff, 0xff, 0xc7, 0x31, 0x12, 0x6b, 0xff, 0xff, 0xff, 0xd3, 0x0, 0x0, 0x0, 0x0, 0x0,
    0x0, 0x0, 0x2d, 0xff, 0xff, 0xff, 0xd4, 0x0, 0x0, 0x0, 0x0, 0x3d, 0xff, 0xff, 0xff, 0x70,
    0x0, 0x0, 0x0, 0x0, 0x0, 0x0, 0x1, 0xaf, 0xff, 0xff, 0xc2, 0x0, 0x0, 0x0, 0x0, 0x1,
    0xbf, 0xff, 0xff, 0xf8, 0x0, 0x0, 0x0, 0x0, 0x0, 0x0, 0x0, 0x6, 0xff, 0xff, 0xfe, 0x40,
    0x5e, 0xec, 0x70, 0x0, 0x1d, 0xff, 0xff, 0xff, 0x90, 0x0, 0x0, 0x0, 0x0, 0x20, 0x0, 0x0,
    0x3d, 0xff, 0xff, 0xf7, 0x1f, 0xff, 0xfc, 0x20, 0x3, 0xff, 0xff, 0xff, 0xf6, 0x0, 0x0, 0x0,
    0x3, 0xf9, 0x0, 0x0, 0x1, 0xbf, 0xff, 0xff, 0xbf, 0xff, 0xff, 0xc0, 0x0, 0xbf, 0xff, 0xff,
    0xff, 0x30, 0x0, 0x0, 0xc, 0xff, 0xc2, 0x0, 0x0, 0x8, 0xff, 0xff, 0xff, 0xff, 0xff, 0xf7,
    0x0, 0x6f, 0xff, 0xff, 0xff, 0xd0, 0x0, 0x0, 0x7f, 0xff, 0xfe, 0x40, 0x0, 0x0, 0x4e, 0xff,
    0xff, 0xff, 0xff, 0xfc, 0x0, 0x2f, 0xff, 0xff, 0xff, 0xf7, 0x0, 0x0, 0xef, 0xff, 0xff, 0xf8,
    0x0, 0x0, 0x2, 0xcf, 0xff, 0xff, 0xff, 0xfe, 0x0, 0x1f, 0xff, 0xff, 0xff, 0xfe, 0x0, 0x0,
    0xef, 0xff, 0xff, 0xff, 0xb0, 0x0, 0x0, 0x9, 0xff, 0xff, 0xff, 0xfe, 0x0, 0x1f, 0xff, 0xff,
    0xff, 0xfd, 0x0, 0x0, 0x7f, 0xff, 0xff, 0xff, 0xf3, 0x0, 0x0, 0x0, 0x6e, 0xff, 0xff, 0xfc,
    0x0, 0x3f, 0xff, 0xff, 0xff, 0xf7, 0x0, 0x0, 0xd, 0xff, 0xff, 0xff, 0xf6, 0x0, 0x0, 0x0,
    0x3, 0xdf, 0xff, 0xff, 0x70, 0x6f, 0xff, 0xff, 0xff, 0xc0, 0x0, 0x0, 0x3, 0xff, 0xff, 0xff,
    0xfb, 0x0, 0x0, 0x0, 0x0, 0x1a, 0xff, 0xff, 0xfb, 0xcf, 0xff, 0xff, 0xfe, 0x20, 0x0, 0x0,
    0x0, 0x6f, 0xff, 0xff, 0xff, 0x40, 0x0, 0x0, 0x0, 0x0, 0x7f, 0xff, 0xff, 0xff, 0xff, 0xff,
    0xf5, 0x0, 0x0, 0x0, 0x0, 0x9, 0xff, 0xff, 0xff, 0xd1, 0x0, 0x0, 0x0, 0x0, 0x4, 0xef,
    0xff, 0xff, 0xff, 0xff, 0x70, 0x0, 0x0, 0x0, 0x0, 0x0, 0x8f, 0xff, 0xff, 0xfc, 0x10, 0x0,
    0x0, 0x0, 0x0, 0x2c, 0xff, 0xff, 0xff, 0xf8, 0x0, 0x0, 0x0, 0x0, 0x0, 0x0, 0x7, 0xff,
    0xff, 0xff, 0xd4, 0x0, 0x0, 0x0, 0x0, 0x0, 0x8f, 0xff, 0xff, 0xe2, 0x0, 0x0, 0x0, 0x0,
    0x0, 0x0, 0x0, 0x3d, 0xff, 0xff, 0xff, 0xb5, 0x20, 0x12, 0x0, 0x0, 0x5, 0xef, 0xff, 0xfe,
    0x50, 0x0, 0x0, 0x0, 0x0, 0x0, 0x0, 0x1, 0x7e, 0xff, 0xff, 0xff, 0xff, 0xff, 0x70, 0x0,
    0x0, 0x2c, 0xff, 0xff, 0xf8, 0x0, 0x0, 0x0, 0x0, 0x0, 0x0, 0x0, 0x1, 0x7d, 0xff, 0xff,
    0xff, 0xff, 0xfb, 0x10, 0x0, 0x1, 0xaf, 0xff, 0xff, 0xb1, 0x0, 0x0, 0x0, 0x0, 0x0, 0x0,
    0x0, 0x0, 0x37, 0xac, 0xef, 0xfe, 0xca, 0x50, 0x0, 0x0, 0x6, 0xff, 0xff, 0xfe, 0x40, 0x0,
    0x0, 0x0, 0x0, 0x0, 0x0, 0x0, 0x0, 0x0, 0x0, 0x0, 0x0, 0x0, 0x0, 0x0, 0x0, 0x3d,
    0xff, 0xff, 0xf7, 0x0, 0x0, 0x0, 0x0, 0x0, 0x0, 0x0, 0x0, 0x0, 0x0, 0x0, 0x0, 0x0,
    0x0, 0x0, 0x0, 0x1, 0xbf, 0xff, 0xfe, 0x0, 0x0, 0x0, 0x0, 0x0, 0x0, 0x0, 0x0, 0x0,
    0x0, 0x0, 0x0, 0x0, 0x0, 0x0, 0x0, 0x0, 0x8, 0xff, 0xf7, 0x0, 0x0, 0x0, 0x0, 0x0,
    0x0, 0x0, 0x0, 0x0, 0x0, 0x0, 0x0, 0x0, 0x0, 0x0, 0x0, 0x0, 0x0, 0x4d, 0x90, 0x0,
    0x0, 0x0, 0x0, 0x0, 0x0, 0x0, 0x1, 0x9e, 0xe9, 0x10, 0x0, 0x0, 0x0, 0x0, 0x0, 0x0,
    0x0, 0x0, 0x0, 0x0, 0x0, 0x0, 0x0, 0x0, 0x9, 0xff, 0xff, 0x90, 0x0, 0x0, 0x0, 0x0,
    0x0, 0x0, 0x0, 0x0, 0x0, 0x0, 0x0, 0x0, 0x0, 0x0, 0x3f, 0xff, 0xff, 0xf3, 0x0, 0x0,
    0x0, 0x0, 0x0, 0x0, 0x0, 0x0, 0x0, 0x0, 0x0, 0x0, 0x0, 0x0, 0xcf, 0xff, 0xff, 0xfc,
    0x0, 0x0, 0x0, 0x0, 0x0, 0x0, 0x0, 0x0, 0x0, 0x0, 0x0, 0x0, 0x0, 0x5, 0xff, 0xff,
    0xff, 0xff, 0x50, 0x0, 0x0, 0x0, 0x0, 0x0, 0x0, 0x0, 0x0, 0x0, 0x0, 0x0, 0x0, 0x1d,
    0xff, 0xff, 0xff, 0xff, 0xd1, 0x0, 0x0, 0x0, 0x0, 0x0, 0x0, 0x0, 0x0, 0x0, 0x0, 0x0,
    0x0, 0x8f, 0xff, 0xff, 0xff, 0xff, 0xf8, 0x0, 0x0, 0x0, 0x0, 0x0, 0x0, 0x0, 0x0, 0x0,
    0x0, 0x0, 0x2, 0xff, 0xff, 0xff, 0xff, 0xff, 0xfe, 0x20, 0x0, 0x0, 0x0, 0x0, 0x0, 0x0,
    0x0, 0x0, 0x0, 0x0, 0xa, 0xff, 0xff, 0xff, 0xff, 0xff, 0xff, 0xa0, 0x0, 0x0, 0x0, 0x0,
    0x0, 0x0, 0x0, 0x0, 0x0, 0x0, 0x4f, 0xff, 0xff, 0xff, 0xff, 0xff, 0xff, 0xf4, 0x0, 0x0,
    0x0, 0x0, 0x0, 0x0, 0x0, 0x0, 0x0, 0x0, 0xcf, 0xff, 0xff, 0xff, 0xff, 0xff, 0xff, 0xfc,
    0x0, 0x0, 0x0, 0x0, 0x0, 0x0, 0x0, 0x0, 0x0, 0x6, 0xff, 0xff, 0xf6, 0x0, 0x0, 0x6f,
    0xff, 0xff, 0x60, 0x0, 0x0, 0x0, 0x0, 0x0, 0x0, 0x0, 0x0, 0x1e, 0xff, 0xff, 0xf4, 0x0,
    0x0, 0x4f, 0xff, 0xff, 0xe1, 0x0, 0x0, 0x0, 0x0, 0x0, 0x0, 0x0, 0x0, 0x8f, 0xff, 0xff,
    0xf5, 0x0, 0x0, 0x5f, 0xff, 0xff, 0xf8, 0x0, 0x0, 0x0, 0x0, 0x0, 0x0, 0x0, 0x2, 0xff,
    0xff, 0xff, 0xf6, 0x0, 0x0, 0x6f, 0xff, 0xff, 0xff, 0x20, 0x0, 0x0, 0x0, 0x0, 0x0, 0x0,
    0xb, 0xff, 0xff, 0xff, 0xf7, 0x0, 0x0, 0x7f, 0xff, 0xff, 0xff, 0xb0, 0x0, 0x0, 0x0, 0x0,
    0x0, 0x0, 0x4f, 0xff, 0xff, 0xff, 0xf8, 0x0, 0x0, 0x8f, 0xff, 0xff, 0xff, 0xf4, 0x0, 0x0,
    0x0, 0x0, 0x0, 0x0, 0xdf, 0xff, 0xff, 0xff, 0xf9, 0x0, 0x0, 0x9f, 0xff, 0xff, 0xff, 0xfd,
    0x0, 0x0, 0x0, 0x0, 0x0, 0x7, 0xff, 0xff, 0xff, 0xff, 0xfa, 0x0, 0x0, 0xaf, 0xff, 0xff,
    0xff, 0xff, 0x60, 0x0, 0x0, 0x0, 0x0, 0x1e, 0xff, 0xff, 0xff, 0xff, 0xfb, 0x0, 0x0, 0xbf,
    0xff, 0xff, 0xff, 0xff, 0xe1, 0x0, 0x0, 0x0, 0x0, 0x9f, 0xff, 0xff, 0xff, 0xff, 0xfd, 0x10,
    0x1, 0xdf, 0xff, 0xff, 0xff, 0xff, 0xf9, 0x0, 0x0, 0x0, 0x3, 0xff, 0xff, 0xff, 0xff, 0xff,
    0xff, 0xff, 0xff, 0xff, 0xff, 0xff, 0xff, 0xff, 0xff, 0x30, 0x0, 0x0, 0xb, 0xff, 0xff, 0xff,
    0xff, 0xff, 0xff, 0x93, 0x39, 0xff, 0xff, 0xff, 0xff, 0xff, 0xff, 0xb0, 0x0, 0x0, 0x5f, 0xff,
    0xff, 0xff, 0xff, 0xff, 0xf9, 0x0, 0x0, 0x9f, 0xff, 0xff, 0xff, 0xff, 0xff, 0xf5, 0x0, 0x0,
    0xdf, 0xff, 0xff, 0xff, 0xff, 0xff, 0xf3, 0x0, 0x0, 0x3f, 0xff, 0xff, 0xff, 0xff, 0xff, 0xfd,
    0x0, 0x7, 0xff, 0xff, 0xff, 0xff, 0xff, 0xff, 0xf3, 0x0, 0x0, 0x3f, 0xff, 0xff, 0xff, 0xff,
    0xff, 0xff, 0x70, 0x1e, 0xff, 0xff, 0xff, 0xff, 0xff, 0xff, 0xf9, 0x0, 0x0, 0x9f, 0xff, 0xff,
    0xff, 0xff, 0xff, 0xff, 0xe1, 0x9f, 0xff, 0xff, 0xff, 0xff, 0xff, 0xff, 0xff, 0x93, 0x39, 0xff,
    0xff, 0xff, 0xff, 0xff, 0xff, 0xff, 0xf9, 0xef, 0xff, 0xff, 0xff, 0xff, 0xff, 0xff, 0xff, 0xff,
    0xff, 0xff, 0xff, 0xff, 0xff, 0xff, 0xff, 0xff, 0xfe, 0xef, 0xff, 0xff, 0xff, 0xff, 0xff, 0xff,
    0xff, 0xff, 0xff, 0xff, 0xff, 0xff, 0xff, 0xff, 0xff, 0xff, 0xfe, 0x8f, 0xff, 0xff, 0xff, 0xff,
    0xff, 0xff, 0xff, 0xff, 0xff, 0xff, 0xff, 0xff, 0xff, 0xff, 0xff, 0xff, 0xf8, 0x9, 0xef, 0xff,
    0xff, 0xff, 0xff, 0xff, 0xff, 0xff, 0xff, 0xff, 0xff, 0xff, 0xff, 0xff, 0xff, 0xfe, 0x90, 0x0,
    0x0, 0x0, 0x0, 0x0, 0x0, 0x0, 0x0, 0x0, 0x0, 0x0, 0x0, 0x8e, 0x90, 0x0, 0x0, 0x0,
    0x0, 0x0, 0x0, 0x0, 0x0, 0x0, 0x0, 0x0, 0x0, 0x0, 0x0, 0xff, 0xf9, 0x0, 0x0, 0x0,
    0x0, 0x0, 0x0, 0x0, 0x0, 0x0, 0x0, 0x0, 0x0, 0x0, 0x0, 0xff, 0xff, 0x90, 0x0, 0x0,
    0x0, 0x0, 0x0, 0x0, 0x0, 0x0, 0x0, 0x0, 0x0, 0x0, 0x0, 0xff, 0xff, 0xf9, 0x0, 0xdf,
    0xff, 0xff, 0xff, 0x70, 0x0, 0x0, 0x0, 0x0, 0x7, 0xff, 0xff, 0xff, 0xff, 0xff, 0x90, 0xff,
    0xff, 0xff, 0xff, 0xf6, 0x0, 0x0, 0x0, 0x0, 0x6f, 0xff, 0xff, 0xff, 0xff, 0xff, 0xf9, 0xff,
    0xff, 0xff, 0xff, 0xff, 0x50, 0x0, 0x0, 0x5, 0xff, 0xff, 0xff, 0xff, 0xff, 0xff, 0xfe, 0xff,
    0xff, 0xff, 0xff, 0xff, 0xf4, 0x0, 0x0, 0x4f, 0xff, 0xff, 0xff, 0xff, 0xff, 0xff, 0xf9, 0xdf,
    0xff, 0xff, 0xff, 0xff, 0xff, 0x40, 0x4, 0xff, 0xff, 0xff, 0xff, 0xff, 0xff, 0xff, 0x90, 0x0,
    0x0, 0x0, 0x8f, 0xff, 0xfe, 0x30, 0x3e, 0xff, 0xff, 0xf8, 0x0, 0xff, 0xff, 0xf9, 0x0, 0x0,
    0x0, 0x0, 0x9, 0xff, 0xe4, 0x2, 0xef, 0xff, 0xff, 0x90, 0x0, 0xff, 0xff, 0x90, 0x0, 0x0,
    0x0, 0x0, 0x0, 0xaf, 0x40, 0x2d, 0xff, 0xff, 0xfa, 0x0, 0x0, 0xff, 0xf9, 0x0, 0x0, 0x0,
    0x0, 0x0, 0x0, 0x4, 0x1, 0xdf, 0xff, 0xff, 0xb0, 0x0, 0x0, 0x8f, 0x90, 0x0, 0x0, 0x0,
    0x0, 0x0, 0x0, 0x0, 0x1c, 0xff, 0xff, 0xfb, 0x10, 0x0, 0x0, 0x0, 0x0, 0x0, 0x0, 0x0,
    0x0, 0x0, 0x0, 0x1, 0xbf, 0xff, 0xff, 0xc1, 0x0, 0x0, 0x0, 0x0, 0x0, 0x0, 0x0, 0x0,
    0x0, 0x0, 0x0, 0xb, 0xff, 0xff, 0xfd, 0x10, 0x40, 0x0, 0x0, 0x8e, 0x90, 0x0, 0x0, 0x0,
    0x0, 0x0, 0x0, 0xaf, 0xff, 0xff, 0xd2, 0x4, 0xfa, 0x0, 0x0, 0xff, 0xf9, 0x0, 0x0, 0x0,
    0x0, 0x0, 0x9, 0xff, 0xff, 0xfe, 0x20, 0x4e, 0xff, 0x90, 0x0, 0xff, 0xff, 0x90, 0x0, 0x0,
    0x0, 0x0, 0x8f, 0xff, 0xff, 0xe3, 0x3, 0xef, 0xff, 0xf8, 0x0, 0xff, 0xff, 0xf9, 0x0, 0xdf,
    0xff, 0xff, 0xff, 0xff, 0xff, 0x40, 0x4, 0xff, 0xff, 0xff, 0xff, 0xff, 0xff, 0xff, 0x90, 0xff,
    0xff, 0xff, 0xff, 0xff, 0xf4, 0x0, 0x0, 0x5f, 0xff, 0xff, 0xff, 0xff, 0xff, 0xff, 0xf9, 0xff,
    0xff, 0xff, 0xff, 0xff, 0x50, 0x0, 0x0, 0x5, 0xff, 0xff, 0xff, 0xff, 0xff, 0xff, 0xfe, 0xff,
    0xff, 0xff, 0xff, 0xf6, 0x0, 0x0, 0x0, 0x0, 0x6f, 0xff, 0xff, 0xff, 0xff, 0xff, 0xf9, 0xdf,
    0xff, 0xff, 0xff, 0x70, 0x0, 0x0, 0x0, 0x0, 0x7, 0xff, 0xff, 0xff, 0xff, 0xff, 0x90, 0x0,
    0x0, 0x0, 0x0, 0x0, 0x0, 0x0, 0x0, 0x0, 0x0, 0x0, 0x0, 0xff, 0xff, 0xf9, 0x0, 0x0,
    0x0, 0x0, 0x0, 0x0, 0x0, 0x0, 0x0, 0x0, 0x0, 0x0, 0x0, 0xff, 0xff, 0x90, 0x0, 0x0,
    0x0, 0x0, 0x0, 0x0, 0x0, 0x0, 0x0, 0x0, 0x0, 0x0, 0x0, 0xff, 0xf9, 0x0, 0x0, 0x0,
    0x0, 0x0, 0x0, 0x0, 0x0, 0x0, 0x0, 0x0, 0x0, 0x0, 0x0, 0x8f, 0x90, 0x0, 0x0, 0x0,
    0x0, 0x0, 0x0, 0x0, 0x0, 0x4, 0x10, 0x0, 0x0, 0x0, 0x0, 0x0, 0x0, 0x0, 0x0, 0x0,
    0x0, 0x0, 0x0, 0xbf, 0xd2, 0x0, 0x0, 0x0, 0x0, 0x0, 0x0, 0x0, 0x0, 0x0, 0x0, 0x0,
    0xb, 0xff, 0xfd, 0x20, 0x0, 0x0, 0x0, 0x0, 0x0, 0x0, 0x0, 0x0, 0x0, 0x0, 0xbf, 0xff,
    0xff, 0xd2, 0x0, 0x0, 0x0, 0x0, 0x0, 0x0, 0x0, 0x0, 0x0, 0xb, 0xff, 0xff, 0xff, 0xfd,
    0x20, 0x0, 0x0, 0x0, 0x0, 0x0, 0x0, 0x0, 0x0, 0xbf, 0xff, 0xff, 0xff, 0xff, 0xd2, 0x0,
    0x0, 0x0, 0x0, 0x0, 0x0, 0x0, 0xb, 0xff, 0xff, 0xff, 0xff, 0xff, 0xfd, 0x20, 0x0, 0x0,
    0x0, 0x0, 0x0, 0x0, 0xbf, 0xff, 0xff, 0xf7, 0xef, 0xff, 0xff, 0xd2, 0x0, 0x0, 0x0, 0x0,
    0x0, 0xb, 0xff, 0xff, 0xff, 0x50, 0x2e, 0xff, 0xff, 0xfd, 0x20, 0x0, 0x0, 0x0, 0x0, 0xbf,
    0xff, 0xff, 0xf5, 0x0, 0x2, 0xef, 0xff, 0xff, 0xd2, 0x0, 0x0, 0x0, 0xb, 0xff, 0xff, 0xff,
    0x50, 0x0, 0x0, 0x2e, 0xff, 0xff, 0xfd, 0x20, 0x0, 0x0, 0xbf, 0xff, 0xff, 0xf5, 0x0, 0x0,
    0x0, 0x2, 0xef, 0xff, 0xff, 0xd2, 0x0, 0xb, 0xff, 0xff, 0xff, 0x50, 0x0, 0x0, 0x0, 0x0,
    0x2e, 0xff, 0xff, 0xfd, 0x20, 0xaf, 0xff, 0xff, 0xf5, 0x0, 0x0, 0x0, 0x0, 0x0, 0x2, 0xef,
    0xff, 0xff, 0xd1, 0xef, 0xff, 0xff, 0x50, 0x0, 0x0, 0x0, 0x0, 0x0, 0x0, 0x2e, 0xff, 0xff,
    0xf3, 0x7f, 0xff, 0xf5, 0x0, 0x0, 0x0, 0x0, 0x0, 0x0, 0x0, 0x2, 0xef, 0xff, 0xb0, 0x7,
    0xff, 0x50, 0x0, 0x0, 0x0, 0x0, 0x0, 0x0, 0x0, 0x0, 0x2e, 0xfb, 0x0, 0x0, 0x32, 0x0,
    0x0, 0x0, 0x0, 0x0, 0x0, 0x0, 0x0, 0x0, 0x1, 0x30, 0x0, 0x0, 0x32, 0x0, 0x0, 0x0,
    0x0, 0x0, 0x0, 0x0, 0x0, 0x0, 0x1, 0x30, 0x0, 0x7, 0xff, 0x50, 0x0, 0x0, 0x0, 0x0,
    0x0, 0x0, 0x0, 0x0, 0x2e, 0xfb, 0x0, 0x7f, 0xff, 0xf5, 0x0, 0x0, 0x0, 0x0, 0x0, 0x0,
    0x0, 0x2, 0xef, 0xff, 0xb0, 0xef, 0xff, 0xff, 0x50, 0x0, 0x0, 0x0, 0x0, 0x0, 0x0, 0x2e,
    0xff, 0xff, 0xf3, 0xaf, 0xff, 0xff, 0xf5, 0x0, 0x0, 0x0, 0x0, 0x0, 0x2, 0xef, 0xff, 0xff,
    0xd1, 0xb, 0xff, 0xff, 0xff, 0x50, 0x0, 0x0, 0x0, 0x0, 0x2e, 0xff, 0xff, 0xfd, 0x20, 0x0,
    0xbf, 0xff, 0xff, 0xf5, 0x0, 0x0, 0x0, 0x2, 0xef, 0xff, 0xff, 0xd2, 0x0, 0x0, 0xb, 0xff,
    0xff, 0xff, 0x50, 0x0, 0x0, 0x2e, 0xff, 0xff, 0xfd, 0x20, 0x0, 0x0, 0x0, 0xbf, 0xff, 0xff,
    0xf5, 0x0, 0x2, 0xef, 0xff, 0xff, 0xd2, 0x0, 0x0, 0x0, 0x0, 0xb, 0xff, 0xff, 0xff, 0x50,
    0x2e, 0xff, 0xff, 0xfd, 0x20, 0x0, 0x0, 0x0, 0x0, 0x0, 0xbf, 0xff, 0xff, 0xf7, 0xef, 0xff,
    0xff, 0xd2, 0x0, 0x0, 0x0, 0x0, 0x0, 0x0, 0xb, 0xff, 0xff, 0xff, 0xff, 0xff, 0xfd, 0x20,
    0x0, 0x0, 0x0, 0x0, 0x0, 0x0, 0x0, 0xbf, 0xff, 0xff, 0xff, 0xff, 0xd2, 0x0, 0x0, 0x0,
    0x0, 0x0, 0x0, 0x0, 0x0, 0xb, 0xff, 0xff, 0xff, 0xfd, 0x20, 0x0, 0x0, 0x0, 0x0, 0x0,
    0x0, 0x0, 0x0, 0x0, 0xbf, 0xff, 0xff, 0xd2, 0x0, 0x0, 0x0, 0x0, 0x0, 0x0, 0x0, 0x0,
    0x0, 0x0, 0xb, 0xff, 0xfd, 0x20, 0x0, 0x0, 0x0, 0x0, 0x0, 0x0, 0x0, 0x0, 0x0, 0x0,
    0x0, 0xbf, 0xd2, 0x0, 0x0, 0x0, 0x0, 0x0, 0x0, 0x0, 0x0, 0x0, 0x0, 0x0, 0x0, 0x4,
    0x10, 0x0, 0x0, 0x0, 0x0, 0x0, 0x0, 0x0, 0x0, 0x0, 0x1, 0x10, 0x0, 0x0, 0x0, 0x0,
    0x0, 0x0, 0x0, 0x0, 0x0, 0x0, 0x0, 0x0, 0x0, 0x0, 0x0, 0x0, 0x0, 0x0, 0x5f, 0xf5,
    0x0, 0x0, 0x0, 0x0, 0x0, 0x0, 0x0, 0x0, 0x0, 0x0, 0x0, 0x0, 0x0, 0x0, 0x0, 0x0,
    0x0, 0x5, 0xff, 0xff, 0x50, 0x0, 0x0, 0x0, 0x0, 0x0, 0x0, 0x0, 0x0, 0x0, 0x0, 0x0,
    0x0, 0x0, 0x0, 0x0, 0x0, 0x5f, 0xff, 0xff, 0xf5, 0x0, 0x0, 0xbf, 0xff, 0xff, 0xff, 0xff,
    0xff, 0xff, 0xff, 0xf8, 0x0, 0x0, 0x0, 0x0, 0x5, 0xff, 0xff, 0xff, 0xff, 0x50, 0x3, 0xff,
    0xff, 0xff, 0xff, 0xff, 0xff, 0xff, 0xff, 0xff, 0x0, 0x0, 0x0, 0x0, 0x5f, 0xff, 0xff, 0xff,
    0xff, 0xf5, 0x0, 0xcf, 0xff, 0xff, 0xff, 0xff, 0xff, 0xff, 0xff, 0xff, 0x0, 0x0, 0x0, 0x6,
    0xff, 0xff, 0xff, 0xff, 0xff, 0xff, 0x60, 0x1b, 0xff, 0xff, 0xff, 0xff, 0xff, 0xff, 0xff, 0xff,
    0x0, 0x0, 0x0, 0x5f, 0xff, 0xfe, 0xff, 0xff, 0xef, 0xff, 0xf5, 0x0, 0x0, 0x0, 0x0, 0x0,
    0x0, 0x0, 0xff, 0xff, 0x0, 0x0, 0x0, 0xbf, 0xff, 0xe3, 0xff, 0xff, 0x3e, 0xff, 0xfb, 0x0,
    0x0, 0x0, 0x0, 0x0, 0x0, 0x0, 0xff, 0xff, 0x0, 0x0, 0x0, 0x6f, 0xff, 0x40, 0xff, 0xff,
    0x4, 0xff, 0xf6, 0x0, 0x0, 0x0, 0x0, 0x0, 0x0, 0x0, 0xff, 0xff, 0x0, 0x0, 0x0, 0x6,
    0xb4, 0x0, 0xff, 0xff, 0x0, 0x4b, 0x60, 0x0, 0x0, 0x0, 0x0, 0x0, 0x0, 0x0, 0xff, 0xff,
    0x0, 0x0, 0x0, 0x0, 0x0, 0x0, 0xff, 0xff, 0x0, 0x0, 0x0, 0x0, 0x0, 0x0, 0x0, 0x0,
    0x0, 0x0, 0xff, 0xff, 0x0, 0x0, 0x0, 0x0, 0x0, 0x0, 0xff, 0xff, 0x0, 0x0, 0x0, 0x0,
    0x0, 0x0, 0x0, 0x0, 0x0, 0x0, 0xff, 0xff, 0x0, 0x0, 0x0, 0x0, 0x0, 0x0, 0xff, 0xff,
    0x0, 0x0, 0x0, 0x0, 0x0, 0x0, 0x0, 0x0, 0x0, 0x0, 0xff, 0xff, 0x0, 0x0, 0x0, 0x0,
    0x0, 0x0, 0xff, 0xff, 0x0, 0x0, 0x0, 0x0, 0x0, 0x0, 0x0, 0x0, 0x0, 0x0, 0xff, 0xff,
    0x0, 0x0, 0x0, 0x0, 0x0, 0x0, 0xff, 0xff, 0x0, 0x0, 0x0, 0x0, 0x0, 0x0, 0x0, 0x6,
    0xb4, 0x0, 0xff, 0xff, 0x0, 0x4b, 0x60, 0x0, 0x0, 0x0, 0xff, 0xff, 0x0, 0x0, 0x0, 0x0,
    0x0, 0x0, 0x0, 0x6f, 0xff, 0x40, 0xff, 0xff, 0x4, 0xff, 0xf6, 0x0, 0x0, 0x0, 0xff, 0xff,
    0x0, 0x0, 0x0, 0x0, 0x0, 0x0, 0x0, 0xbf, 0xff, 0xe3, 0xff, 0xff, 0x3e, 0xff, 0xfb, 0x0,
    0x0, 0x0, 0xff, 0xff, 0x0, 0x0, 0x0, 0x0, 0x0, 0x0, 0x0, 0x5f, 0xff, 0xfe, 0xff, 0xff,
    0xef, 0xff, 0xf5, 0x0, 0x0, 0x0, 0xff, 0xff, 0xff, 0xff, 0xff, 0xff, 0xff, 0xff, 0xb1, 0x6,
    0xff, 0xff, 0xff, 0xff, 0xff, 0xff, 0x60, 0x0, 0x0, 0x0, 0xff, 0xff, 0xff, 0xff, 0xff, 0xff,
    0xff, 0xff, 0xfc, 0x0, 0x6f, 0xff, 0xff, 0xff, 0xff, 0xf5, 0x0, 0x0, 0x0, 0x0, 0xff, 0xff,
    0xff, 0xff, 0xff, 0xff, 0xff, 0xff, 0xff, 0x30, 0x5, 0xff, 0xff, 0xff, 0xff, 0x50, 0x0, 0x0,
    0x0, 0x0, 0x8f, 0xff, 0xff, 0xff, 0xff, 0xff, 0xff, 0xff, 0xfb, 0x0, 0x0, 0x5f, 0xff, 0xff,
    0xf5, 0x0, 0x0, 0x0, 0x0, 0x0, 0x0, 0x0, 0x0, 0x0, 0x0, 0x0, 0x0, 0x0, 0x0, 0x0,
    0x0, 0x5, 0xff, 0xff, 0x50, 0x0, 0x0, 0x0, 0x0, 0x0, 0x0, 0x0, 0x0, 0x0, 0x0, 0x0,
    0x0, 0x0, 0x0, 0x0, 0x0, 0x0, 0x5f, 0xf5, 0x0, 0x0, 0x0, 0x0, 0x0, 0x0, 0x0, 0x0,
    0x0, 0x0, 0x0, 0x0, 0x0, 0x0, 0x0, 0x0, 0x0, 0x0, 0x1, 0x10, 0x0, 0x0, 0x0, 0x8,
    0xef, 0xff, 0xff, 0xff, 0xff, 0xf8, 0x0, 0x0, 0x0, 0x0, 0x0, 0x0, 0x0, 0x0, 0x0, 0x8f,
    0xff, 0xff, 0xff, 0xff, 0xff, 0xff, 0x80, 0x0, 0x0, 0x0, 0x0, 0x0, 0x0, 0x0, 0x0, 0xef,
    0xff, 0xff, 0xff, 0xff, 0xff, 0xff, 0xf8, 0x0, 0x0, 0x0, 0x0, 0x0, 0x0, 0x0, 0x0, 0xff,
    0xff, 0xff, 0xff, 0xff, 0xff, 0xff, 0xff, 0x80, 0x0, 0x0, 0x0, 0x0, 0x0, 0x0, 0x0, 0xff,
    0xff, 0xff, 0xff, 0xff, 0xff, 0xff, 0xff, 0xff, 0xff, 0xff, 0xff, 0xff, 0xff, 0xfe, 0x80, 0xff,
    0xff, 0xff, 0xff, 0xff, 0xff, 0xff, 0xff, 0xff, 0xff, 0xff, 0xff, 0xff, 0xff, 0xff, 0xf8, 0xff,
    0xff, 0xff, 0xff, 0xff, 0xff, 0xff, 0xff, 0xff, 0xff, 0xff, 0xff, 0xff, 0xff, 0xff, 0xfe, 0xff,
    0xff, 0xff, 0xff, 0xff, 0xff, 0xff, 0xff, 0xff, 0xff, 0xff, 0xff, 0xff, 0xff, 0xff, 0xff, 0xff,
    0xff, 0xff, 0xff, 0xff, 0xff, 0xff, 0xff, 0xff, 0xff, 0xff, 0xff, 0xff, 0xff, 0xff, 0xff, 0xff,
    0xff, 0xff, 0xff, 0xff, 0xff, 0xff, 0xff, 0xff, 0xff, 0xff, 0xff, 0xff, 0xff, 0xff, 0xff, 0xff,
    0xff, 0xff, 0xff, 0xff, 0xff, 0xff, 0xff, 0xff, 0xff, 0xff, 0xff, 0xff, 0xff, 0xff, 0xff, 0xff,
    0xff, 0xff, 0xff, 0xff, 0xff, 0xff, 0xff, 0xff, 0xff, 0xff, 0xff, 0xff, 0xff, 0xff, 0xff, 0xff,
    0xff, 0xff, 0xff, 0xff, 0xff, 0xff, 0xff, 0xff, 0xff, 0xff, 0xff, 0xff, 0xff, 0xff, 0xff, 0xff,
    0xff, 0xff, 0xff, 0xff, 0xff, 0xff, 0xff, 0xff, 0xff, 0xff, 0xff, 0xff, 0xff, 0xff, 0xff, 0xff,
    0xff, 0xff, 0xff, 0xff, 0xff, 0xff, 0xff, 0xff, 0xff, 0xff, 0xff, 0xff, 0xff, 0xff, 0xff, 0xff,
    0xff, 0xff, 0xff, 0xff, 0xff, 0xff, 0xff, 0xff, 0xff, 0xff, 0xff, 0xff, 0xff, 0xff, 0xff, 0xff,
    0xff, 0xff, 0xff, 0xff, 0xff, 0xff, 0xff, 0xff, 0xff, 0xff, 0xff, 0xff, 0xff, 0xff, 0xff, 0xff,
    0xff, 0xff, 0xff, 0xff, 0xff, 0xff, 0xff, 0xff, 0xff, 0xff, 0xff, 0xff, 0xff, 0xff, 0xff, 0xff,
    0xff, 0xff, 0xff, 0xff, 0xff, 0xff, 0xff, 0xff, 0xff, 0xff, 0xff, 0xff, 0xff, 0xff, 0xff, 0xff,
    0xff, 0xff, 0xff, 0xff, 0xff, 0xff, 0xff, 0xff, 0xff, 0xff, 0xff, 0xff, 0xff, 0xff, 0xff, 0xff,
    0xff, 0xff, 0xff, 0xff, 0xff, 0xff, 0xff, 0xff, 0xff, 0xff, 0xff, 0xff, 0xff, 0xff, 0xff, 0xef,
    0xff, 0xff, 0xff, 0xff, 0xff, 0xff, 0xff, 0xff, 0xff, 0xff, 0xff, 0xff, 0xff, 0xff, 0xfe, 0x8f,
    0xff, 0xff, 0xff, 0xff, 0xff, 0xff, 0xff, 0xff, 0xff, 0xff, 0xff, 0xff, 0xff, 0xff, 0xf8, 0x8,
    0xef, 0xff, 0xff, 0xff, 0xff, 0xff, 0xff, 0xff, 0xff, 0xff, 0xff, 0xff, 0xff, 0xfe, 0x80, 0x0,
    0x0, 0x0, 0x0, 0x0, 0x0, 0x0, 0x2c, 0xc2, 0x0, 0x0, 0x0, 0x0, 0x0, 0x0, 0x0, 0x0,
    0x0, 0x0, 0x0, 0x0, 0x0, 0x2, 0xdf, 0xfd, 0x20, 0x0, 0x0, 0x0, 0x0, 0x0, 0x0, 0x0,
    0x0, 0x0, 0x0, 0x0, 0x0, 0x2d, 0xff, 0xff, 0xd2, 0x0, 0x0, 0x0, 0x0, 0x0, 0x0, 0x0,
    0x0, 0x0, 0x0, 0x0, 0x2, 0xdf, 0xff, 0xff, 0xfd, 0x20, 0x0, 0x0, 0x0, 0x0, 0x0, 0x0,
    0x0, 0x0, 0x0, 0x0, 0x2d, 0xff, 0xff, 0xff, 0xff, 0xd2, 0x0, 0x0, 0x0, 0x0, 0x0, 0x0,
    0x0, 0x0, 0x0, 0x2, 0xdf, 0xff, 0xff, 0xff, 0xff, 0xfd, 0x20, 0x0, 0x0, 0x0, 0x0, 0x0,
    0x0, 0x0, 0x0, 0x2d, 0xff, 0xff, 0xff, 0xff, 0xff, 0xff, 0xd2, 0x0, 0x0, 0x0, 0x0, 0x0,
    0x0, 0x0, 0x2, 0xdf, 0xff, 0xff, 0xff, 0xff, 0xff, 0xff, 0xfd, 0x20, 0x0, 0x0, 0x0, 0x0,
    0x0, 0x0, 0x2d, 0xff, 0xff, 0xff, 0xff, 0xff, 0xff, 0xff, 0xff, 0xd2, 0x0, 0x0, 0x0, 0x0,
    0x0, 0x2, 0xdf, 0xff, 0xff, 0xff, 0xff, 0xff, 0xff, 0xff, 0xff, 0xfd, 0x20, 0x0, 0x0, 0x0,
    0x0, 0xa, 0xff, 0xff, 0xff, 0xff, 0xff, 0xff, 0xff, 0xff, 0xff, 0xff, 0xa0, 0x0, 0x0, 0x0,
    0x0, 0x6, 0xff, 0xff, 0xff, 0xff, 0xff, 0xff, 0xff, 0xff, 0xff, 0xff, 0x60, 0x0, 0x0, 0x0,
    0x0, 0x0, 0x0, 0x0, 0x0, 0xff, 0xff, 0xff, 0xff, 0x0, 0x0, 0x0, 0x0, 0x0, 0x0, 0x0,
    0x0, 0x0, 0x0, 0x0, 0x0, 0xff, 0xff, 0xff, 0xff, 0x0, 0x0, 0x0, 0x0, 0x0, 0x0, 0x0,
    0x0, 0x0, 0x0, 0x0, 0x0, 0xff, 0xff, 0xff, 0xff, 0x0, 0x0, 0x0, 0x0, 0x0, 0x0, 0x0,
    0x0, 0x0, 0x0, 0x0, 0x0, 0xff, 0xff, 0xff, 0xff, 0x0, 0x0, 0x0, 0x0, 0x0, 0x0, 0x0,
    0x0, 0x0, 0x0, 0x0, 0x0, 0xff, 0xff, 0xff, 0xff, 0x0, 0x0, 0x0, 0x0, 0x0, 0x0, 0x0,
    0x0, 0x0, 0x0, 0x0, 0x0, 0xff, 0xff, 0xff, 0xff, 0x0, 0x0, 0x0, 0x0, 0x0, 0x0, 0x0,
    0x0, 0x0, 0x0, 0x0, 0x0, 0xff, 0xff, 0xff, 0xff, 0x0, 0x0, 0x0, 0x0, 0x0, 0x0, 0x0,
    0x0, 0x0, 0x0, 0x0, 0x0, 0xff, 0xff, 0xff, 0xff, 0x0, 0x0, 0x0, 0x0, 0x0, 0x0, 0x0,
    0x0, 0x0, 0x0, 0x0, 0x0, 0xff, 0xff, 0xff, 0xff, 0x0, 0x0, 0x0, 0x0, 0x0, 0x0, 0x0,
    0x0, 0x0, 0x0, 0x0, 0x0, 0xff, 0xff, 0xff, 0xff, 0x0, 0x0, 0x0, 0x0, 0x0, 0x0, 0x8f,
    0xff, 0xff, 0xff, 0xff, 0x0, 0xff, 0xff, 0xff, 0xff, 0x0, 0xff, 0xff, 0xff, 0xff, 0xf8, 0xff,
    0xff, 0xff, 0xff, 0xff, 0x30, 0x7e, 0xee, 0xee, 0xe7, 0x3, 0xff, 0xff, 0xff, 0xff, 0xff, 0xff,
    0xff, 0xff, 0xff, 0xff, 0xa0, 0x0, 0x0, 0x0, 0x0, 0xb, 0xff, 0xff, 0xff, 0xff, 0xff, 0xff,
    0xff, 0xff, 0xff, 0xff, 0xfc, 0x42, 0x11, 0x11, 0x24, 0xcf, 0xff, 0xff, 0xff, 0xff, 0xff, 0xff,
    0xff, 0xff, 0xff, 0xff, 0xff, 0xff, 0xff, 0xff, 0xff, 0xff, 0xff, 0xff, 0xff, 0xff, 0xff, 0xff,
    0xff, 0xff, 0xff, 0xff, 0xff, 0xff, 0xff, 0xff, 0xff, 0xff, 0xde, 0xff, 0xde, 0xff, 0xff, 0xff,
    0xff, 0xff, 0xff, 0xff, 0xff, 0xff, 0xff, 0xff, 0xff, 0xfd, 0x2, 0xfa, 0x1, 0xdf, 0xff, 0xff,
    0xff, 0xff, 0xff, 0xff, 0xff, 0xff, 0xff, 0xff, 0xff, 0xfd, 0x13, 0xfb, 0x1, 0xef, 0xff, 0xff,
    0xff, 0xff, 0xff, 0xff, 0xff, 0xff, 0xff, 0xff, 0xff, 0xff, 0xef, 0xff, 0xee, 0xff, 0xff, 0x8f,
    0xff, 0xff, 0xff, 0xff, 0xff, 0xff, 0xff, 0xff, 0xff, 0xff, 0xff, 0xff, 0xff, 0xff, 0xf8, 0x0,
    0x0, 0x0, 0x0, 0x0, 0x0, 0x0, 0x0, 0x0, 0x0, 0x0, 0x2e, 0xda, 0x63, 0x0, 0x0, 0x0,
    0x0, 0x0, 0x0, 0x0, 0x0, 0x0, 0x0, 0x0, 0x0, 0x0, 0xaf, 0xff, 0xff, 0xeb, 0x82, 0x0,
    0x0, 0x0, 0x0, 0x0, 0x0, 0x0, 0x0, 0x0, 0x0, 0x1, 0xff, 0xff, 0xff, 0xff, 0xfd, 0x0,
    0x0, 0x0, 0x0, 0x0, 0x0, 0x0, 0x0, 0x0, 0x0, 0x8, 0xff, 0xff, 0xff, 0xff, 0xff, 0x0,
    0x0, 0x0, 0x0, 0x0, 0x0, 0x0, 0x0, 0x0, 0x0, 0xe, 0xff, 0xff, 0xff, 0xff, 0xfe, 0x0,
    0x0, 0x0, 0x0, 0x0, 0x0, 0x0, 0x0, 0x0, 0x0, 0x5f, 0xff, 0xff, 0xff, 0xff, 0xfd, 0x0,
    0x0, 0x0, 0x0, 0x0, 0x0, 0x0, 0x0, 0x0, 0x0, 0xcf, 0xff, 0xff, 0xff, 0xff, 0xfc, 0x0,
    0x0, 0x0, 0x0, 0x0, 0x0, 0x0, 0x0, 0x0, 0x3, 0xff, 0xff, 0xff, 0xff, 0xff, 0xfa, 0x0,
    0x0, 0x0, 0x0, 0x0, 0x0, 0x0, 0x0, 0x0, 0x7, 0xff, 0xff, 0xff, 0xff, 0xff, 0xf8, 0x0,
    0x0, 0x0, 0x0, 0x0, 0x0, 0x0, 0x0, 0x0, 0x2, 0xdf, 0xff, 0xff, 0xff, 0xff, 0xf4, 0x0,
    0x0, 0x0, 0x0, 0x0, 0x0, 0x0, 0x0, 0x0, 0x0, 0x1c, 0xff, 0xff, 0xff, 0xff, 0xf1, 0x0,
    0x0, 0x0, 0x0, 0x0, 0x0, 0x0, 0x0, 0x0, 0x0, 0x0, 0xaf, 0xff, 0xff, 0xff, 0xc0, 0x0,
    0x0, 0x0, 0x0, 0x0, 0x0, 0x0, 0x0, 0x0, 0x0, 0x0, 0x8, 0xff, 0xff, 0xff, 0x70, 0x0,
    0x0, 0x0, 0x0, 0x0, 0x0, 0x0, 0x0, 0x0, 0x0, 0x0, 0x9, 0xff, 0xff, 0xff, 0x20, 0x0,
    0x0, 0x0, 0x0, 0x0, 0x0, 0x0, 0x0, 0x0, 0x0, 0x0, 0x2f, 0xff, 0xff, 0xfa, 0x0, 0x0,
    0x0, 0x0, 0x0, 0x0, 0x0, 0x0, 0x0, 0x0, 0x0, 0x0, 0xbf, 0xff, 0xff, 0xf3, 0x0, 0x0,
    0x0, 0x0, 0x0, 0x0, 0x0, 0x0, 0x0, 0x0, 0x0, 0x6, 0xff, 0xff, 0xff, 0xb0, 0x0, 0x0,
    0x0, 0x0, 0x0, 0x0, 0x0, 0x0, 0x0, 0x0, 0x0, 0x3f, 0xff, 0xff, 0xff, 0x30, 0x0, 0x0,
    0x0, 0x0, 0x0, 0x0, 0x0, 0x0, 0x0, 0x0, 0x2, 0xef, 0xff, 0xff, 0xf8, 0x0, 0x0, 0x0,
    0x0, 0x0, 0x3, 0x72, 0x0, 0x0, 0x0, 0x0, 0x2d, 0xff, 0xff, 0xff, 0xc1, 0x0, 0x0, 0x0,
    0x0, 0x5, 0xbf, 0xfe, 0x20, 0x0, 0x0, 0x3, 0xdf, 0xff, 0xff, 0xfe, 0x20, 0x0, 0x0, 0x0,
    0x17, 0xdf, 0xff, 0xff, 0xc1, 0x0, 0x0, 0x6e, 0xff, 0xff, 0xff, 0xf5, 0x0, 0x0, 0x0, 0x29,
    0xff, 0xff, 0xff, 0xff, 0xfa, 0x0, 0x2b, 0xff, 0xff, 0xff, 0xff, 0x60, 0x0, 0x0, 0x0, 0xdf,
    0xff, 0xff, 0xff, 0xff, 0xff, 0x89, 0xff, 0xff, 0xff, 0xff, 0xf7, 0x0, 0x0, 0x0, 0x0, 0xdf,
    0xff, 0xff, 0xff, 0xff, 0xff, 0xff, 0xff, 0xff, 0xff, 0xff, 0x60, 0x0, 0x0, 0x0, 0x0, 0xaf,
    0xff, 0xff, 0xff, 0xff, 0xff, 0xff, 0xff, 0xff, 0xff, 0xe5, 0x0, 0x0, 0x0, 0x0, 0x0, 0x7f,
    0xff, 0xff, 0xff, 0xff, 0xff, 0xff, 0xff, 0xff, 0xfc, 0x20, 0x0, 0x0, 0x0, 0x0, 0x0, 0x3f,
    0xff, 0xff, 0xff, 0xff, 0xff, 0xff, 0xff, 0xff, 0x81, 0x0, 0x0, 0x0, 0x0, 0x0, 0x0, 0xe,
    0xff, 0xff, 0xff, 0xff, 0xff, 0xff, 0xff, 0xb3, 0x0, 0x0, 0x0, 0x0, 0x0, 0x0, 0x0, 0xb,
    0xff, 0xff, 0xff, 0xff, 0xff, 0xff, 0xa3, 0x0, 0x0, 0x0, 0x0, 0x0, 0x0, 0x0, 0x0, 0x8,
    0xff, 0xff, 0xff, 0xff, 0xfc, 0x72, 0x0, 0x0, 0x0, 0x0, 0x0, 0x0, 0x0, 0x0, 0x0, 0x2,
    0xdf, 0xed, 0xca, 0x84, 0x10, 0x0, 0x0, 0x0, 0x0, 0x0, 0x0, 0x0, 0x0, 0x0, 0x0, 0x0,
    0x7, 0xce, 0xec, 0x70, 0x0, 0x0, 0x0, 0x0, 0x0, 0x0, 0x0, 0x0, 0x0, 0x2, 0xcf, 0xff,
    0xff, 0xfc, 0x20, 0x0, 0x0, 0x0, 0x0, 0x5, 0xbe, 0xec, 0x60, 0xc, 0xff, 0xff, 0xff, 0xff,
    0xc0, 0x0, 0x0, 0x0, 0x0, 0x8f, 0xff, 0xff, 0xfa, 0x7f, 0xff, 0xff, 0xff, 0xff, 0xf7, 0x0,
    0x0, 0x0, 0x9, 0xff, 0xff, 0xff, 0xfc, 0xcf, 0xff, 0xb2, 0x2b, 0xff, 0xfc, 0x0, 0x0, 0x0,
    0x9f, 0xff, 0xff, 0xff, 0xc1, 0xef, 0xff, 0x20, 0x2, 0xff, 0xfe, 0x0, 0x0, 0x9, 0xff, 0xff,
    0xff, 0xfc, 0x10, 0xef, 0xff, 0x20, 0x2, 0xff, 0xfe, 0x0, 0x0, 0x9f, 0xff, 0xff, 0xff, 0xc1,
    0x0, 0xcf, 0xff, 0xb2, 0x2b, 0xff, 0xfc, 0x0, 0x9, 0xff, 0xff, 0xff, 0xfc, 0x10, 0x0, 0x7f,
    0xff, 0xff, 0xff, 0xff, 0xfc, 0x10, 0x9f, 0xff, 0xff, 0xff, 0xc1, 0x0, 0x0, 0xc, 0xff, 0xff,
    0xff, 0xff, 0xff, 0xc9, 0xff, 0xff, 0xff, 0xfc, 0x10, 0x0, 0x0, 0x2, 0xcf, 0xff, 0xff, 0xff,
    0xff, 0xff, 0xff, 0xff, 0xff, 0xc1, 0x0, 0x0, 0x0, 0x0, 0x7, 0xce, 0xff, 0xff, 0xff, 0xff,
    0xff, 0xff, 0xfc, 0x10, 0x0, 0x0, 0x0, 0x0, 0x0, 0x0, 0x9, 0xff, 0xff, 0xff, 0xff, 0xff,
    0xc1, 0x0, 0x0, 0x0, 0x0, 0x0, 0x0, 0x0, 0x0, 0x9f, 0xff, 0xff, 0xff, 0xfc, 0x10, 0x0,
    0x0, 0x0, 0x0, 0x0, 0x0, 0x0, 0x0, 0x9f, 0xff, 0xff, 0xff, 0xfc, 0x10, 0x0, 0x0, 0x0,
    0x0, 0x0, 0x0, 0x0, 0x9, 0xff, 0xff, 0xff, 0xff, 0xff, 0xc1, 0x0, 0x0, 0x0, 0x0, 0x0,
    0x7, 0xce, 0xff, 0xff, 0xff, 0xff, 0xff, 0xff, 0xfc, 0x10, 0x0, 0x0, 0x0, 0x2, 0xcf, 0xff,
    0xff, 0xff, 0xff, 0xff, 0xff, 0xff, 0xff, 0xc1, 0x0, 0x0, 0x0, 0xc, 0xff, 0xff, 0xff, 0xff,
    0xff, 0xc9, 0xff, 0xff, 0xff, 0xfc, 0x10, 0x0, 0x0, 0x7f, 0xff, 0xff, 0xff, 0xff, 0xfc, 0x10,
    0x9f, 0xff, 0xff, 0xff, 0xc1, 0x0, 0x0, 0xcf, 0xff, 0xb2, 0x2b, 0xff, 0xfc, 0x0, 0x9, 0xff,
    0xff, 0xff, 0xfc, 0x10, 0x0, 0xef, 0xff, 0x20, 0x2, 0xff, 0xfe, 0x0, 0x0, 0x9f, 0xff, 0xff,
    0xff, 0xc1, 0x0, 0xef, 0xff, 0x20, 0x2, 0xff, 0xfe, 0x0, 0x0, 0x9, 0xff, 0xff, 0xff, 0xfc,
    0x10, 0xcf, 0xff, 0xb2, 0x2b, 0xff, 0xfc, 0x0, 0x0, 0x0, 0x9f, 0xff, 0xff, 0xff, 0xc1, 0x7f,
    0xff, 0xff, 0xff, 0xff, 0xf7, 0x0, 0x0, 0x0, 0x9, 0xff, 0xff, 0xff, 0xfc, 0xc, 0xff, 0xff,
    0xff, 0xff, 0xc0, 0x0, 0x0, 0x0, 0x0, 0x8f, 0xff, 0xff, 0xfa, 0x2, 0xcf, 0xff, 0xff, 0xfc,
    0x20, 0x0, 0x0, 0x0, 0x0, 0x5, 0xbe, 0xec, 0x60, 0x0, 0x7, 0xce, 0xec, 0x70, 0x0, 0x0,
    0x0, 0x0, 0x0, 0x0, 0x0, 0x0, 0x0, 0x0, 0x0, 0x0, 0x0, 0x8f, 0xff, 0xff, 0xff, 0xff,
    0xff, 0x0, 0xe7, 0x0, 0x0, 0x0, 0x0, 0x0, 0x0, 0xff, 0xff, 0xff, 0xff, 0xff, 0xff, 0x0,
    0xff, 0x80, 0x0, 0x0, 0x0, 0x0, 0x0, 0xff, 0xff, 0xff, 0xff, 0xff, 0xff, 0x0, 0xff, 0xf8,
    0x0, 0x0, 0x0, 0x0, 0x0, 0xff, 0xff, 0xff, 0xff, 0xff, 0xff, 0x0, 0xff, 0xff, 0x80, 0x0,
    0x0, 0x0, 0x0, 0xff, 0xff, 0xff, 0xff, 0xff, 0xff, 0x0, 0xff, 0xff, 0xf7, 0x0, 0x0, 0x0,
    0x0, 0xff, 0xff, 0xff, 0xff, 0xff, 0xff, 0x0, 0xff, 0xff, 0xfe, 0x8f, 0xff, 0xff, 0x0, 0xff,
    0xff, 0xff, 0xff, 0xff, 0xff, 0x0, 0x0, 0x0, 0x0, 0xff, 0xff, 0xff, 0x0, 0xff, 0xff, 0xff,
    0xff, 0xff, 0xff, 0x70, 0x0, 0x0, 0x0, 0xff, 0xff, 0xff, 0x0, 0xff, 0xff, 0xff, 0xff, 0xff,
    0xff, 0xff, 0xff, 0xff, 0xff, 0xff, 0xff, 0xff, 0x0, 0xff, 0xff, 0xff, 0xff, 0xff, 0xff, 0xff,
    0xff, 0xff, 0xff, 0xff, 0xff, 0xff, 0x0, 0xff, 0xff, 0xff, 0xff, 0xff, 0xff, 0xff, 0xff, 0xff,
    0xff, 0xff, 0xff, 0xff, 0x0, 0xff, 0xff, 0xff, 0xff, 0xff, 0xff, 0xff, 0xff, 0xff, 0xff, 0xff,
    0xff, 0xff, 0x0, 0xff, 0xff, 0xff, 0xff, 0xff, 0xff, 0xff, 0xff, 0xff, 0xff, 0xff, 0xff, 0xff,
    0x0, 0xff, 0xff, 0xff, 0xff, 0xff, 0xff, 0xff, 0xff, 0xff, 0xff, 0xff, 0xff, 0xff, 0x0, 0xff,
    0xff, 0xff, 0xff, 0xff, 0xff, 0xff, 0xff, 0xff, 0xff, 0xff, 0xff, 0xff, 0x0, 0xff, 0xff, 0xff,
    0xff, 0xff, 0xff, 0xff, 0xff, 0xff, 0xff, 0xff, 0xff, 0xff, 0x0, 0xff, 0xff, 0xff, 0xff, 0xff,
    0xff, 0xff, 0xff, 0xff, 0xff, 0xff, 0xff, 0xff, 0x0, 0xff, 0xff, 0xff, 0xff, 0xff, 0xff, 0xff,
    0xff, 0xff, 0xff, 0xff, 0xff, 0xff, 0x0, 0xff, 0xff, 0xff, 0xff, 0xff, 0xff, 0xff, 0xff, 0xff,
    0xff, 0xff, 0xff, 0xff, 0x0, 0xff, 0xff, 0xff, 0xff, 0xff, 0xff, 0xff, 0xff, 0xff, 0xff, 0xff,
    0xff, 0xff, 0x0, 0xff, 0xff, 0xff, 0xff, 0xff, 0xff, 0xff, 0xff, 0xff, 0xff, 0xff, 0xff, 0xff,
    0x0, 0xff, 0xff, 0xff, 0xff, 0xff, 0xff, 0xff, 0xff, 0xff, 0xff, 0xff, 0xff, 0xff, 0x0, 0xff,
    0xff, 0xff, 0xff, 0xff, 0xff, 0xff, 0xff, 0xff, 0xff, 0xff, 0xff, 0xff, 0x0, 0xff, 0xff, 0xff,
    0xff, 0xff, 0xff, 0xff, 0xff, 0xff, 0xff, 0xff, 0xff, 0xff, 0x0, 0xff, 0xff, 0xff, 0xff, 0xff,
    0xff, 0xff, 0xff, 0xff, 0xff, 0xff, 0xff, 0xff, 0x20, 0x8f, 0xff, 0xff, 0xff, 0xff, 0xff, 0xff,
    0xff, 0xff, 0xf8, 0xff, 0xff, 0xff, 0xa0, 0x0, 0x0, 0x0, 0x0, 0x0, 0x0, 0x0, 0x0, 0x0,
    0x0, 0xff, 0xff, 0xff, 0xfa, 0x20, 0x0, 0x0, 0x0, 0x0, 0x0, 0x0, 0x0, 0x0, 0x0, 0xff,
    0xff, 0xff, 0xff, 0xff, 0xff, 0xff, 0xff, 0xff, 0xff, 0x0, 0x0, 0x0, 0x0, 0xff, 0xff, 0xff,
    0xff, 0xff, 0xff, 0xff, 0xff, 0xff, 0xff, 0x0, 0x0, 0x0, 0x0, 0xff, 0xff, 0xff, 0xff, 0xff,
    0xff, 0xff, 0xff, 0xff, 0xff, 0x0, 0x0, 0x0, 0x0, 0x8f, 0xff, 0xff, 0xff, 0xff, 0xff, 0xff,
    0xff, 0xff, 0xf8, 0x0, 0x0, 0x0, 0x0, 0x8, 0xef, 0xff, 0xff, 0xff, 0xff, 0xff, 0xff, 0xff,
    0xff, 0xd6, 0x0, 0x0, 0x0, 0x8f, 0xff, 0xff, 0xff, 0xff, 0xff, 0xff, 0xff, 0xff, 0xff, 0xff,
    0x80, 0x0, 0x0, 0xef, 0xff, 0xff, 0xff, 0xff, 0xff, 0xff, 0xff, 0xff, 0xff, 0xff, 0xf8, 0x0,
    0x0, 0xff, 0xff, 0xff, 0xff, 0xff, 0xff, 0xff, 0xff, 0xff, 0xff, 0xff, 0xff, 0x80, 0x0, 0xff,
    0xff, 0x20, 0x0, 0x0, 0x0, 0x0, 0x0, 0x0, 0x4, 0xff, 0xff, 0xf8, 0x0, 0xff, 0xff, 0x0,
    0x0, 0x0, 0x0, 0x0, 0x0, 0x0, 0x0, 0xff, 0xff, 0xff, 0x80, 0xff, 0xff, 0x0, 0x0, 0x0,
    0x0, 0x0, 0x0, 0x0, 0x0, 0xff, 0xff, 0xff, 0xf6, 0xff, 0xff, 0x0, 0x0, 0x0, 0x0, 0x0,
    0x0, 0x0, 0x0, 0xff, 0xff, 0xff, 0xfd, 0xff, 0xff, 0x0, 0x0, 0x0, 0x0, 0x0, 0x0, 0x0,
    0x0, 0xff, 0xff, 0xff, 0xff, 0xff, 0xff, 0x0, 0x0, 0x0, 0x0, 0x0, 0x0, 0x0, 0x0, 0xff,
    0xff, 0xff, 0xff, 0xff, 0xff, 0x0, 0x0, 0x0, 0x0, 0x0, 0x0, 0x0, 0x0, 0xff, 0xff, 0xff,
    0xff, 0xff, 0xff, 0x20, 0x0, 0x0, 0x0, 0x0, 0x0, 0x0, 0x2, 0xff, 0xff, 0xff, 0xff, 0xff,
    0xff, 0xff, 0xff, 0xff, 0xff, 0xff, 0xff, 0xff, 0xff, 0xff, 0xff, 0xff, 0xff, 0xff, 0xff, 0xff,
    0xff, 0xff, 0xff, 0xff, 0xff, 0xff, 0xff, 0xff, 0xff, 0xff, 0xff, 0xff, 0xff, 0xff, 0xff, 0xff,
    0xff, 0xff, 0xff, 0xff, 0xff, 0xff, 0xff, 0xff, 0xff, 0xff, 0xff, 0xff, 0xff, 0xff, 0xff, 0xff,
    0xff, 0xff, 0xff, 0xff, 0xff, 0xff, 0xff, 0xff, 0xff, 0xff, 0xff, 0xff, 0xfc, 0x41, 0x14, 0xdf,
    0xff, 0xff, 0xff, 0xff, 0xff, 0xff, 0xff, 0xff, 0xff, 0xff, 0xc1, 0x0, 0x0, 0x1d, 0xff, 0xff,
    0xff, 0xff, 0xff, 0xff, 0xff, 0xff, 0xff, 0xff, 0x40, 0x0, 0x0, 0x4, 0xff, 0xff, 0xff, 0xff,
    0xff, 0xff, 0xff, 0xff, 0xff, 0xff, 0x10, 0x0, 0x0, 0x1, 0xff, 0xff, 0xff, 0xff, 0xff, 0xff,
    0xff, 0xff, 0xff, 0xff, 0x10, 0x0, 0x0, 0x1, 0xff, 0xff, 0xff, 0xff, 0xff, 0xff, 0xff, 0xff,
    0xff, 0xff, 0x40, 0x0, 0x0, 0x4, 0xff, 0xff, 0xff, 0xff, 0xff, 0xff, 0xff, 0xff, 0xff, 0xff,
    0xc1, 0x0, 0x0, 0x1c, 0xff, 0xff, 0xff, 0xff, 0xff, 0xff, 0xff, 0xff, 0xff, 0xff, 0xfc, 0x41,
    0x14, 0xcf, 0xff, 0xff, 0xff, 0xff, 0xff, 0xff, 0xff, 0xff, 0xff, 0xff, 0xff, 0xff, 0xff, 0xff,
    0xff, 0xff, 0xff, 0xff, 0xff, 0xef, 0xff, 0xff, 0xff, 0xff, 0xff, 0xff, 0xff, 0xff, 0xff, 0xff,
    0xff, 0xff, 0xfe, 0x8f, 0xff, 0xff, 0xff, 0xff, 0xff, 0xff, 0xff, 0xff, 0xff, 0xff, 0xff, 0xff,
    0xf8, 0x8, 0xef, 0xff, 0xff, 0xff, 0xff, 0xff, 0xff, 0xff, 0xff, 0xff, 0xff, 0xfe, 0x80, 0x58,
    0x88, 0x88, 0x88, 0x88, 0x88, 0x88, 0x88, 0x88, 0x88, 0x88, 0x88, 0x88, 0x85, 0xff, 0xff, 0xff,
    0xff, 0xff, 0xff, 0xff, 0xff, 0xff, 0xff, 0xff, 0xff, 0xff, 0xff, 0xff, 0xff, 0xff, 0xff, 0xff,
    0xff, 0xff, 0xff, 0xff, 0xff, 0xff, 0xff, 0xff, 0xff, 0xff, 0xff, 0xff, 0xff, 0xff, 0xff, 0xff,
    0xff, 0xff, 0xff, 0xff, 0xff, 0xff, 0xff, 0xcf, 0xff, 0xff, 0xff, 0xff, 0xff, 0xff, 0xff, 0xff,
    0xff, 0xff, 0xff, 0xff, 0xfc, 0x0, 0x0, 0x0, 0x0, 0x0, 0x0, 0x0, 0x0, 0x0, 0x0, 0x0,
    0x0, 0x0, 0x0, 0x0, 0x0, 0x0, 0x0, 0x0, 0x0, 0x0, 0x0, 0x0, 0x0, 0x0, 0x0, 0x0,
    0x0, 0x0, 0x0, 0x0, 0x0, 0x0, 0x0, 0x0, 0x0, 0x0, 0x0, 0x0, 0x0, 0x0, 0x0, 0x0,
    0x0, 0x0, 0x0, 0x0, 0x0, 0x0, 0x0, 0x0, 0x0, 0x0, 0x0, 0x0, 0x0, 0x0, 0x0, 0x0,
    0x0, 0x0, 0x0, 0x0, 0x0, 0x0, 0x0, 0x0, 0x0, 0x0, 0x0, 0x58, 0x88, 0x88, 0x88, 0x88,
    0x88, 0x88, 0x88, 0x88, 0x88, 0x88, 0x88, 0x88, 0x85, 0xff, 0xff, 0xff, 0xff, 0xff, 0xff, 0xff,
    0xff, 0xff, 0xff, 0xff, 0xff, 0xff, 0xff, 0xff, 0xff, 0xff, 0xff, 0xff, 0xff, 0xff, 0xff, 0xff,
    0xff, 0xff, 0xff, 0xff, 0xff, 0xff, 0xff, 0xff, 0xff, 0xff, 0xff, 0xff, 0xff, 0xff, 0xff, 0xff,
    0xff, 0xff, 0xff, 0xcf, 0xff, 0xff, 0xff, 0xff, 0xff, 0xff, 0xff, 0xff, 0xff, 0xff, 0xff, 0xff,
    0xfc, 0x0, 0x0, 0x0, 0x0, 0x0, 0x0, 0x0, 0x0, 0x0, 0x0, 0x0, 0x0, 0x0, 0x0, 0x0,
    0x0, 0x0, 0x0, 0x0, 0x0, 0x0, 0x0, 0x0, 0x0, 0x0, 0x0, 0x0, 0x0, 0x0, 0x0, 0x0,
    0x0, 0x0, 0x0, 0x0, 0x0, 0x0, 0x0, 0x0, 0x0, 0x0, 0x0, 0x0, 0x0, 0x0, 0x0, 0x0,
    0x0, 0x0, 0x0, 0x0, 0x0, 0x0, 0x0, 0x0, 0x0, 0x0, 0x0, 0x0, 0x0, 0x0, 0x0, 0x0,
    0x0, 0x0, 0x0, 0x0, 0x0, 0x0, 0x0, 0x58, 0x88, 0x88, 0x88, 0x88, 0x88, 0x88, 0x88, 0x88,
    0x88, 0x88, 0x88, 0x88, 0x85, 0xff, 0xff, 0xff, 0xff, 0xff, 0xff, 0xff, 0xff, 0xff, 0xff, 0xff,
    0xff, 0xff, 0xff, 0xff, 0xff, 0xff, 0xff, 0xff, 0xff, 0xff, 0xff, 0xff, 0xff, 0xff, 0xff, 0xff,
    0xff, 0xff, 0xff, 0xff, 0xff, 0xff, 0xff, 0xff, 0xff, 0xff, 0xff, 0xff, 0xff, 0xff, 0xff, 0xcf,
    0xff, 0xff, 0xff, 0xff, 0xff, 0xff, 0xff, 0xff, 0xff, 0xff, 0xff, 0xff, 0xfc, 0x8, 0xef, 0xff,
    0xff, 0xff, 0xff, 0xff, 0xff, 0xff, 0xff, 0xff, 0xff, 0xff, 0xff, 0xfe, 0x80, 0x8f, 0xff, 0xff,
    0xff, 0xff, 0xff, 0xff, 0xff, 0xff, 0xff, 0xff, 0xff, 0xff, 0xff, 0xff, 0xf8, 0xef, 0xff, 0xff,
    0xff, 0xff, 0xff, 0xff, 0xff, 0xff, 0xff, 0xff, 0xff, 0xff, 0xff, 0xff, 0xfe, 0xff, 0xff, 0xff,
    0xff, 0xff, 0xff, 0xff, 0xff, 0xff, 0xff, 0xff, 0xff, 0xff, 0xff, 0xff, 0xff, 0xef, 0xff, 0xff,
    0xff, 0xff, 0xff, 0xff, 0xff, 0xff, 0xff, 0xff, 0xff, 0xff, 0xff, 0xff, 0xfe, 0x4e, 0xff, 0xff,
    0xff, 0xff, 0xff, 0xff, 0xff, 0xff, 0xff, 0xff, 0xff, 0xff, 0xff, 0xff, 0xe4, 0x2, 0xcf, 0xff,
    0xff, 0xff, 0xff, 0xff, 0xff, 0xff, 0xff, 0xff, 0xff, 0xff, 0xff, 0xfc, 0x20, 0x10, 0x9, 0xff,
    0xff, 0xff, 0xff, 0xff, 0xff, 0xff, 0xff, 0xff, 0xff, 0xff, 0xff, 0x90, 0x1, 0xe6, 0x0, 0x5e,
    0xff, 0xff, 0xff, 0xff, 0xff, 0xff, 0xff, 0xff, 0xff, 0xff, 0xe5, 0x0, 0x6e, 0xff, 0xa1, 0x2,
    0xcf, 0xff, 0xff, 0xff, 0xff, 0xff, 0xff, 0xff, 0xff, 0xfc, 0x20, 0x1a, 0xff, 0xff, 0xfd, 0x30,
    0x8, 0xff, 0xff, 0xff, 0xff, 0xff, 0xff, 0xff, 0xff, 0x80, 0x3, 0xdf, 0xff, 0xff, 0xff, 0xf7,
    0x0, 0x4e, 0xff, 0xff, 0xff, 0xff, 0xff, 0xff, 0xe4, 0x0, 0x7f, 0xff, 0xff, 0xff, 0xff, 0xff,
    0xb1, 0x2, 0xbf, 0xff, 0xff, 0xff, 0xff, 0xfb, 0x20, 0x1b, 0xff, 0xff, 0xff, 0xff, 0xff, 0xff,
    0xfe, 0x40, 0x7, 0xff, 0xff, 0xff, 0xff, 0x70, 0x4, 0xef, 0xff, 0xff, 0xff, 0xff, 0xff, 0xff,
    0xff, 0xf8, 0x0, 0x3d, 0xff, 0xff, 0xd3, 0x0, 0x8f, 0xff, 0xff, 0xff, 0xff, 0xff, 0xff, 0xff,
    0xff, 0xff, 0xb1, 0x1, 0x8e, 0xe8, 0x10, 0x1b, 0xff, 0xff, 0xff, 0xff, 0xff, 0xff, 0xff, 0xff,
    0xff, 0xff, 0xfe, 0x50, 0x0, 0x0, 0x5, 0xef, 0xff, 0xff, 0xff, 0xff, 0xff, 0xff, 0xff, 0xff,
    0xff, 0xff, 0xff, 0xfb, 0x41, 0x14, 0xbf, 0xff, 0xff, 0xff, 0xff, 0xff, 0xff, 0xff, 0xff, 0xff,
    0xff, 0xff, 0xff, 0xff, 0xff, 0xff, 0xff, 0xff, 0xff, 0xff, 0xff, 0xff, 0xff, 0xff, 0xff, 0xff,
    0xff, 0xff, 0xff, 0xff, 0xff, 0xff, 0xff, 0xff, 0xff, 0xff, 0xff, 0xff, 0xff, 0xff, 0xff, 0xff,
    0xff, 0xff, 0xff, 0xff, 0xff, 0xff, 0xff, 0xff, 0xff, 0xff, 0xff, 0xff, 0xff, 0xef, 0xff, 0xff,
    0xff, 0xff, 0xff, 0xff, 0xff, 0xff, 0xff, 0xff, 0xff, 0xff, 0xff, 0xff, 0xfe, 0x8f, 0xff, 0xff,
    0xff, 0xff, 0xff, 0xff, 0xff, 0xff, 0xff, 0xff, 0xff, 0xff, 0xff, 0xff, 0xf8, 0x8, 0xef, 0xff,
    0xff, 0xff, 0xff, 0xff, 0xff, 0xff, 0xff, 0xff, 0xff, 0xff, 0xff, 0xfe, 0x80, 0x0, 0x8f, 0xff,
    0xff, 0xff, 0xff, 0xf8, 0x0, 0x0, 0x0, 0x0, 0xff, 0xff, 0xff, 0xff, 0xff, 0xfe, 0x0, 0x0,
    0x0, 0x2, 0xff, 0xff, 0xff, 0xff, 0xff, 0xfb, 0x0, 0x0, 0x0, 0x4, 0xff, 0xff, 0xff, 0xff,
    0xff, 0xf6, 0x0, 0x0, 0x0, 0x6, 0xff, 0xff, 0xff, 0xff, 0xff, 0xf1, 0x0, 0x0, 0x0, 0x8,
    0xff, 0xff, 0xff, 0xff, 0xff, 0xb0, 0x0, 0x0, 0x0, 0xa, 0xff, 0xff, 0xff, 0xff, 0xff, 0x70,
    0x0, 0x0, 0x0, 0xc, 0xff, 0xff, 0xff, 0xff, 0xff, 0x20, 0x0, 0x0, 0x0, 0xe, 0xff, 0xff,
    0xff, 0xff, 0xfc, 0x0, 0x0, 0x0, 0x0, 0x1f, 0xff, 0xff, 0xff, 0xff, 0xf7, 0x0, 0x0, 0x0,
    0x0, 0x3f, 0xff, 0xff, 0xff, 0xff, 0xff, 0xff, 0xff, 0xff, 0xf8, 0x5f, 0xff, 0xff, 0xff, 0xff,
    0xff, 0xff, 0xff, 0xff, 0xfe, 0x7f, 0xff, 0xff, 0xff, 0xff, 0xff, 0xff, 0xff, 0xff, 0xfa, 0x9f,
    0xff, 0xff, 0xff, 0xff, 0xff, 0xff, 0xff, 0xff, 0xf2, 0xbf, 0xff, 0xff, 0xff, 0xff, 0xff, 0xff,
    0xff, 0xff, 0x80, 0xdf, 0xff, 0xff, 0xff, 0xff, 0xff, 0xff, 0xff, 0xfd, 0x10, 0xef, 0xff, 0xff,
    0xff, 0xff, 0xff, 0xff, 0xff, 0xf5, 0x0, 0x7e, 0xff, 0xff, 0xff, 0xff, 0xff, 0xff, 0xff, 0xc0,
    0x0, 0x0, 0x0, 0x0, 0x0, 0x3f, 0xff, 0xff, 0xff, 0x30, 0x0, 0x0, 0x0, 0x0, 0x0, 0x6f,
    0xff, 0xff, 0xf9, 0x0, 0x0, 0x0, 0x0, 0x0, 0x0, 0xaf, 0xff, 0xff, 0xe1, 0x0, 0x0, 0x0,
    0x0, 0x0, 0x0, 0xdf, 0xff, 0xff, 0x70, 0x0, 0x0, 0x0, 0x0, 0x0, 0x2, 0xff, 0xff, 0xfd,
    0x0, 0x0, 0x0, 0x0, 0x0, 0x0, 0x6, 0xff, 0xff, 0xf4, 0x0, 0x0, 0x0, 0x0, 0x0, 0x0,
    0x9, 0xff, 0xff, 0xb0, 0x0, 0x0, 0x0, 0x0, 0x0, 0x0, 0xd, 0xff, 0xff, 0x20, 0x0, 0x0,
    0x0, 0x0, 0x0, 0x0, 0x1f, 0xff, 0xf8, 0x0, 0x0, 0x0, 0x0, 0x0, 0x0, 0x0, 0x5f, 0xff,
    0xe1, 0x0, 0x0, 0x0, 0x0, 0x0, 0x0, 0x0, 0x8f, 0xff, 0x60, 0x0, 0x0, 0x0, 0x0, 0x0,
    0x0, 0x0, 0xcf, 0xfc, 0x0, 0x0, 0x0, 0x0, 0x0, 0x0, 0x0, 0x0, 0xef, 0xf4, 0x0, 0x0,
    0x0, 0x0, 0x0, 0x0, 0x0, 0x0, 0x8e, 0x80, 0x0, 0x0, 0x0, 0x0, 0x0, 0x0, 0x0, 0x0,
    0x2, 0xbe, 0xeb, 0x20, 0x0, 0x0, 0x0, 0x0, 0x0, 0x0, 0x0, 0x0, 0x0, 0x0, 0x2e, 0xff,
    0xff, 0xe2, 0x0, 0x0, 0x0, 0x0, 0x0, 0x0, 0x0, 0x8f, 0xff, 0xff, 0xff, 0xfa, 0xaf, 0xff,
    0xff, 0xff, 0xf8, 0x0, 0x0, 0x0, 0x0, 0xff, 0xff, 0xff, 0xff, 0xa0, 0xa, 0xff, 0xff, 0xff,
    0xff, 0x0, 0x0, 0x0, 0x0, 0xff, 0xff, 0xff, 0xff, 0xa0, 0xa, 0xff, 0xff, 0xff, 0xff, 0x0,
    0x0, 0x0, 0x0, 0xff, 0xff, 0xff, 0xff, 0xfa, 0xaf, 0xff, 0xff, 0xff, 0xff, 0x0, 0x0, 0x0,
    0x0, 0xff, 0xff, 0xff, 0xff, 0xff, 0xff, 0xff, 0xff, 0xff, 0xff, 0x0, 0x0, 0x0, 0x0, 0xff,
    0xff, 0xff, 0xff, 0xff, 0xff, 0xff, 0xff, 0xff, 0xff, 0x0, 0x0, 0x0, 0x0, 0xff, 0xff, 0xff,
    0xff, 0xfa, 0x20, 0x0, 0x0, 0x0, 0x0, 0x0, 0x0, 0x0, 0x0, 0xff, 0xff, 0xff, 0xff, 0xa0,
    0x0, 0x0, 0x0, 0x0, 0x0, 0x0, 0x0, 0x0, 0x0, 0xff, 0xff, 0xff, 0xff, 0x20, 0x8f, 0xff,
    0xff, 0xff, 0xff, 0x0, 0xe7, 0x0, 0x0, 0xff, 0xff, 0xff, 0xff, 0x0, 0xff, 0xff, 0xff, 0xff,
    0xff, 0x0, 0xff, 0x80, 0x0, 0xff, 0xff, 0xff, 0xff, 0x0, 0xff, 0xff, 0xff, 0xff, 0xff, 0x0,
    0xff, 0xf8, 0x0, 0xff, 0xff, 0xff, 0xff, 0x0, 0xff, 0xff, 0xff, 0xff, 0xff, 0x0, 0xff, 0xff,
    0x80, 0xff, 0xff, 0xff, 0xff, 0x0, 0xff, 0xff, 0xff, 0xff, 0xff, 0x0, 0xff, 0xff, 0xf7, 0xff,
    0xff, 0xff, 0xff, 0x0, 0xff, 0xff, 0xff, 0xff, 0xff, 0x0, 0xff, 0xff, 0xfe, 0xff, 0xff, 0xff,
    0xff, 0x0, 0xff, 0xff, 0xff, 0xff, 0xff, 0x0, 0x0, 0x0, 0x0, 0xff, 0xff, 0xff, 0xff, 0x0,
    0xff, 0xff, 0xff, 0xff, 0xff, 0x70, 0x0, 0x0, 0x0, 0xff, 0xff, 0xff, 0xff, 0x0, 0xff, 0xff,
    0xff, 0xff, 0xff, 0xff, 0xff, 0xff, 0xff, 0xff, 0xff, 0xff, 0xff, 0x0, 0xff, 0xff, 0xff, 0xff,
    0xff, 0xff, 0xff, 0xff, 0xff, 0xff, 0xff, 0xff, 0xff, 0x0, 0xff, 0xff, 0xff, 0xff, 0xff, 0xff,
    0xff, 0xff, 0xff, 0xff, 0xff, 0xff, 0xff, 0x0, 0xff, 0xff, 0xff, 0xff, 0xff, 0xff, 0xff, 0xff,
    0xff, 0xff, 0xff, 0xff, 0xff, 0x0, 0xff, 0xff, 0xff, 0xff, 0xff, 0xff, 0xff, 0xff, 0xff, 0xff,
    0xff, 0xff, 0xff, 0x0, 0xff, 0xff, 0xff, 0xff, 0xff, 0xff, 0xff, 0xff, 0xff, 0xff, 0xff, 0xff,
    0xff, 0x0, 0xff, 0xff, 0xff, 0xff, 0xff, 0xff, 0xff, 0xff, 0xff, 0x8f, 0xff, 0xff, 0xff, 0x0,
    0xff, 0xff, 0xff, 0xff, 0xff, 0xff, 0xff, 0xff, 0xff, 0x0, 0x0, 0x0, 0x0, 0x0, 0xff, 0xff,
    0xff, 0xff, 0xff, 0xff, 0xff, 0xff, 0xff, 0x0, 0x0, 0x0, 0x0, 0x0, 0xff, 0xff, 0xff, 0xff,
    0xff, 0xff, 0xff, 0xff, 0xff, 0x0, 0x0, 0x0, 0x0, 0x0, 0xff, 0xff, 0xff, 0xff, 0xff, 0xff,
    0xff, 0xff, 0xff, 0x0, 0x0, 0x0, 0x0, 0x0, 0xff, 0xff, 0xff, 0xff, 0xff, 0xff, 0xff, 0xff,
    0xff, 0x0, 0x0, 0x0, 0x0, 0x0, 0xff, 0xff, 0xff, 0xff, 0xff, 0xff, 0xff, 0xff, 0xff, 0x0,
    0x0, 0x0, 0x0, 0x0, 0x8f, 0xff, 0xff, 0xff, 0xff, 0xff, 0xff, 0xff, 0xf8, 0x0, 0x0, 0x0,
    0x0, 0x0, 0x0, 0x4d, 0xd4, 0x0, 0x0, 0x0, 0x0, 0x0, 0x0, 0x0, 0x0, 0x0, 0x0, 0x0,
    0x0, 0xdf, 0xfd, 0x0, 0x0, 0x0, 0x0, 0x0, 0x0, 0x0, 0x0, 0x0, 0x0, 0x0, 0x0, 0xff,
    0xff, 0x0, 0x0, 0x0, 0x0, 0x0, 0x0, 0x0, 0x0, 0x0, 0x0, 0x0, 0x48, 0xff, 0xff, 0x83,
    0x0, 0x0, 0x0, 0x0, 0x0, 0x0, 0x0, 0x0, 0x0, 0x4c, 0xff, 0xff, 0xff, 0xff, 0xc4, 0x0,
    0x0, 0x0, 0x0, 0x0, 0x0, 0x0, 0x8, 0xff, 0xff, 0xff, 0xff, 0xff, 0xff, 0x80, 0x0, 0x0,
    0x0, 0x0, 0x0, 0x0, 0x8f, 0xff, 0xff, 0xff, 0xff, 0xff, 0xff, 0xf8, 0x0, 0x0, 0x0, 0x0,
    0x0, 0x5, 0xff, 0xff, 0xff, 0xff, 0xff, 0xff, 0xff, 0xff, 0x40, 0x0, 0x0, 0x0, 0x0, 0xd,
    0xff, 0xff, 0xff, 0xff, 0xff, 0xff, 0xff, 0xff, 0xd0, 0x0, 0x0, 0x0, 0x0, 0x6f, 0xff, 0xff,
    0xff, 0xff, 0xff, 0xff, 0xff, 0xff, 0xf5, 0x0, 0x0, 0x0, 0x0, 0xaf, 0xff, 0xff, 0xff, 0xff,
    0xff, 0xff, 0xff, 0xff, 0xfa, 0x0, 0x0, 0x0, 0x0, 0xdf, 0xff, 0xff, 0xff, 0xff, 0xff, 0xff,
    0xff, 0xff, 0xfd, 0x0, 0x0, 0x0, 0x0, 0xef, 0xff, 0xff, 0xff, 0xff, 0xff, 0xff, 0xff, 0xff,
    0xff, 0x0, 0x0, 0x0, 0x0, 0xff, 0xff, 0xff, 0xff, 0xff, 0xff, 0xff, 0xff, 0xff, 0xff, 0x0,
    0x0, 0x0, 0x1, 0xff, 0xff, 0xff, 0xff, 0xff, 0xff, 0xff, 0xff, 0xff, 0xff, 0x10, 0x0, 0x0,
    0x2, 0xff, 0xff, 0xff, 0xff, 0xff, 0xff, 0xff, 0xff, 0xff, 0xff, 0x20, 0x0, 0x0, 0x5, 0xff,
    0xff, 0xff, 0xff, 0xff, 0xff, 0xff, 0xff, 0xff, 0xff, 0x50, 0x0, 0x0, 0x8, 0xff, 0xff, 0xff,
    0xff, 0xff, 0xff, 0xff, 0xff, 0xff, 0xff, 0x80, 0x0, 0x0, 0xd, 0xff, 0xff, 0xff, 0xff, 0xff,
    0xff, 0xff, 0xff, 0xff, 0xff, 0xd0, 0x0, 0x0, 0x3f, 0xff, 0xff, 0xff, 0xff, 0xff, 0xff, 0xff,
    0xff, 0xff, 0xff, 0xf3, 0x0, 0x0, 0xaf, 0xff, 0xff, 0xff, 0xff, 0xff, 0xff, 0xff, 0xff, 0xff,
    0xff, 0xfa, 0x0, 0x7, 0xff, 0xff, 0xff, 0xff, 0xff, 0xff, 0xff, 0xff, 0xff, 0xff, 0xff, 0xff,
    0x70, 0x5f, 0xff, 0xff, 0xff, 0xff, 0xff, 0xff, 0xff, 0xff, 0xff, 0xff, 0xff, 0xff, 0xf5, 0xdf,
    0xff, 0xff, 0xff, 0xff, 0xff, 0xff, 0xff, 0xff, 0xff, 0xff, 0xff, 0xff, 0xfd, 0xdf, 0xff, 0xff,
    0xff, 0xff, 0xff, 0xff, 0xff, 0xff, 0xff, 0xff, 0xff, 0xff, 0xfd, 0x4e, 0xff, 0xff, 0xff, 0xff,
    0xff, 0xff, 0xff, 0xff, 0xff, 0xff, 0xff, 0xff, 0xd4, 0x0, 0x0, 0x0, 0x0, 0x0, 0x0, 0x0,
    0x0, 0x0, 0x0, 0x0, 0x0, 0x0, 0x0, 0x0, 0x0, 0x0, 0x0, 0x0, 0x0, 0x0, 0x0, 0x0,
    0x0, 0x0, 0x0, 0x0, 0x0, 0x0, 0x0, 0x0, 0x0, 0x0, 0xef, 0xff, 0xff, 0xfe, 0x0, 0x0,
    0x0, 0x0, 0x0, 0x0, 0x0, 0x0, 0x0, 0x0, 0xaf, 0xff, 0xff, 0xfa, 0x0, 0x0, 0x0, 0x0,
    0x0, 0x0, 0x0, 0x0, 0x0, 0x0, 0x2e, 0xff, 0xff, 0xe2, 0x0, 0x0, 0x0, 0x0, 0x0, 0x0,
    0x0, 0x0, 0x0, 0x0, 0x2, 0xae, 0xea, 0x20, 0x0, 0x0, 0x0, 0x0, 0x0, 0x8, 0xef, 0xff,
    0xff, 0xff, 0xff, 0xff, 0xff, 0xff, 0xff, 0xff, 0xff, 0xff, 0xff, 0xff, 0xff, 0xfe, 0x80, 0x8f,
    0xff, 0xff, 0xff, 0xff, 0xff, 0xff, 0xff, 0xff, 0xff, 0xff, 0xff, 0xff, 0xff, 0xff, 0xff, 0xff,
    0xf8, 0xef, 0xff, 0xff, 0xff, 0xff, 0xff, 0xff, 0xff, 0xff, 0xff, 0xff, 0xff, 0xff, 0xff, 0xff,
    0xff, 0xff, 0xfe, 0xff, 0xff, 0xff, 0xff, 0xff, 0xff, 0xff, 0xff, 0xff, 0xff, 0xff, 0xff, 0xff,
    0xff, 0xff, 0xff, 0xff, 0xff, 0xff, 0xff, 0x20, 0x2, 0xff, 0x20, 0x2, 0xff, 0x20, 0x2, 0xff,
    0x20, 0x2, 0xff, 0x20, 0x2, 0xff, 0xff, 0xff, 0xff, 0x0, 0x0, 0xff, 0x0, 0x0, 0xff, 0x0,
    0x0, 0xff, 0x0, 0x0, 0xff, 0x0, 0x0, 0xff, 0xff, 0xff, 0xff, 0x0, 0x0, 0xff, 0x0, 0x0,
    0xff, 0x0, 0x0, 0xff, 0x0, 0x0, 0xff, 0x0, 0x0, 0xff, 0xff, 0xff, 0xff, 0x20, 0x2, 0xff,
    0x20, 0x2, 0xff, 0x20, 0x2, 0xff, 0x20, 0x2, 0xff, 0x20, 0x2, 0xff, 0xff, 0xff, 0xff, 0xff,
    0xff, 0xff, 0xff, 0xff, 0xff, 0xff, 0xff, 0xff, 0xff, 0xff, 0xff, 0xff, 0xff, 0xff, 0xff, 0xff,
    0xff, 0xff, 0xff, 0xff, 0xff, 0xff, 0xff, 0xff, 0xff, 0xff, 0xff, 0xff, 0xff, 0xff, 0xff, 0xff,
    0xff, 0xff, 0xff, 0xff, 0xf2, 0x0, 0x2f, 0xf2, 0x0, 0x2f, 0xf2, 0x0, 0x2f, 0xf2, 0x0, 0x2f,
    0xff, 0xff, 0xff, 0xff, 0xff, 0xff, 0xf0, 0x0, 0xf, 0xf0, 0x0, 0xf, 0xf0, 0x0, 0xf, 0xf0,
    0x0, 0xf, 0xff, 0xff, 0xff, 0xff, 0xff, 0xff, 0xf0, 0x0, 0xf, 0xf0, 0x0, 0xf, 0xf0, 0x0,
    0xf, 0xf0, 0x0, 0xf, 0xff, 0xff, 0xff, 0xff, 0xff, 0xff, 0xf2, 0x0, 0x2f, 0xf2, 0x0, 0x2f,
    0xf2, 0x0, 0x2f, 0xf2, 0x0, 0x2f, 0xff, 0xff, 0xff, 0xff, 0xff, 0xff, 0xff, 0xff, 0xff, 0xff,
    0xff, 0xff, 0xff, 0xff, 0xff, 0xff, 0xff, 0xff, 0xff, 0xff, 0xff, 0xff, 0xff, 0xff, 0xff, 0xff,
    0xff, 0xff, 0xff, 0xff, 0xff, 0xff, 0xff, 0xff, 0xff, 0xff, 0xff, 0xff, 0xff, 0xff, 0xff, 0x20,
    0x2, 0xff, 0x20, 0x0, 0x0, 0x0, 0x0, 0x0, 0x0, 0x2, 0xff, 0x20, 0x2, 0xff, 0xff, 0xff,
    0xff, 0x0, 0x0, 0xff, 0x0, 0x0, 0x0, 0x0, 0x0, 0x0, 0x0, 0x0, 0xff, 0x0, 0x0, 0xff,
    0xff, 0xff, 0xff, 0x0, 0x0, 0xff, 0x0, 0x0, 0x0, 0x0, 0x0, 0x0, 0x0, 0x0, 0xff, 0x0,
    0x0, 0xff, 0xff, 0xff, 0xff, 0x20, 0x2, 0xff, 0x20, 0x0, 0x0, 0x0, 0x0, 0x0, 0x0, 0x2,
    0xff, 0x20, 0x2, 0xff, 0xff, 0xff, 0xff, 0xff, 0xff, 0xff, 0xff, 0xff, 0xff, 0xff, 0xff, 0xff,
    0xff, 0xff, 0xff, 0xff, 0xff, 0xff, 0xff, 0xef, 0xff, 0xff, 0xff, 0xff, 0xff, 0xff, 0xff, 0xff,
    0xff, 0xff, 0xff, 0xff, 0xff, 0xff, 0xff, 0xff, 0xfe, 0x8f, 0xff, 0xff, 0xff, 0xff, 0xff, 0xff,
    0xff, 0xff, 0xff, 0xff, 0xff, 0xff, 0xff, 0xff, 0xff, 0xff, 0xf8, 0x8, 0xef, 0xff, 0xff, 0xff,
    0xff, 0xff, 0xff, 0xff, 0xff, 0xff, 0xff, 0xff, 0xff, 0xff, 0xff, 0xfe, 0x80, 0x0, 0x0, 0x0,
    0x0, 0x0, 0x0, 0x0, 0x0, 0x0, 0x0, 0x0, 0x0, 0x0, 0x29, 0xed, 0x70, 0x0, 0x0, 0x0,
    0x0, 0x0, 0x0, 0x0, 0x0, 0x0, 0x0, 0x0, 0x0, 0x3a, 0xff, 0xff, 0xf7, 0x0, 0x0, 0x0,
    0x0, 0x0, 0x0, 0x0, 0x0, 0x0, 0x0, 0x0, 0x5c, 0xff, 0xff, 0xff, 0xfd, 0x0, 0x0, 0x0,
    0x0, 0x0, 0x0, 0x0, 0x0, 0x0, 0x0, 0x6d, 0xff, 0xff, 0xff, 0xff, 0xfe, 0x0, 0x0, 0x0,
    0x0, 0x0, 0x0, 0x0, 0x0, 0x1, 0x7e, 0xff, 0xff, 0xff, 0xff, 0xff, 0xf9, 0x0, 0x0, 0x0,
    0x0, 0x0, 0x0, 0x0, 0x2, 0x8e, 0xff, 0xff, 0xff, 0xff, 0xff, 0xff, 0xf2, 0x0, 0x0, 0x0,
    0x0, 0x0, 0x0, 0x3, 0xaf, 0xff, 0xff, 0xff, 0xff, 0xff, 0xff, 0xff, 0xa0, 0x0, 0x0, 0x0,
    0x0, 0x0, 0x4, 0xbf, 0xff, 0xff, 0xff, 0xff, 0xff, 0xff, 0xff, 0xff, 0x30, 0x0, 0x0, 0x0,
    0x0, 0x5, 0xcf, 0xff, 0xff, 0xff, 0xff, 0xff, 0xff, 0xff, 0xff, 0xfc, 0x0, 0x0, 0x0, 0x0,
    0x16, 0xdf, 0xff, 0xff, 0xff, 0xff, 0xff, 0xff, 0xff, 0xff, 0xff, 0xf5, 0x0, 0x0, 0x0, 0x18,
    0xef, 0xff, 0xff, 0xff, 0xff, 0xff, 0xff, 0xff, 0xff, 0xff, 0xff, 0xd0, 0x0, 0x0, 0x29, 0xef,
    0xff, 0xff, 0xff, 0xff, 0xff, 0xff, 0xff, 0xff, 0xff, 0xff, 0xff, 0x60, 0x0, 0x19, 0xff, 0xff,
    0xff, 0xff, 0xff, 0xff, 0xff, 0xff, 0xff, 0xff, 0xff, 0xff, 0xfe, 0x0, 0x0, 0x9f, 0xff, 0xff,
    0xff, 0xff, 0xff, 0xff, 0xff, 0xff, 0xff, 0xff, 0xff, 0xff, 0xf7, 0x0, 0x0, 0xef, 0xff, 0xff,
    0xff, 0xff, 0xff, 0xff, 0xff, 0xff, 0xff, 0xff, 0xff, 0xff, 0xe1, 0x0, 0x0, 0xef, 0xff, 0xff,
    0xff, 0xff, 0xff, 0xff, 0xff, 0xff, 0xff, 0xff, 0xff, 0xff, 0x80, 0x0, 0x0, 0x9f, 0xff, 0xff,
    0xff, 0xff, 0xff, 0xff, 0xff, 0xff, 0xff, 0xff, 0xff, 0xff, 0x20, 0x0, 0x0, 0x19, 0xef, 0xff,
    0xff, 0xff, 0xff, 0xff, 0xff, 0xff, 0xff, 0xff, 0xff, 0xfa, 0x0, 0x0, 0x0, 0x0, 0x0, 0x0,
    0x0, 0x0, 0x0, 0x0, 0xff, 0xff, 0xff, 0xff, 0xff, 0xf3, 0x0, 0x0, 0x0, 0x0, 0x0, 0x0,
    0x0, 0x0, 0x0, 0x0, 0xff, 0xff, 0xff, 0xff, 0xff, 0xb0, 0x0, 0x0, 0x0, 0x0, 0x0, 0x0,
    0x0, 0x0, 0x0, 0x0, 0xff, 0xff, 0xff, 0xff, 0xff, 0x40, 0x0, 0x0, 0x0, 0x0, 0x0, 0x0,
    0x0, 0x0, 0x0, 0x0, 0xff, 0xff, 0xff, 0xff, 0xfc, 0x0, 0x0, 0x0, 0x0, 0x0, 0x0, 0x0,
    0x0, 0x0, 0x0, 0x0, 0xff, 0xff, 0xff, 0xff, 0xf5, 0x0, 0x0, 0x0, 0x0, 0x0, 0x0, 0x0,
    0x0, 0x0, 0x0, 0x0, 0xff, 0xff, 0xff, 0xff, 0xd0, 0x0, 0x0, 0x0, 0x0, 0x0, 0x0, 0x0,
    0x0, 0x0, 0x0, 0x0, 0xff, 0xff, 0xff, 0xff, 0x60, 0x0, 0x0, 0x0, 0x0, 0x0, 0x0, 0x0,
    0x0, 0x0, 0x0, 0x0, 0xff, 0xff, 0xff, 0xfe, 0x10, 0x0, 0x0, 0x0, 0x0, 0x0, 0x0, 0x0,
    0x0, 0x0, 0x0, 0x0, 0xff, 0xff, 0xff, 0xf8, 0x0, 0x0, 0x0, 0x0, 0x0, 0x0, 0x0, 0x0,
    0x0, 0x0, 0x0, 0x0, 0xff, 0xff, 0xff, 0xe1, 0x0, 0x0, 0x0, 0x0, 0x0, 0x0, 0x0, 0x0,
    0x0, 0x0, 0x0, 0x0, 0xff, 0xff, 0xff, 0x90, 0x0, 0x0, 0x0, 0x0, 0x0, 0x0, 0x0, 0x0,
    0x0, 0x0, 0x0, 0x0, 0xef, 0xff, 0xff, 0x20, 0x0, 0x0, 0x0, 0x0, 0x0, 0x0, 0x0, 0x0,
    0x0, 0x0, 0x0, 0x0, 0x8f, 0xff, 0xf9, 0x0, 0x0, 0x0, 0x0, 0x0, 0x0, 0x0, 0x0, 0x0,
    0x0, 0x0, 0x0, 0x0, 0x8, 0xee, 0x80, 0x0, 0x0, 0x0, 0x0, 0x0, 0x0, 0x0, 0x0, 0x0,
    0xdf, 0xfd, 0x0, 0x0, 0x0, 0x0, 0xdf, 0xfd, 0x0, 0x0, 0x0, 0x0, 0x0, 0x0, 0xff, 0xff,
    0x0, 0x0, 0x0, 0x0, 0xff, 0xff, 0x0, 0x0, 0x0, 0x0, 0x0, 0x0, 0xff, 0xff, 0x0, 0x0,
    0x0, 0x0, 0xff, 0xff, 0x0, 0x0, 0x0, 0x0, 0x0, 0x0, 0xff, 0xff, 0x0, 0x0, 0x0, 0x0,
    0xff, 0xff, 0x0, 0x0, 0x0, 0x8, 0xef, 0xff, 0xff, 0xff, 0xff, 0xff, 0xff, 0xff, 0xff, 0xff,
    0xff, 0xfe, 0x80, 0x8f, 0xff, 0xff, 0xff, 0xff, 0xff, 0xff, 0xff, 0xff, 0xff, 0xff, 0xff, 0xff,
    0xf8, 0xef, 0xff, 0xff, 0xff, 0xff, 0xff, 0xff, 0xff, 0xff, 0xff, 0xff, 0xff, 0xff, 0xfe, 0xff,
    0xff, 0xff, 0xff, 0xff, 0xff, 0xff, 0xff, 0xff, 0xff, 0xff, 0xff, 0xff, 0xff, 0xff, 0xff, 0xff,
    0xff, 0xff, 0xff, 0xff, 0xff, 0xff, 0xff, 0xff, 0xff, 0xff, 0xff, 0xdf, 0xff, 0xff, 0xff, 0xff,
    0xff, 0xff, 0xff, 0xff, 0xff, 0xff, 0xff, 0xff, 0xfd, 0x0, 0x0, 0x0, 0x0, 0x0, 0x0, 0x0,
    0x0, 0x0, 0x0, 0x0, 0x0, 0x0, 0x0, 0x0, 0x0, 0x0, 0x0, 0x0, 0x0, 0x0, 0x0, 0x0,
    0x0, 0x0, 0x0, 0x0, 0x0, 0xdf, 0xff, 0xff, 0xff, 0xff, 0xff, 0xff, 0xff, 0xff, 0xff, 0xff,
    0xff, 0xff, 0xfd, 0xff, 0xff, 0xff, 0xff, 0xff, 0xff, 0xff, 0xff, 0xff, 0xff, 0xff, 0xff, 0xff,
    0xff, 0xff, 0xff, 0xff, 0xff, 0xff, 0xff, 0xff, 0xff, 0xff, 0xff, 0xff, 0xff, 0xff, 0xff, 0xff,
    0xff, 0xff, 0xff, 0xff, 0xff, 0xff, 0xff, 0xff, 0xff, 0xff, 0xff, 0xff, 0xff, 0xff, 0xff, 0xff,
    0xff, 0xff, 0xff, 0xff, 0xff, 0xff, 0xff, 0xff, 0xff, 0xff, 0xff, 0xff, 0xff, 0xff, 0xff, 0xff,
    0xff, 0xff, 0xff, 0xff, 0xff, 0xff, 0xff, 0xff, 0xff, 0xff, 0xff, 0xff, 0xff, 0xff, 0xff, 0xff,
    0xff, 0xff, 0xff, 0xff, 0xff, 0xff, 0xff, 0xff, 0xff, 0xff, 0xff, 0xff, 0xff, 0xff, 0xff, 0xff,
    0xff, 0xff, 0xff, 0xff, 0xff, 0xff, 0xff, 0xff, 0xff, 0xff, 0xff, 0xff, 0xff, 0xff, 0xff, 0xff,
    0xff, 0xff, 0xff, 0xff, 0xff, 0xff, 0xff, 0xff, 0xff, 0xff, 0xff, 0xff, 0xff, 0xff, 0xff, 0xff,
    0xff, 0xff, 0xff, 0xff, 0xff, 0xff, 0xff, 0xff, 0xff, 0xff, 0xff, 0xff, 0xff, 0xff, 0xff, 0xff,
    0xff, 0xff, 0xff, 0xff, 0xff, 0xff, 0xff, 0xff, 0xff, 0xff, 0xff, 0xff, 0xff, 0xff, 0xff, 0xff,
    0xff, 0xff, 0xff, 0xff, 0xff, 0xff, 0xff, 0xff, 0xff, 0xff, 0xff, 0xff, 0xff, 0xff, 0xff, 0xff,
    0xff, 0xff, 0xff, 0xff, 0xff, 0xff, 0xff, 0xff, 0xff, 0xff, 0xff, 0xff, 0xff, 0xff, 0xff, 0xff,
    0xff, 0xff, 0xff, 0xff, 0xff, 0xff, 0xff, 0xff, 0xff, 0xff, 0xff, 0xff, 0xff, 0xff, 0xff, 0xff,
    0xff, 0xff, 0xff, 0xff, 0xff, 0xff, 0xff, 0xff, 0xff, 0xff, 0xff, 0xff, 0xff, 0xff, 0xff, 0xff,
    0xff, 0xff, 0xff, 0xef, 0xff, 0xff, 0xff, 0xff, 0xff, 0xff, 0xff, 0xff, 0xff, 0xff, 0xff, 0xff,
    0xfe, 0x8f, 0xff, 0xff, 0xff, 0xff, 0xff, 0xff, 0xff, 0xff, 0xff, 0xff, 0xff, 0xff, 0xf8, 0x8,
    0xef, 0xff, 0xff, 0xff, 0xff, 0xff, 0xff, 0xff, 0xff, 0xff, 0xff, 0xfe, 0x80, 0x8f, 0xff, 0xff,
    0xff, 0xff, 0xff, 0xff, 0x0, 0xe7, 0x0, 0x0, 0x0, 0xff, 0xff, 0xff, 0xff, 0xff, 0xff, 0xff,
    0x0, 0xff, 0x80, 0x0, 0x0, 0xff, 0xff, 0xff, 0xff, 0xff, 0xff, 0xff, 0x0, 0xff, 0xf8, 0x0,
    0x0, 0xff, 0xff, 0xff, 0xff, 0xff, 0xff, 0xff, 0x0, 0xff, 0xff, 0x80, 0x0, 0xff, 0xff, 0xff,
    0xff, 0xff, 0xff, 0xff, 0x0, 0xff, 0xff, 0xf8, 0x0, 0xff, 0xff, 0xff, 0xff, 0xff, 0xff, 0xff,
    0x0, 0xff, 0xff, 0xff, 0x80, 0xff, 0xff, 0xff, 0xff, 0xff, 0xff, 0xff, 0x0, 0xff, 0xff, 0xff,
    0xf7, 0xff, 0xff, 0xff, 0xff, 0xff, 0xff, 0xff, 0x0, 0xff, 0xff, 0xff, 0xfe, 0xff, 0xff, 0xff,
    0xff, 0xff, 0xff, 0xff, 0x0, 0x0, 0x0, 0x0, 0x0, 0xff, 0xff, 0xff, 0xff, 0xff, 0xff, 0xff,
    0x70, 0x0, 0x0, 0x0, 0x0, 0xff, 0xff, 0xff, 0xff, 0xff, 0xff, 0xff, 0xff, 0xff, 0xff, 0xff,
    0xff, 0xff, 0xff, 0xff, 0xff, 0xff, 0xff, 0xff, 0xff, 0xff, 0xff, 0xff, 0xff, 0xff, 0xff, 0xff,
    0xff, 0xff, 0xff, 0xff, 0xff, 0xff, 0xff, 0xff, 0xff, 0xff, 0xff, 0xff, 0xff, 0xff, 0xff, 0xff,
    0xff, 0xff, 0xff, 0xff, 0xff, 0xff, 0xff, 0xff, 0xff, 0xff, 0xff, 0xff, 0xff, 0xff, 0xff, 0xff,
    0xff, 0xff, 0xff, 0xff, 0xff, 0xff, 0xff, 0xff, 0xff, 0xff, 0xff, 0xff, 0xff, 0xff, 0xff, 0xff,
    0xff, 0xff, 0xff, 0xff, 0xff, 0xff, 0xff, 0xff, 0xff, 0xff, 0xff, 0xff, 0xff, 0xff, 0xff, 0xff,
    0xff, 0xff, 0xff, 0xff, 0xff, 0xff, 0xff, 0xff, 0xff, 0xff, 0xff, 0xff, 0xff, 0xff, 0xff, 0xff,
    0xff, 0xff, 0xff, 0xff, 0xff, 0xff, 0xff, 0xff, 0xff, 0xff, 0xff, 0xff, 0xff, 0xff, 0xff, 0xff,
    0xff, 0xff, 0xff, 0xff, 0xff, 0xff, 0xff, 0xff, 0xff, 0xff, 0xff, 0xff, 0xff, 0xff, 0xff, 0xff,
    0xff, 0xff, 0xff, 0xff, 0xff, 0xff, 0xff, 0xff, 0xff, 0xff, 0xff, 0xff, 0xff, 0xff, 0xff, 0xff,
    0xff, 0xff, 0xff, 0xff, 0xff, 0xff, 0xff, 0xff, 0xff, 0xff, 0xff, 0xff, 0xff, 0xff, 0xff, 0xff,
    0xff, 0xff, 0xff, 0xff, 0xff, 0xff, 0xff, 0xff, 0xff, 0xff, 0xff, 0xff, 0xff, 0xff, 0xff, 0xff,
    0xff, 0xff, 0xff, 0xff, 0xff, 0xff, 0xff, 0xff, 0xff, 0xff, 0xff, 0xff, 0xff, 0xff, 0xff, 0xff,
    0xff, 0xff, 0xff, 0xff, 0xff, 0xff, 0xff, 0xff, 0xff, 0xff, 0xff, 0xff, 0xff, 0xff, 0xff, 0xff,
    0xff, 0xff, 0xff, 0xff, 0xff, 0xff, 0xff, 0xff, 0xff, 0xff, 0xff, 0xff, 0xff, 0xff, 0xff, 0xff,
    0xff, 0xff, 0xff, 0xff, 0xff, 0xff, 0xff, 0xff, 0xff, 0xff, 0xff, 0xff, 0xff, 0xff, 0xff, 0xff,
    0xff, 0x8f, 0xff, 0xff, 0xff, 0xff, 0xff, 0xff, 0xff, 0xff, 0xff, 0xff, 0xf8, 0x0, 0x0, 0x0,
    0x0, 0x0, 0x0, 0x0, 0x1c, 0xc0, 0x0, 0x0, 0x0, 0x0, 0x0, 0x0, 0x0, 0x0, 0x0, 0x0,
    0x0, 0x0, 0x0, 0x0, 0x7f, 0xf7, 0x0, 0x0, 0x0, 0x0, 0x0, 0x0, 0x0, 0x0, 0x0, 0x0,
    0x0, 0x0, 0x0, 0x1, 0xef, 0xfe, 0x0, 0x0, 0x0, 0x0, 0x0, 0x0, 0x0, 0x0, 0x0, 0x0,
    0x0, 0x0, 0x0, 0x7, 0xff, 0xff, 0x70, 0x0, 0x0, 0x0, 0x0, 0x0, 0x0, 0x0, 0x0, 0x39,
    0x51, 0x0, 0x0, 0x1e, 0xff, 0xff, 0xe0, 0x0, 0x0, 0x15, 0x92, 0x0, 0x0, 0x0, 0x0, 0x9f,
    0xfe, 0xa5, 0x10, 0x7f, 0xff, 0xff, 0xf7, 0x1, 0x5a, 0xef, 0xf9, 0x0, 0x0, 0x0, 0x0, 0x5f,
    0xff, 0xff, 0xfa, 0xef, 0xff, 0xff, 0xfe, 0xaf, 0xff, 0xff, 0xf5, 0x0, 0x0, 0x0, 0x0, 0x1e,
    0xff, 0xff, 0xff, 0xff, 0xff, 0xff, 0xff, 0xff, 0xff, 0xff, 0xe1, 0x0, 0x0, 0x0, 0x0, 0xa,
    0xff, 0xff, 0xff, 0xc6, 0x21, 0x12, 0x6c, 0xff, 0xff, 0xff, 0xa0, 0x0, 0x0, 0x0, 0x0, 0x5,
    0xff, 0xff, 0xf6, 0x0, 0x0, 0x0, 0x0, 0x6f, 0xff, 0xff, 0x50, 0x0, 0x0, 0x0, 0x0, 0x1,
    0xff, 0xff, 0x40, 0x7, 0xce, 0xec, 0x70, 0x4, 0xff, 0xff, 0x10, 0x0, 0x0, 0x0, 0x0, 0x0,
    0xaf, 0xf6, 0x2, 0xcf, 0xff, 0xff, 0xfc, 0x20, 0x6f, 0xfa, 0x0, 0x0, 0x0, 0x0, 0x0, 0x7,
    0xef, 0xc0, 0xc, 0xff, 0xff, 0xff, 0xff, 0xc0, 0xc, 0xfe, 0x70, 0x0, 0x0, 0x0, 0x7, 0xef,
    0xff, 0x60, 0x7f, 0xff, 0xff, 0xff, 0xff, 0xf7, 0x6, 0xff, 0xfe, 0x70, 0x0, 0x7, 0xef, 0xff,
    0xff, 0x20, 0xcf, 0xff, 0xff, 0xff, 0xff, 0xfc, 0x2, 0xff, 0xff, 0xfe, 0x70, 0xcf, 0xff, 0xff,
    0xff, 0x10, 0xef, 0xff, 0xff, 0xff, 0xff, 0xfe, 0x1, 0xff, 0xff, 0xff, 0xfc, 0xcf, 0xff, 0xff,
    0xff, 0x10, 0xef, 0xff, 0xff, 0xff, 0xff, 0xfe, 0x1, 0xff, 0xff, 0xff, 0xfc, 0x17, 0xef, 0xff,
    0xff, 0x20, 0xcf, 0xff, 0xff, 0xff, 0xff, 0xfc, 0x2, 0xff, 0xff, 0xfe, 0x71, 0x0, 0x17, 0xef,
    0xff, 0x60, 0x7f, 0xff, 0xff, 0xff, 0xff, 0xf7, 0x6, 0xff, 0xfe, 0x71, 0x0, 0x0, 0x0, 0x17,
    0xef, 0xc0, 0xc, 0xff, 0xff, 0xff, 0xff, 0xc0, 0xc, 0xfe, 0x71, 0x0, 0x0, 0x0, 0x0, 0x0,
    0xaf, 0xf6, 0x2, 0xcf, 0xff, 0xff, 0xfc, 0x20, 0x6f, 0xfa, 0x0, 0x0, 0x0, 0x0, 0x0, 0x1,
    0xff, 0xff, 0x40, 0x7, 0xce, 0xec, 0x70, 0x4, 0xff, 0xff, 0x10, 0x0, 0x0, 0x0, 0x0, 0x5,
    0xff, 0xff, 0xf6, 0x0, 0x0, 0x0, 0x0, 0x6f, 0xff, 0xff, 0x50, 0x0, 0x0, 0x0, 0x0, 0xa,
    0xff, 0xff, 0xff, 0xc6, 0x21, 0x12, 0x6c, 0xff, 0xff, 0xff, 0xa0, 0x0, 0x0, 0x0, 0x0, 0x1e,
    0xff, 0xff, 0xff, 0xff, 0xff, 0xff, 0xff, 0xff, 0xff, 0xff, 0xe1, 0x0, 0x0, 0x0, 0x0, 0x5f,
    0xff, 0xff, 0xfa, 0xef, 0xff, 0xff, 0xfe, 0xaf, 0xff, 0xff, 0xf5, 0x0, 0x0, 0x0, 0x0, 0x9f,
    0xfe, 0xa5, 0x10, 0x7f, 0xff, 0xff, 0xf6, 0x1, 0x5a, 0xef, 0xf8, 0x0, 0x0, 0x0, 0x0, 0x39,
    0x51, 0x0, 0x0, 0x1e, 0xff, 0xff, 0xd0, 0x0, 0x0, 0x15, 0x92, 0x0, 0x0, 0x0, 0x0, 0x0,
    0x0, 0x0, 0x0, 0x7, 0xff, 0xff, 0x60, 0x0, 0x0, 0x0, 0x0, 0x0, 0x0, 0x0, 0x0, 0x0,
    0x0, 0x0, 0x0, 0x1, 0xef, 0xfd, 0x0, 0x0, 0x0, 0x0, 0x0, 0x0, 0x0, 0x0, 0x0, 0x0,
    0x0, 0x0, 0x0, 0x0, 0x7f, 0xf6, 0x0, 0x0, 0x0, 0x0, 0x0, 0x0, 0x0, 0x0, 0x0, 0x0,
    0x0, 0x0, 0x0, 0x0, 0x1c, 0xc0, 0x0, 0x0, 0x0, 0x0, 0x0, 0x0, 0x0, 0x0, 0x0, 0x0,
    0x0, 0x17, 0xce, 0xff, 0xff, 0xff, 0xff, 0xec, 0x81, 0x0, 0x0, 0x0, 0x0, 0x0, 0x0, 0x0,
    0x5, 0xef, 0xff, 0xff, 0xff, 0xff, 0xff, 0xff, 0xfe, 0x50, 0x0, 0x0, 0x0, 0x0, 0x0, 0x0,
    0x5f, 0xff, 0xff, 0xff, 0xff, 0xff, 0xff, 0xff, 0xff, 0xf5, 0x0, 0x0, 0x0, 0x0, 0x0, 0x1,
    0xef, 0xff, 0xff, 0xff, 0xff, 0xff, 0xff, 0xff, 0xff, 0xfe, 0x10, 0x0, 0x0, 0x0, 0x0, 0x7,
    0xff, 0xff, 0x71, 0x0, 0x0, 0x0, 0x0, 0x17, 0xff, 0xff, 0x70, 0x0, 0x0, 0x0, 0x0, 0xd,
    0xff, 0xf7, 0x0, 0x0, 0x0, 0x0, 0x0, 0x0, 0x7f, 0xff, 0xd0, 0x0, 0x0, 0x0, 0x0, 0x4f,
    0xff, 0xe1, 0x0, 0x0, 0x0, 0x0, 0x0, 0x0, 0x1e, 0xff, 0xf4, 0x0, 0x0, 0xdf, 0xff, 0xff,
    0xff, 0x90, 0x0, 0x0, 0x0, 0x0, 0x0, 0x0, 0x9, 0xff, 0xff, 0xff, 0xfd, 0xdf, 0xff, 0xff,
    0xff, 0x30, 0x0, 0x0, 0x0, 0x0, 0x0, 0x0, 0x3, 0xff, 0xff, 0xff, 0xfd, 0x8f, 0xff, 0xff,
    0xff, 0xff, 0xff, 0xff, 0xff, 0xff, 0xff, 0xff, 0xff, 0xff, 0xff, 0xff, 0xf8, 0x2, 0xef, 0xff,
    0xff, 0xff, 0xff, 0xff, 0xff, 0xff, 0xff, 0xff, 0xff, 0xff, 0xff, 0xfe, 0x20, 0xa, 0xff, 0xff,
    0xff, 0xff, 0xff, 0xff, 0xff, 0xff, 0xff, 0xff, 0xff, 0xff, 0xff, 0xff, 0xa0, 0xe, 0xff, 0xa1,
    0x2a, 0xff, 0xff, 0xff, 0xff, 0xff, 0xff, 0xff, 0xff, 0xb2, 0x1a, 0xff, 0xe0, 0xf, 0xff, 0x10,
    0x0, 0xaf, 0xff, 0xff, 0xff, 0xff, 0xff, 0xff, 0xfb, 0x0, 0x1, 0xff, 0xf0, 0xf, 0xff, 0x10,
    0x0, 0x2f, 0xff, 0xff, 0xff, 0xff, 0xff, 0xff, 0xf2, 0x0, 0x1, 0xff, 0xf0, 0xf, 0xff, 0xa1,
    0x0, 0x5f, 0xff, 0xff, 0xff, 0xff, 0xff, 0xff, 0xf5, 0x0, 0x1a, 0xff, 0xf0, 0xe, 0xff, 0xff,
    0xff, 0xff, 0xff, 0xff, 0xff, 0xff, 0xff, 0xff, 0xff, 0xff, 0xff, 0xff, 0xe0, 0xa, 0xff, 0xff,
    0xff, 0xff, 0xff, 0xff, 0xff, 0xff, 0xff, 0xff, 0xff, 0xff, 0xff, 0xff, 0xa0, 0x2, 0xff, 0xff,
    0xff, 0xff, 0xff, 0xff, 0xff, 0xff, 0xff, 0xff, 0xff, 0xff, 0xff, 0xff, 0x20, 0x0, 0xff, 0xff,
    0xff, 0xff, 0xff, 0xff, 0xff, 0xff, 0xff, 0xff, 0xff, 0xff, 0xff, 0xff, 0x0, 0x0, 0xff, 0xff,
    0xff, 0x0, 0x0, 0x0, 0x0, 0x0, 0x0, 0x0, 0x0, 0xff, 0xff, 0xff, 0x0, 0x0, 0xff, 0xff,
    0xff, 0x0, 0x0, 0x0, 0x0, 0x0, 0x0, 0x0, 0x0, 0xff, 0xff, 0xff, 0x0, 0x0, 0xdf, 0xff,
    0xfd, 0x0, 0x0, 0x0, 0x0, 0x0, 0x0, 0x0, 0x0, 0xdf, 0xff, 0xfd, 0x0, 0x0, 0x4d, 0xff,
    0xd4, 0x0, 0x0, 0x0, 0x0, 0x0, 0x0, 0x0, 0x0, 0x4d, 0xff, 0xd4, 0x0, 0x0, 0x0, 0x4d,
    0xd4, 0x0, 0x0, 0x0, 0x0, 0x4d, 0xd4, 0x0, 0x0, 0x0, 0x0, 0xdf, 0xfd, 0x0, 0x0, 0x0,
    0x0, 0xdf, 0xfd, 0x0, 0x0, 0x0, 0x0, 0xff, 0xff, 0x0, 0x0, 0x0, 0x0, 0xff, 0xff, 0x0,
    0x0, 0x0, 0x0, 0xff, 0xff, 0x0, 0x0, 0x0, 0x0, 0xff, 0xff, 0x0, 0x0, 0x0, 0x0, 0xff,
    0xff, 0x0, 0x0, 0x0, 0x0, 0xff, 0xff, 0x0, 0x0, 0x0, 0x0, 0xff, 0xff, 0x0, 0x0, 0x0,
    0x0, 0xff, 0xff, 0x0, 0x0, 0x0, 0x0, 0xff, 0xff, 0x0, 0x0, 0x0, 0x0, 0xff, 0xff, 0x0,
    0x0, 0x0, 0x0, 0xff, 0xff, 0x0, 0x0, 0x0, 0x0, 0xff, 0xff, 0x0, 0x0, 0x0, 0x0, 0xff,
    0xff, 0x0, 0x0, 0x0, 0x0, 0xff, 0xff, 0x0, 0x0, 0x0, 0x0, 0x0, 0x0, 0x0, 0x0, 0x0,
    0x0, 0x0, 0x0, 0x0, 0x0, 0xcf, 0xff, 0xff, 0xff, 0xff, 0xff, 0xff, 0xff, 0xff, 0xff, 0xff,
    0xfc, 0xff, 0xff, 0xff, 0xff, 0xff, 0xff, 0xff, 0xff, 0xff, 0xff, 0xff, 0xff, 0xff, 0xff, 0xff,
    0xff, 0xff, 0xff, 0xff, 0xff, 0xff, 0xff, 0xff, 0xff, 0xcf, 0xff, 0xff, 0xff, 0xff, 0xff, 0xff,
    0xff, 0xff, 0xff, 0xff, 0xfc, 0x0, 0xff, 0xff, 0xff, 0xff, 0xff, 0xff, 0xff, 0xff, 0xff, 0xff,
    0x0, 0x0, 0xff, 0xff, 0xff, 0xff, 0xff, 0xff, 0xff, 0xff, 0xff, 0xff, 0x0, 0x0, 0xef, 0xff,
    0xff, 0xff, 0xff, 0xff, 0xff, 0xff, 0xff, 0xfe, 0x0, 0x0, 0xdf, 0xff, 0xff, 0xff, 0xff, 0xff,
    0xff, 0xff, 0xff, 0xfd, 0x0, 0x0, 0xaf, 0xff, 0xff, 0xff, 0xff, 0xff, 0xff, 0xff, 0xff, 0xfa,
    0x0, 0x0, 0x6f, 0xff, 0xff, 0xff, 0xff, 0xff, 0xff, 0xff, 0xff, 0xf6, 0x0, 0x0, 0xe, 0xff,
    0xff, 0xff, 0xff, 0xff, 0xff, 0xff, 0xff, 0xd0, 0x0, 0x0, 0x5, 0xff, 0xff, 0xff, 0xff, 0xff,
    0xff, 0xff, 0xff, 0x50, 0x0, 0x0, 0x0, 0x9f, 0xff, 0xff, 0xff, 0xff, 0xff, 0xff, 0xf9, 0x0,
    0x0, 0x0, 0x0, 0x9, 0xff, 0xff, 0xff, 0xff, 0xff, 0xff, 0x90, 0x0, 0x0, 0x0, 0x0, 0x0,
    0x5d, 0xff, 0xff, 0xff, 0xff, 0xd5, 0x0, 0x0, 0x0, 0x0, 0x0, 0x0, 0x0, 0x6a, 0xff, 0xff,
    0xa6, 0x0, 0x0, 0x0, 0x0, 0x0, 0x0, 0x0, 0x0, 0x0, 0xff, 0xff, 0x0, 0x0, 0x0, 0x0,
    0x0, 0x0, 0x0, 0x0, 0x0, 0x0, 0xff, 0xff, 0x0, 0x0, 0x0, 0x0, 0x0, 0x0, 0x0, 0x0,
    0x0, 0x0, 0xff, 0xff, 0x0, 0x0, 0x0, 0x0, 0x0, 0x0, 0x0, 0x0, 0x0, 0x0, 0xff, 0xff,
    0x0, 0x0, 0x0, 0x0, 0x0, 0x0, 0x0, 0x0, 0x0, 0x0, 0xff, 0xff, 0x0, 0x0, 0x0, 0x0,
    0x0, 0x0, 0x0, 0x0, 0x0, 0x0, 0xff, 0xff, 0x0, 0x0, 0x0, 0x0, 0x0, 0x0, 0x0, 0x0,
    0x0, 0x0, 0x0, 0x0, 0x0, 0x0, 0x0, 0x0, 0x0, 0x0, 0x0, 0x0, 0x0, 0x0, 0x0, 0x0,
    0x0, 0x0, 0x0, 0x0, 0x0, 0x0, 0x0, 0x14, 0x7a, 0xcd, 0xef, 0xfe, 0xdc, 0xa7, 0x41, 0x0,
    0x0, 0x0, 0x0, 0x0, 0x0, 0x0, 0x0, 0x0, 0x0, 0x1, 0x6b, 0xff, 0xff, 0xff, 0xff, 0xff,
    0xff, 0xff, 0xff, 0xb6, 0x10, 0x0, 0x0, 0x0, 0x0, 0x0, 0x0, 0x0, 0x3, 0x9f, 0xff, 0xff,
    0xff, 0xff, 0xff, 0xff, 0xff, 0xff, 0xff, 0xff, 0xf9, 0x30, 0x0, 0x0, 0x0, 0x0, 0x0, 0x2,
    0xbf, 0xff, 0xff, 0xff, 0xff, 0xff, 0xff, 0xff, 0xff, 0xff, 0xff, 0xff, 0xff, 0xfb, 0x20, 0x0,
    0x0, 0x0, 0x0, 0x7f, 0xff, 0xff, 0xff, 0xff, 0xff, 0xff, 0xff, 0xff, 0xff, 0xff, 0xff, 0xff,
    0xff, 0xff, 0xf7, 0x0, 0x0, 0x0, 0x2d, 0xff, 0xff, 0xff, 0xff, 0xfd, 0x96, 0x42, 0x10, 0x1,
    0x24, 0x69, 0xdf, 0xff, 0xff, 0xff, 0xff, 0xd2, 0x0, 0x4, 0xef, 0xff, 0xff, 0xff, 0xd8, 0x20,
    0x0, 0x0, 0x0, 0x0, 0x0, 0x0, 0x2, 0x8d, 0xff, 0xff, 0xff, 0xfe, 0x40, 0x7f, 0xff, 0xff,
    0xff, 0xd5, 0x0, 0x0, 0x0, 0x0, 0x0, 0x0, 0x0, 0x0, 0x0, 0x0, 0x5d, 0xff, 0xff, 0xff,
    0xf7, 0xef, 0xff, 0xff, 0xf7, 0x0, 0x0, 0x0, 0x0, 0x0, 0x0, 0x0, 0x0, 0x0, 0x0, 0x0,
    0x0, 0x7f, 0xff, 0xff, 0xfe, 0x5f, 0xff, 0xfc, 0x30, 0x0, 0x0, 0x0, 0x0, 0x0, 0x0, 0x0,
    0x0, 0x0, 0x0, 0x0, 0x0, 0x3, 0xcf, 0xff, 0xf5, 0x5, 0xff, 0xa1, 0x0, 0x0, 0x0, 0x0,
    0x37, 0xac, 0xef, 0xfe, 0xca, 0x73, 0x0, 0x0, 0x0, 0x0, 0x1a, 0xff, 0x50, 0x0, 0x46, 0x0,
    0x0, 0x0, 0x1, 0x8d, 0xff, 0xff, 0xff, 0xff, 0xff, 0xff, 0xd8, 0x10, 0x0, 0x0, 0x0, 0x64,
    0x0, 0x0, 0x0, 0x0, 0x0, 0x1, 0x8e, 0xff, 0xff, 0xff, 0xff, 0xff, 0xff, 0xff, 0xff, 0xe8,
    0x10, 0x0, 0x0, 0x0, 0x0, 0x0, 0x0, 0x0, 0x0, 0x3d, 0xff, 0xff, 0xff, 0xff, 0xff, 0xff,
    0xff, 0xff, 0xff, 0xff, 0xd3, 0x0, 0x0, 0x0, 0x0, 0x0, 0x0, 0x0, 0x6, 0xff, 0xff, 0xff,
    0xff, 0xff, 0xff, 0xff, 0xff, 0xff, 0xff, 0xff, 0xff, 0x60, 0x0, 0x0, 0x0, 0x0, 0x0, 0x0,
    0xe, 0xff, 0xff, 0xff, 0xfb, 0x73, 0x21, 0x12, 0x37, 0xbf, 0xff, 0xff, 0xff, 0xe0, 0x0, 0x0,
    0x0, 0x0, 0x0, 0x0, 0x6, 0xff, 0xff, 0xf9, 0x20, 0x0, 0x0, 0x0, 0x0, 0x2, 0x9f, 0xff,
    0xff, 0x60, 0x0, 0x0, 0x0, 0x0, 0x0, 0x0, 0x0, 0x7f, 0xfd, 0x30, 0x0, 0x0, 0x0, 0x0,
    0x0, 0x0, 0x3, 0xdf, 0xf7, 0x0, 0x0, 0x0, 0x0, 0x0, 0x0, 0x0, 0x0, 0x6, 0x81, 0x0,
    0x0, 0x0, 0x0, 0x0, 0x0, 0x0, 0x0, 0x18, 0x60, 0x0, 0x0, 0x0, 0x0, 0x0, 0x0, 0x0,
    0x0, 0x0, 0x0, 0x0, 0x0, 0x0, 0x0, 0x0, 0x0, 0x0, 0x0, 0x0, 0x0, 0x0, 0x0, 0x0,
    0x0, 0x0, 0x0, 0x0, 0x0, 0x0, 0x0, 0x0, 0x0, 0x3, 0xbe, 0xeb, 0x20, 0x0, 0x0, 0x0,
    0x0, 0x0, 0x0, 0x0, 0x0, 0x0, 0x0, 0x0, 0x0, 0x0, 0x0, 0x0, 0x0, 0x3e, 0xff, 0xff,
    0xe2, 0x0, 0x0, 0x0, 0x0, 0x0, 0x0, 0x0, 0x0, 0x0, 0x0, 0x0, 0x0, 0x0, 0x0, 0x0,
    0x0, 0xbf, 0xff, 0xff, 0xfb, 0x0, 0x0, 0x0, 0x0, 0x0, 0x0, 0x0, 0x0, 0x0, 0x0, 0x0,
    0x0, 0x0, 0x0, 0x0, 0x0, 0xef, 0xff, 0xff, 0xfe, 0x0, 0x0, 0x0, 0x0, 0x0, 0x0, 0x0,
    0x0, 0x0, 0x0, 0x0, 0x0, 0x0, 0x0, 0x0, 0x0, 0xef, 0xff, 0xff, 0xfe, 0x0, 0x0, 0x0,
    0x0, 0x0, 0x0, 0x0, 0x0, 0x0, 0x0, 0x0, 0x0, 0x0, 0x0, 0x0, 0x0, 0xbf, 0xff, 0xff,
    0xfb, 0x0, 0x0, 0x0, 0x0, 0x0, 0x0, 0x0, 0x0, 0x0, 0x0, 0x0, 0x0, 0x0, 0x0, 0x0,
    0x0, 0x3e, 0xff, 0xff, 0xe3, 0x0, 0x0, 0x0, 0x0, 0x0, 0x0, 0x0, 0x0, 0x0, 0x0, 0x0,
    0x0, 0x0, 0x0, 0x0, 0x0, 0x3, 0xbe, 0xeb, 0x30, 0x0, 0x0, 0x0, 0x0, 0x0, 0x0, 0x0,
    0x0, 0xcf, 0xfc, 0x0, 0x0, 0x0, 0x0, 0x0, 0x0, 0x0, 0x0, 0x0, 0x0, 0x0, 0x0, 0x0,
    0x0, 0xff, 0xff, 0x0, 0x0, 0x0, 0x0, 0x0, 0x0, 0x0, 0x0, 0x0, 0x0, 0x0, 0x0, 0x0,
    0x0, 0xff, 0xff, 0x0, 0x0, 0x0, 0x0, 0x0, 0x0, 0x0, 0x0, 0x6e, 0xff, 0xff, 0xff, 0xfc,
    0x0, 0xff, 0xff, 0x0, 0x0, 0x0, 0x0, 0x0, 0x0, 0x0, 0x0, 0xdf, 0xff, 0xff, 0xff, 0xff,
    0x0, 0xff, 0xff, 0x0, 0x0, 0x0, 0x0, 0x0, 0x0, 0x0, 0x0, 0x7f, 0xff, 0xff, 0xff, 0xff,
    0x0, 0xff, 0xff, 0x0, 0x0, 0x0, 0x0, 0x0, 0x0, 0x0, 0x0, 0x8, 0xff, 0xff, 0xff, 0xff,
    0x0, 0xff, 0xff, 0x0, 0x0, 0x0, 0x5d, 0xd5, 0x0, 0x0, 0x0, 0x0, 0xaf, 0xff, 0xff, 0xff,
    0x0, 0xff, 0xff, 0x0, 0x0, 0x6, 0xff, 0xff, 0x60, 0x0, 0x0, 0x6, 0xff, 0xff, 0xff, 0xff,
    0x0, 0xff, 0xff, 0x0, 0x0, 0x5f, 0xff, 0xff, 0xf5, 0x0, 0x0, 0x5f, 0xff, 0xff, 0xff, 0xff,
    0x0, 0xff, 0xff, 0x0, 0x5, 0xff, 0xff, 0xff, 0xff, 0x50, 0x5, 0xff, 0xff, 0xfa, 0xff, 0xff,
    0x0, 0xff, 0xff, 0x0, 0x5f, 0xff, 0xff, 0xff, 0xff, 0xf5, 0x5f, 0xff, 0xff, 0x60, 0x8f, 0xfe,
    0x0, 0xff, 0xff, 0x0, 0xff, 0xff, 0xf5, 0x5f, 0xff, 0xff, 0xff, 0xff, 0xf6, 0x0, 0x7, 0xd6,
    0x0, 0xff, 0xff, 0x0, 0x7f, 0xff, 0x50, 0x5, 0xff, 0xff, 0xff, 0xff, 0x60, 0x0, 0x0, 0x0,
    0x0, 0xff, 0xff, 0x0, 0x7, 0xf5, 0x0, 0x0, 0x5f, 0xff, 0xff, 0xf6, 0x0, 0x0, 0x0, 0x0,
    0x0, 0xff, 0xff, 0x0, 0x0, 0x0, 0x0, 0x0, 0x6, 0xff, 0xff, 0x60, 0x0, 0x0, 0x0, 0x0,
    0x0, 0xff, 0xff, 0x0, 0x0, 0x0, 0x0, 0x0, 0x0, 0x5d, 0xd5, 0x0, 0x0, 0x0, 0x0, 0x0,
    0x0, 0xff, 0xff, 0x0, 0x0, 0x0, 0x0, 0x0, 0x0, 0x0, 0x0, 0x0, 0x0, 0x0, 0x0, 0x0,
    0x0, 0xff, 0xff, 0x0, 0x0, 0x0, 0x0, 0x0, 0x0, 0x0, 0x0, 0x0, 0x0, 0x0, 0x0, 0x0,
    0x0, 0xff, 0xff, 0x0, 0x0, 0x0, 0x0, 0x0, 0x0, 0x0, 0x0, 0x0, 0x0, 0x0, 0x0, 0x0,
    0x0, 0xff, 0xff, 0x0, 0x0, 0x0, 0x0, 0x0, 0x0, 0x0, 0x0, 0x0, 0x0, 0x0, 0x0, 0x0,
    0x0, 0xff, 0xff, 0xff, 0xff, 0xff, 0xff, 0xff, 0xff, 0xff, 0xff, 0xff, 0xff, 0xff, 0xff, 0xff,
    0xfc, 0xff, 0xff, 0xff, 0xff, 0xff, 0xff, 0xff, 0xff, 0xff, 0xff, 0xff, 0xff, 0xff, 0xff, 0xff,
    0xff, 0xdf, 0xff, 0xff, 0xff, 0xff, 0xff, 0xff, 0xff, 0xff, 0xff, 0xff, 0xff, 0xff, 0xff, 0xff,
    0xff, 0x4d, 0xff, 0xff, 0xff, 0xff, 0xff, 0xff, 0xff, 0xff, 0xff, 0xff, 0xff, 0xff, 0xff, 0xff,
    0xfc, 0x8, 0xef, 0xff, 0xff, 0xff, 0xff, 0xff, 0xff, 0xff, 0xff, 0xff, 0xff, 0xff, 0xff, 0xff,
    0xff, 0xff, 0xfe, 0x80, 0x0, 0x8f, 0xff, 0xff, 0xff, 0xff, 0xff, 0xff, 0xff, 0xff, 0xff, 0xff,
    0xff, 0xff, 0xff, 0xff, 0xff, 0xff, 0xff, 0xf8, 0x0, 0xef, 0xff, 0xff, 0xff, 0xff, 0xff, 0xff,
    0xff, 0xff, 0xff, 0xff, 0xff, 0xff, 0xff, 0xff, 0xff, 0xff, 0xff, 0xfe, 0x0, 0xff, 0xff, 0xff,
    0xff, 0xff, 0xff, 0xff, 0xff, 0xff, 0xff, 0xff, 0xff, 0xff, 0xff, 0xff, 0xff, 0xff, 0xff, 0xff,
    0x0, 0xff, 0xff, 0x0, 0x0, 0x0, 0x0, 0x0, 0x0, 0x0, 0x0, 0x0, 0x0, 0x0, 0x0, 0x0,
    0x0, 0x0, 0xff, 0xff, 0xf8, 0xff, 0xff, 0x0, 0x0, 0x0, 0x0, 0x0, 0x0, 0x0, 0x0, 0x0,
    0x0, 0x0, 0x0, 0x0, 0x0, 0x0, 0xff, 0xff, 0xff, 0xff, 0xff, 0x0, 0xff, 0xff, 0xff, 0xff,
    0xff, 0xff, 0xff, 0xff, 0xff, 0xff, 0xff, 0xff, 0xff, 0x0, 0xff, 0xff, 0xff, 0xff, 0xff, 0x0,
    0xff, 0xff, 0xff, 0xff, 0xff, 0xff, 0xff, 0xff, 0xff, 0xff, 0xff, 0xff, 0xff, 0x0, 0xff, 0xff,
    0xff, 0xff, 0xff, 0x0, 0xff, 0xff, 0xff, 0xff, 0xff, 0xff, 0xff, 0xff, 0xff, 0xff, 0xff, 0xff,
    0xff, 0x0, 0x0, 0xff, 0xff, 0xff, 0xff, 0x0, 0xff, 0xff, 0xff, 0xff, 0xff, 0xff, 0xff, 0xff,
    0xff, 0xff, 0xff, 0xff, 0xff, 0x0, 0x0, 0xff, 0xff, 0xff, 0xff, 0x0, 0xff, 0xff, 0xff, 0xff,
    0xff, 0xff, 0xff, 0xff, 0xff, 0xff, 0xff, 0xff, 0xff, 0x0, 0x0, 0xff, 0xff, 0xff, 0xff, 0x0,
    0xff, 0xff, 0xff, 0xff, 0xff, 0xff, 0xff, 0xff, 0xff, 0xff, 0xff, 0xff, 0xff, 0x0, 0x0, 0xff,
    0xff, 0xff, 0xff, 0x0, 0xff, 0xff, 0xff, 0xff, 0xff, 0xff, 0xff, 0xff, 0xff, 0xff, 0xff, 0xff,
    0xff, 0x0, 0xff, 0xff, 0xff, 0xff, 0xff, 0x0, 0xff, 0xff, 0xff, 0xff, 0xff, 0xff, 0xff, 0xff,
    0xff, 0xff, 0xff, 0xff, 0xff, 0x0, 0xff, 0xff, 0xff, 0xff, 0xff, 0x0, 0x0, 0x0, 0x0, 0x0,
    0x0, 0x0, 0x0, 0x0, 0x0, 0x0, 0x0, 0x0, 0x0, 0x0, 0xff, 0xff, 0xff, 0xff, 0xff, 0x0,
    0x0, 0x0, 0x0, 0x0, 0x0, 0x0, 0x0, 0x0, 0x0, 0x0, 0x0, 0x0, 0x0, 0x0, 0xff, 0xff,
    0xf8, 0xff, 0xff, 0xff, 0xff, 0xff, 0xff, 0xff, 0xff, 0xff, 0xff, 0xff, 0xff, 0xff, 0xff, 0xff,
    0xff, 0xff, 0xff, 0xff, 0x0, 0xef, 0xff, 0xff, 0xff, 0xff, 0xff, 0xff, 0xff, 0xff, 0xff, 0xff,
    0xff, 0xff, 0xff, 0xff, 0xff, 0xff, 0xff, 0xfe, 0x0, 0x8f, 0xff, 0xff, 0xff, 0xff, 0xff, 0xff,
    0xff, 0xff, 0xff, 0xff, 0xff, 0xff, 0xff, 0xff, 0xff, 0xff, 0xff, 0xf8, 0x0, 0x8, 0xef, 0xff,
    0xff, 0xff, 0xff, 0xff, 0xff, 0xff, 0xff, 0xff, 0xff, 0xff, 0xff, 0xff, 0xff, 0xff, 0xfe, 0x80,
    0x0, 0x8, 0xef, 0xff, 0xff, 0xff, 0xff, 0xff, 0xff, 0xff, 0xff, 0xff, 0xff, 0xff, 0xff, 0xff,
    0xff, 0xff, 0xfe, 0x80, 0x0, 0x8f, 0xff, 0xff, 0xff, 0xff, 0xff, 0xff, 0xff, 0xff, 0xff, 0xff,
    0xff, 0xff, 0xff, 0xff, 0xff, 0xff, 0xff, 0xf8, 0x0, 0xef, 0xff, 0xff, 0xff, 0xff, 0xff, 0xff,
    0xff, 0xff, 0xff, 0xff, 0xff, 0xff, 0xff, 0xff, 0xff, 0xff, 0xff, 0xfe, 0x0, 0xff, 0xff, 0xff,
    0xff, 0xff, 0xff, 0xff, 0xff, 0xff, 0xff, 0xff, 0xff, 0xff, 0xff, 0xff, 0xff, 0xff, 0xff, 0xff,
    0x0, 0xff, 0xff, 0x0, 0x0, 0x0, 0x0, 0x0, 0x0, 0x0, 0x0, 0x0, 0x0, 0x0, 0x0, 0x0,
    0x0, 0x0, 0xff, 0xff, 0xf8, 0xff, 0xff, 0x0, 0x0, 0x0, 0x0, 0x0, 0x0, 0x0, 0x0, 0x0,
    0x0, 0x0, 0x0, 0x0, 0x0, 0x0, 0xff, 0xff, 0xff, 0xff, 0xff, 0x0, 0xff, 0xff, 0xff, 0xff,
    0xff, 0xff, 0xff, 0xff, 0xff, 0xff, 0x0, 0x0, 0x0, 0x0, 0xff, 0xff, 0xff, 0xff, 0xff, 0x0,
    0xff, 0xff, 0xff, 0xff, 0xff, 0xff, 0xff, 0xff, 0xff, 0xff, 0x0, 0x0, 0x0, 0x0, 0xff, 0xff,
    0xff, 0xff, 0xff, 0x0, 0xff, 0xff, 0xff, 0xff, 0xff, 0xff, 0xff, 0xff, 0xff, 0xff, 0x0, 0x0,
    0x0, 0x0, 0x0, 0xff, 0xff, 0xff, 0xff, 0x0, 0xff, 0xff, 0xff, 0xff, 0xff, 0xff, 0xff, 0xff,
    0xff, 0xff, 0x0, 0x0, 0x0, 0x0, 0x0, 0xff, 0xff, 0xff, 0xff, 0x0, 0xff, 0xff, 0xff, 0xff,
    0xff, 0xff, 0xff, 0xff, 0xff, 0xff, 0x0, 0x0, 0x0, 0x0, 0x0, 0xff, 0xff, 0xff, 0xff, 0x0,
    0xff, 0xff, 0xff, 0xff, 0xff, 0xff, 0xff, 0xff, 0xff, 0xff, 0x0, 0x0, 0x0, 0x0, 0x0, 0xff,
    0xff, 0xff, 0xff, 0x0, 0xff, 0xff, 0xff, 0xff, 0xff, 0xff, 0xff, 0xff, 0xff, 0xff, 0x0, 0x0,
    0x0, 0x0, 0xff, 0xff, 0xff, 0xff, 0xff, 0x0, 0xff, 0xff, 0xff, 0xff, 0xff, 0xff, 0xff, 0xff,
    0xff, 0xff, 0x0, 0x0, 0x0, 0x0, 0xff, 0xff, 0xff, 0xff, 0xff, 0x0, 0x0, 0x0, 0x0, 0x0,
    0x0, 0x0, 0x0, 0x0, 0x0, 0x0, 0x0, 0x0, 0x0, 0x0, 0xff, 0xff, 0xff, 0xff, 0xff, 0x0,
    0x0, 0x0, 0x0, 0x0, 0x0, 0x0, 0x0, 0x0, 0x0, 0x0, 0x0, 0x0, 0x0, 0x0, 0xff, 0xff,
    0xf8, 0xff, 0xff, 0xff, 0xff, 0xff, 0xff, 0xff, 0xff, 0xff, 0xff, 0xff, 0xff, 0xff, 0xff, 0xff,
    0xff, 0xff, 0xff, 0xff, 0x0, 0xef, 0xff, 0xff, 0xff, 0xff, 0xff, 0xff, 0xff, 0xff, 0xff, 0xff,
    0xff, 0xff, 0xff, 0xff, 0xff, 0xff, 0xff, 0xfe, 0x0, 0x8f, 0xff, 0xff, 0xff, 0xff, 0xff, 0xff,
    0xff, 0xff, 0xff, 0xff, 0xff, 0xff, 0xff, 0xff, 0xff, 0xff, 0xff, 0xf8, 0x0, 0x8, 0xef, 0xff,
    0xff, 0xff, 0xff, 0xff, 0xff, 0xff, 0xff, 0xff, 0xff, 0xff, 0xff, 0xff, 0xff, 0xff, 0xfe, 0x80,
    0x0, 0x8, 0xef, 0xff, 0xff, 0xff, 0xff, 0xff, 0xff, 0xff, 0xff, 0xff, 0xff, 0xff, 0xff, 0xff,
    0xff, 0xff, 0xfe, 0x80, 0x0, 0x8f, 0xff, 0xff, 0xff, 0xff, 0xff, 0xff, 0xff, 0xff, 0xff, 0xff,
    0xff, 0xff, 0xff, 0xff, 0xff, 0xff, 0xff, 0xf8, 0x0, 0xef, 0xff, 0xff, 0xff, 0xff, 0xff, 0xff,
    0xff, 0xff, 0xff, 0xff, 0xff, 0xff, 0xff, 0xff, 0xff, 0xff, 0xff, 0xfe, 0x0, 0xff, 0xff, 0xff,
    0xff, 0xff, 0xff, 0xff, 0xff, 0xff, 0xff, 0xff, 0xff, 0xff, 0xff, 0xff, 0xff, 0xff, 0xff, 0xff,
    0x0, 0xff, 0xff, 0x0, 0x0, 0x0, 0x0, 0x0, 0x0, 0x0, 0x0, 0x0, 0x0, 0x0, 0x0, 0x0,
    0x0, 0x0, 0xff, 0xff, 0xf8, 0xff, 0xff, 0x0, 0x0, 0x0, 0x0, 0x0, 0x0, 0x0, 0x0, 0x0,
    0x0, 0x0, 0x0, 0x0, 0x0, 0x0, 0xff, 0xff, 0xff, 0xff, 0xff, 0x0, 0xff, 0xff, 0xff, 0xff,
    0xff, 0xff, 0xff, 0x0, 0x0, 0x0, 0x0, 0x0, 0x0, 0x0, 0xff, 0xff, 0xff, 0xff, 0xff, 0x0,
    0xff, 0xff, 0xff, 0xff, 0xff, 0xff, 0xff, 0x0, 0x0, 0x0, 0x0, 0x0, 0x0, 0x0, 0xff, 0xff,
    0xff, 0xff, 0xff, 0x0, 0xff, 0xff, 0xff, 0xff, 0xff, 0xff, 0xff, 0x0, 0x0, 0x0, 0x0, 0x0,
    0x0, 0x0, 0x0, 0xff, 0xff, 0xff, 0xff, 0x0, 0xff, 0xff, 0xff, 0xff, 0xff, 0xff, 0xff, 0x0,
    0x0, 0x0, 0x0, 0x0, 0x0, 0x0, 0x0, 0xff, 0xff, 0xff, 0xff, 0x0, 0xff, 0xff, 0xff, 0xff,
    0xff, 0xff, 0xff, 0x0, 0x0, 0x0, 0x0, 0x0, 0x0, 0x0, 0x0, 0xff, 0xff, 0xff, 0xff, 0x0,
    0xff, 0xff, 0xff, 0xff, 0xff, 0xff, 0xff, 0x0, 0x0, 0x0, 0x0, 0x0, 0x0, 0x0, 0x0, 0xff,
    0xff, 0xff, 0xff, 0x0, 0xff, 0xff, 0xff, 0xff, 0xff, 0xff, 0xff, 0x0, 0x0, 0x0, 0x0, 0x0,
    0x0, 0x0, 0xff, 0xff, 0xff, 0xff, 0xff, 0x0, 0xff, 0xff, 0xff, 0xff, 0xff, 0xff, 0xff, 0x0,
    0x0, 0x0, 0x0, 0x0, 0x0, 0x0, 0xff, 0xff, 0xff, 0xff, 0xff, 0x0, 0x0, 0x0, 0x0, 0x0,
    0x0, 0x0, 0x0, 0x0, 0x0, 0x0, 0x0, 0x0, 0x0, 0x0, 0xff, 0xff, 0xff, 0xff, 0xff, 0x0,
    0x0, 0x0, 0x0, 0x0, 0x0, 0x0, 0x0, 0x0, 0x0, 0x0, 0x0, 0x0, 0x0, 0x0, 0xff, 0xff,
    0xf8, 0xff, 0xff, 0xff, 0xff, 0xff, 0xff, 0xff, 0xff, 0xff, 0xff, 0xff, 0xff, 0xff, 0xff, 0xff,
    0xff, 0xff, 0xff, 0xff, 0x0, 0xef, 0xff, 0xff, 0xff, 0xff, 0xff, 0xff, 0xff, 0xff, 0xff, 0xff,
    0xff, 0xff, 0xff, 0xff, 0xff, 0xff, 0xff, 0xfe, 0x0, 0x8f, 0xff, 0xff, 0xff, 0xff, 0xff, 0xff,
    0xff, 0xff, 0xff, 0xff, 0xff, 0xff, 0xff, 0xff, 0xff, 0xff, 0xff, 0xf8, 0x0, 0x8, 0xef, 0xff,
    0xff, 0xff, 0xff, 0xff, 0xff, 0xff, 0xff, 0xff, 0xff, 0xff, 0xff, 0xff, 0xff, 0xff, 0xfe, 0x80,
    0x0, 0x8, 0xef, 0xff, 0xff, 0xff, 0xff, 0xff, 0xff, 0xff, 0xff, 0xff, 0xff, 0xff, 0xff, 0xff,
    0xff, 0xff, 0xfe, 0x80, 0x0, 0x8f, 0xff, 0xff, 0xff, 0xff, 0xff, 0xff, 0xff, 0xff, 0xff, 0xff,
    0xff, 0xff, 0xff, 0xff, 0xff, 0xff, 0xff, 0xf8, 0x0, 0xef, 0xff, 0xff, 0xff, 0xff, 0xff, 0xff,
    0xff, 0xff, 0xff, 0xff, 0xff, 0xff, 0xff, 0xff, 0xff, 0xff, 0xff, 0xfe, 0x0, 0xff, 0xff, 0xff,
    0xff, 0xff, 0xff, 0xff, 0xff, 0xff, 0xff, 0xff, 0xff, 0xff, 0xff, 0xff, 0xff, 0xff, 0xff, 0xff,
    0x0, 0xff, 0xff, 0x0, 0x0, 0x0, 0x0, 0x0, 0x0, 0x0, 0x0, 0x0, 0x0, 0x0, 0x0, 0x0,
    0x0, 0x0, 0xff, 0xff, 0xf8, 0xff, 0xff, 0x0, 0x0, 0x0, 0x0, 0x0, 0x0, 0x0, 0x0, 0x0,
    0x0, 0x0, 0x0, 0x0, 0x0, 0x0, 0xff, 0xff, 0xff, 0xff, 0xff, 0x0, 0xff, 0xff, 0xff, 0xff,
    0x0, 0x0, 0x0, 0x0, 0x0, 0x0, 0x0, 0x0, 0x0, 0x0, 0xff, 0xff, 0xff, 0xff, 0xff, 0x0,
    0xff, 0xff, 0xff, 0xff, 0x0, 0x0, 0x0, 0x0, 0x0, 0x0, 0x0, 0x0, 0x0, 0x0, 0xff, 0xff,
    0xff, 0xff, 0xff, 0x0, 0xff, 0xff, 0xff, 0xff, 0x0, 0x0, 0x0, 0x0, 0x0, 0x0, 0x0, 0x0,
    0x0, 0x0, 0x0, 0xff, 0xff, 0xff, 0xff, 0x0, 0xff, 0xff, 0xff, 0xff, 0x0, 0x0, 0x0, 0x0,
    0x0, 0x0, 0x0, 0x0, 0x0, 0x0, 0x0, 0xff, 0xff, 0xff, 0xff, 0x0, 0xff, 0xff, 0xff, 0xff,
    0x0, 0x0, 0x0, 0x0, 0x0, 0x0, 0x0, 0x0, 0x0, 0x0, 0x0, 0xff, 0xff, 0xff, 0xff, 0x0,
    0xff, 0xff, 0xff, 0xff, 0x0, 0x0, 0x0, 0x0, 0x0, 0x0, 0x0, 0x0, 0x0, 0x0, 0x0, 0xff,
    0xff, 0xff, 0xff, 0x0, 0xff, 0xff, 0xff, 0xff, 0x0, 0x0, 0x0, 0x0, 0x0, 0x0, 0x0, 0x0,
    0x0, 0x0, 0xff, 0xff, 0xff, 0xff, 0xff, 0x0, 0xff, 0xff, 0xff, 0xff, 0x0, 0x0, 0x0, 0x0,
    0x0, 0x0, 0x0, 0x0, 0x0, 0x0, 0xff, 0xff, 0xff, 0xff, 0xff, 0x0, 0x0, 0x0, 0x0, 0x0,
    0x0, 0x0, 0x0, 0x0, 0x0, 0x0, 0x0, 0x0, 0x0, 0x0, 0xff, 0xff, 0xff, 0xff, 0xff, 0x0,
    0x0, 0x0, 0x0, 0x0, 0x0, 0x0, 0x0, 0x0, 0x0, 0x0, 0x0, 0x0, 0x0, 0x0, 0xff, 0xff,
    0xf8, 0xff, 0xff, 0xff, 0xff, 0xff, 0xff, 0xff, 0xff, 0xff, 0xff, 0xff, 0xff, 0xff, 0xff, 0xff,
    0xff, 0xff, 0xff, 0xff, 0x0, 0xef, 0xff, 0xff, 0xff, 0xff, 0xff, 0xff, 0xff, 0xff, 0xff, 0xff,
    0xff, 0xff, 0xff, 0xff, 0xff, 0xff, 0xff, 0xfe, 0x0, 0x8f, 0xff, 0xff, 0xff, 0xff, 0xff, 0xff,
    0xff, 0xff, 0xff, 0xff, 0xff, 0xff, 0xff, 0xff, 0xff, 0xff, 0xff, 0xf8, 0x0, 0x8, 0xef, 0xff,
    0xff, 0xff, 0xff, 0xff, 0xff, 0xff, 0xff, 0xff, 0xff, 0xff, 0xff, 0xff, 0xff, 0xff, 0xfe, 0x80,
    0x0, 0x8, 0xef, 0xff, 0xff, 0xff, 0xff, 0xff, 0xff, 0xff, 0xff, 0xff, 0xff, 0xff, 0xff, 0xff,
    0xff, 0xff, 0xfe, 0x80, 0x0, 0x8f, 0xff, 0xff, 0xff, 0xff, 0xff, 0xff, 0xff, 0xff, 0xff, 0xff,
    0xff, 0xff, 0xff, 0xff, 0xff, 0xff, 0xff, 0xf8, 0x0, 0xef, 0xff, 0xff, 0xff, 0xff, 0xff, 0xff,
    0xff, 0xff, 0xff, 0xff, 0xff, 0xff, 0xff, 0xff, 0xff, 0xff, 0xff, 0xfe, 0x0, 0xff, 0xff, 0xff,
    0xff, 0xff, 0xff, 0xff, 0xff, 0xff, 0xff, 0xff, 0xff, 0xff, 0xff, 0xff, 0xff, 0xff, 0xff, 0xff,
    0x0, 0xff, 0xff, 0x0, 0x0, 0x0, 0x0, 0x0, 0x0, 0x0, 0x0, 0x0, 0x0, 0x0, 0x0, 0x0,
    0x0, 0x0, 0xff, 0xff, 0xf8, 0xff, 0xff, 0x0, 0x0, 0x0, 0x0, 0x0, 0x0, 0x0, 0x0, 0x0,
    0x0, 0x0, 0x0, 0x0, 0x0, 0x0, 0xff, 0xff, 0xff, 0xff, 0xff, 0x0, 0x0, 0x0, 0x0, 0x0,
    0x0, 0x0, 0x0, 0x0, 0x0, 0x0, 0x0, 0x0, 0x0, 0x0, 0xff, 0xff, 0xff, 0xff, 0xff, 0x0,
    0x0, 0x0, 0x0, 0x0, 0x0, 0x0, 0x0, 0x0, 0x0, 0x0, 0x0, 0x0, 0x0, 0x0, 0xff, 0xff,
    0xff, 0xff, 0xff, 0x0, 0x0, 0x0, 0x0, 0x0, 0x0, 0x0, 0x0, 0x0, 0x0, 0x0, 0x0, 0x0,
    0x0, 0x0, 0x0, 0xff, 0xff, 0xff, 0xff, 0x0, 0x0, 0x0, 0x0, 0x0, 0x0, 0x0, 0x0, 0x0,
    0x0, 0x0, 0x0, 0x0, 0x0, 0x0, 0x0, 0xff, 0xff, 0xff, 0xff, 0x0, 0x0, 0x0, 0x0, 0x0,
    0x0, 0x0, 0x0, 0x0, 0x0, 0x0, 0x0, 0x0, 0x0, 0x0, 0x0, 0xff, 0xff, 0xff, 0xff, 0x0,
    0x0, 0x0, 0x0, 0x0, 0x0, 0x0, 0x0, 0x0, 0x0, 0x0, 0x0, 0x0, 0x0, 0x0, 0x0, 0xff,
    0xff, 0xff, 0xff, 0x0, 0x0, 0x0, 0x0, 0x0, 0x0, 0x0, 0x0, 0x0, 0x0, 0x0, 0x0, 0x0,
    0x0, 0x0, 0xff, 0xff, 0xff, 0xff, 0xff, 0x0, 0x0, 0x0, 0x0, 0x0, 0x0, 0x0, 0x0, 0x0,
    0x0, 0x0, 0x0, 0x0, 0x0, 0x0, 0xff, 0xff, 0xff, 0xff, 0xff, 0x0, 0x0, 0x0, 0x0, 0x0,
    0x0, 0x0, 0x0, 0x0, 0x0, 0x0, 0x0, 0x0, 0x0, 0x0, 0xff, 0xff, 0xff, 0xff, 0xff, 0x0,
    0x0, 0x0, 0x0, 0x0, 0x0, 0x0, 0x0, 0x0, 0x0, 0x0, 0x0, 0x0, 0x0, 0x0, 0xff, 0xff,
    0xf8, 0xff, 0xff, 0xff, 0xff, 0xff, 0xff, 0xff, 0xff, 0xff, 0xff, 0xff, 0xff, 0xff, 0xff, 0xff,
    0xff, 0xff, 0xff, 0xff, 0x0, 0xef, 0xff, 0xff, 0xff, 0xff, 0xff, 0xff, 0xff, 0xff, 0xff, 0xff,
    0xff, 0xff, 0xff, 0xff, 0xff, 0xff, 0xff, 0xfe, 0x0, 0x8f, 0xff, 0xff, 0xff, 0xff, 0xff, 0xff,
    0xff, 0xff, 0xff, 0xff, 0xff, 0xff, 0xff, 0xff, 0xff, 0xff, 0xff, 0xf8, 0x0, 0x8, 0xef, 0xff,
    0xff, 0xff, 0xff, 0xff, 0xff, 0xff, 0xff, 0xff, 0xff, 0xff, 0xff, 0xff, 0xff, 0xff, 0xfe, 0x80,
    0x0, 0x8f, 0xff, 0xff, 0xff, 0xf8, 0x0, 0x0, 0x0, 0x0, 0x0, 0x0, 0x0, 0x0, 0x0, 0x0,
    0x0, 0xff, 0xff, 0xff, 0xff, 0xff, 0x0, 0x0, 0x0, 0x0, 0x0, 0x0, 0x0, 0x0, 0x0, 0x0,
    0x0, 0xff, 0xff, 0xff, 0xff, 0xff, 0x0, 0x0, 0x0, 0x0, 0x0, 0x0, 0x0, 0x0, 0x0, 0x0,
    0x0, 0xff, 0xff, 0xff, 0xff, 0xff, 0x0, 0x0, 0x0, 0x0, 0x0, 0x0, 0x0, 0x0, 0x0, 0x0,
    0x0, 0xff, 0xff, 0xff, 0xff, 0xff, 0x0, 0x0, 0x0, 0x0, 0x0, 0x0, 0x0, 0x0, 0x0, 0x0,
    0x0, 0xff, 0xff, 0xff, 0xff, 0xff, 0x0, 0x0, 0x0, 0x0, 0x0, 0x0, 0x0, 0x0, 0x0, 0x0,
    0x0, 0xff, 0xff, 0xff, 0xff, 0xff, 0x0, 0x0, 0x0, 0x0, 0x0, 0x0, 0x0, 0x0, 0x0, 0x0,
    0x0, 0xff, 0xff, 0xff, 0xff, 0xff, 0x0, 0x0, 0x0, 0x0, 0x0, 0x0, 0x0, 0x0, 0x0, 0x0,
    0x0, 0xff, 0xff, 0xff, 0xff, 0xff, 0x0, 0x0, 0x0, 0x1, 0x9e, 0x80, 0x0, 0x0, 0x0, 0x19,
    0xe8, 0xff, 0xff, 0xff, 0xff, 0xff, 0x0, 0x0, 0x0, 0x5e, 0xff, 0xf0, 0x0, 0x0, 0x5, 0xef,
    0xff, 0xff, 0xff, 0xff, 0xff, 0xff, 0x0, 0x0, 0x2b, 0xff, 0xff, 0xf0, 0x0, 0x2, 0xbf, 0xff,
    0xff, 0xff, 0xff, 0xff, 0xff, 0xff, 0x0, 0x7, 0xef, 0xff, 0xff, 0xf0, 0x0, 0x7e, 0xff, 0xff,
    0xff, 0xff, 0xff, 0xff, 0xff, 0xff, 0x3, 0xcf, 0xff, 0xff, 0xff, 0xf0, 0x3c, 0xff, 0xff, 0xff,
    0xff, 0xff, 0xff, 0xff, 0xff, 0xff, 0x9f, 0xff, 0xff, 0xff, 0xff, 0xf9, 0xff, 0xff, 0xff, 0xff,
    0xff, 0xff, 0xff, 0xff, 0xff, 0xff, 0xff, 0xff, 0xff, 0xff, 0xff, 0xff, 0xff, 0xff, 0xff, 0xff,
    0xff, 0xff, 0xff, 0xff, 0xff, 0xff, 0xff, 0xff, 0xff, 0xff, 0xff, 0xff, 0xff, 0xff, 0xff, 0xff,
    0xff, 0xff, 0xff, 0xff, 0xff, 0xff, 0xff, 0xff, 0xff, 0xff, 0xff, 0xff, 0xff, 0xff, 0xff, 0xff,
    0xff, 0xff, 0xff, 0xff, 0xff, 0xff, 0xff, 0xff, 0xff, 0xff, 0xff, 0xff, 0xff, 0xff, 0xff, 0xff,
    0xff, 0xff, 0xff, 0xff, 0xff, 0xff, 0xff, 0xff, 0xff, 0xff, 0xff, 0xff, 0xff, 0xff, 0xff, 0xff,
    0xff, 0xff, 0xff, 0xff, 0xff, 0xff, 0xff, 0xff, 0xff, 0xff, 0xff, 0xff, 0xff, 0xff, 0xff, 0xff,
    0xff, 0xff, 0xff, 0xff, 0xff, 0xff, 0xff, 0xff, 0xff, 0xff, 0xff, 0xff, 0xff, 0xff, 0xff, 0xff,
    0xff, 0xff, 0xff, 0xff, 0xff, 0xff, 0xff, 0xff, 0xff, 0xff, 0xff, 0xff, 0xff, 0xff, 0xff, 0xff,
    0xff, 0xff, 0xff, 0xff, 0xff, 0xff, 0xff, 0xff, 0xff, 0xff, 0xff, 0xff, 0xff, 0xff, 0xff, 0xff,
    0xff, 0xff, 0xff, 0xff, 0xff, 0xff, 0xff, 0xff, 0xff, 0xff, 0xff, 0xff, 0xff, 0xff, 0xff, 0xff,
    0xff, 0xff, 0xff, 0xff, 0xff, 0xff, 0xff, 0xff, 0xff, 0xff, 0xff, 0xff, 0xff, 0xff, 0xff, 0xff,
    0xff, 0xff, 0xff, 0xff, 0xff, 0xff, 0xff, 0xff, 0xff, 0xff, 0xff, 0xff, 0xff, 0xff, 0xff, 0xff,
    0xff, 0xff, 0xff, 0xff, 0xff, 0xff, 0xff, 0xff, 0xff, 0xff, 0xff, 0xff, 0xff, 0xff, 0xff, 0xff,
    0xff, 0x8f, 0xff, 0xff, 0xff, 0xff, 0xff, 0xff, 0xff, 0xff, 0xff, 0xff, 0xff, 0xff, 0xff, 0xff,
    0xf8, 0x0, 0x0, 0x0, 0x0, 0x0, 0x0, 0x0, 0x0, 0x0, 0x0, 0x0, 0x8e, 0xe8, 0x0, 0x0,
    0x0, 0x0, 0x0, 0x0, 0x0, 0x0, 0x0, 0x0, 0x0, 0x0, 0x0, 0x0, 0x0, 0x0, 0x0, 0x0,
    0x8f, 0xff, 0xfa, 0x0, 0x0, 0x0, 0x0, 0x0, 0x0, 0x0, 0x0, 0x0, 0x0, 0x0, 0x0, 0x0,
    0x0, 0x0, 0x0, 0x23, 0x3f, 0xff, 0xff, 0xf3, 0x0, 0x0, 0x0, 0x0, 0x0, 0x0, 0x0, 0x0,
    0x0, 0x0, 0x0, 0x0, 0x0, 0x0, 0x3, 0xcf, 0xff, 0xff, 0xff, 0xff, 0x50, 0x0, 0x0, 0x0,
    0x0, 0x0, 0x0, 0x0, 0x0, 0x0, 0x0, 0x0, 0x0, 0x0, 0x2, 0xef, 0xff, 0xff, 0xff, 0xff,
    0xf3, 0x0, 0x0, 0x0, 0x0, 0x0, 0x0, 0x0, 0x0, 0x0, 0x0, 0x0, 0x0, 0x0, 0x0, 0xcf,
    0xc2, 0x1, 0xdf, 0xff, 0xfa, 0x0, 0x0, 0x0, 0x0, 0x0, 0x0, 0x0, 0x0, 0x0, 0x0, 0x0,
    0x0, 0x0, 0x0, 0x5f, 0xf2, 0x0, 0x2, 0xae, 0xe9, 0x10, 0x0, 0x0, 0x0, 0x0, 0x0, 0x0,
    0x0, 0x0, 0x0, 0x0, 0x0, 0x0, 0x0, 0xc, 0xf9, 0x0, 0x0, 0x0, 0x0, 0x0, 0x0, 0x0,
    0x0, 0x0, 0x0, 0x0, 0x0, 0x0, 0x3b, 0xee, 0xa2, 0x0, 0x0, 0x4, 0xff, 0x20, 0x0, 0x0,
    0x0, 0x0, 0x0, 0x0, 0x0, 0x0, 0x0, 0x0, 0x0, 0x0, 0x5f, 0xff, 0xff, 0xe2, 0x0, 0x0,
    0xbf, 0xa0, 0x0, 0x0, 0x0, 0x0, 0x0, 0x0, 0x0, 0x0, 0xd, 0x70, 0x0, 0x0, 0x1e, 0xff,
    0xff, 0xff, 0xb0, 0x0, 0x5f, 0xf3, 0x0, 0x0, 0x0, 0x0, 0x0, 0x0, 0x0, 0x0, 0x0, 0xff,
    0xd4, 0x0, 0x6, 0xff, 0xff, 0xff, 0xff, 0x43, 0x6e, 0xfc, 0x33, 0x33, 0x33, 0x33, 0x33, 0x33,
    0x33, 0x33, 0x33, 0x3f, 0xff, 0xfa, 0x20, 0x7f, 0xff, 0xff, 0xff, 0xff, 0xff, 0xff, 0xff, 0xff,
    0xff, 0xff, 0xff, 0xff, 0xff, 0xff, 0xff, 0xff, 0xff, 0xff, 0xfe, 0x66, 0xff, 0xff, 0xff, 0xff,
    0xff, 0xff, 0xff, 0xff, 0xff, 0xff, 0xff, 0xff, 0xff, 0xff, 0xff, 0xff, 0xff, 0xff, 0xff, 0xd4,
    0x1e, 0xff, 0xff, 0xff, 0xe1, 0x0, 0x0, 0x0, 0x7f, 0xf4, 0x0, 0x0, 0x0, 0x0, 0x0, 0x0,
    0x0, 0xff, 0xff, 0x81, 0x0, 0x5f, 0xff, 0xff, 0xf5, 0x0, 0x0, 0x0, 0x0, 0xbf, 0xb0, 0x0,
    0x0, 0x0, 0x0, 0x0, 0x0, 0xf, 0xfb, 0x20, 0x0, 0x0, 0x4b, 0xee, 0xb4, 0x0, 0x0, 0x0,
    0x0, 0x3, 0xff, 0x30, 0x0, 0x0, 0x0, 0x0, 0x0, 0x0, 0xa5, 0x0, 0x0, 0x0, 0x0, 0x0,
    0x0, 0x0, 0x0, 0x0, 0x0, 0x0, 0xb, 0xfa, 0x0, 0x0, 0x0, 0x0, 0x0, 0x0, 0x0, 0x0,
    0x0, 0x0, 0x0, 0x0, 0x0, 0x0, 0x0, 0x0, 0x0, 0x0, 0x0, 0x5f, 0xf2, 0x0, 0xd, 0xff,
    0xff, 0xfe, 0x0, 0x0, 0x0, 0x0, 0x0, 0x0, 0x0, 0x0, 0x0, 0x0, 0x0, 0x0, 0x0, 0x0,
    0xdf, 0xa0, 0x0, 0xff, 0xff, 0xff, 0xf0, 0x0, 0x0, 0x0, 0x0, 0x0, 0x0, 0x0, 0x0, 0x0,
    0x0, 0x0, 0x0, 0x0, 0x4, 0xff, 0x83, 0x3f, 0xff, 0xff, 0xff, 0x0, 0x0, 0x0, 0x0, 0x0,
    0x0, 0x0, 0x0, 0x0, 0x0, 0x0, 0x0, 0x0, 0x0, 0x8, 0xff, 0xff, 0xff, 0xff, 0xff, 0xf0,
    0x0, 0x0, 0x0, 0x0, 0x0, 0x0, 0x0, 0x0, 0x0, 0x0, 0x0, 0x0, 0x0, 0x0, 0x6, 0xdf,
    0xff, 0xff, 0xff, 0xff, 0x0, 0x0, 0x0, 0x0, 0x0, 0x0, 0x0, 0x0, 0x0, 0x0, 0x0, 0x0,
    0x0, 0x0, 0x0, 0x0, 0x0, 0xff, 0xff, 0xff, 0xf0, 0x0, 0x0, 0x0, 0x0, 0x0, 0x0, 0x0,
    0x0, 0x0, 0x0, 0x0, 0x0, 0x0, 0x0, 0x0, 0x0, 0xe, 0xff, 0xff, 0xfe, 0x0, 0x0, 0x0,
    0x0, 0x0, 0x0, 0x0, 0x0, 0x4, 0x8b, 0xde, 0xfe, 0xda, 0x62, 0x0, 0x0, 0x0, 0x0, 0x0,
    0x5, 0xcf, 0xff, 0xff, 0xff, 0xff, 0xff, 0x91, 0x0, 0x0, 0x0, 0x0, 0x8f, 0xff, 0xff, 0xfb,
    0xff, 0xff, 0xff, 0xfd, 0x20, 0x0, 0x0, 0xa, 0xff, 0xff, 0xff, 0xf1, 0xbf, 0xff, 0xff, 0xff,
    0xd1, 0x0, 0x0, 0x7f, 0xff, 0xff, 0xff, 0xf0, 0x1b, 0xff, 0xff, 0xff, 0xfa, 0x0, 0x1, 0xef,
    0xff, 0xff, 0xff, 0xf0, 0x1, 0xcf, 0xff, 0xff, 0xff, 0x30, 0x7, 0xff, 0xff, 0xff, 0xff, 0xf0,
    0x0, 0x1c, 0xff, 0xff, 0xff, 0x90, 0xd, 0xff, 0xff, 0xff, 0xff, 0xf0, 0x0, 0x1, 0xcf, 0xff,
    0xff, 0xe0, 0x2f, 0xff, 0xff, 0xef, 0xff, 0xf0, 0x0, 0x80, 0x1c, 0xff, 0xff, 0xf3, 0x6f, 0xff,
    0xfa, 0x1b, 0xff, 0xf0, 0x0, 0xf8, 0x1, 0xcf, 0xff, 0xf7, 0x8f, 0xff, 0xf2, 0x1, 0xbf, 0xf0,
    0x0, 0xff, 0x60, 0x1e, 0xff, 0xf9, 0xbf, 0xff, 0xfd, 0x10, 0x1b, 0xf0, 0x0, 0xfc, 0x10, 0x7f,
    0xff, 0xfb, 0xcf, 0xff, 0xff, 0xc1, 0x1, 0xb0, 0x0, 0xc1, 0x5, 0xff, 0xff, 0xfd, 0xef, 0xff,
    0xff, 0xfc, 0x10, 0x10, 0x0, 0x10, 0x4f, 0xff, 0xff, 0xfe, 0xef, 0xff, 0xff, 0xff, 0xc1, 0x0,
    0x0, 0x3, 0xef, 0xff, 0xff, 0xfe, 0xff, 0xff, 0xff, 0xff, 0xfb, 0x10, 0x0, 0x2e, 0xff, 0xff,
    0xff, 0xff, 0xff, 0xff, 0xff, 0xff, 0xff, 0x30, 0x0, 0x5f, 0xff, 0xff, 0xff, 0xff, 0xff, 0xff,
    0xff, 0xff, 0xf5, 0x0, 0x0, 0x7, 0xff, 0xff, 0xff, 0xfe, 0xef, 0xff, 0xff, 0xff, 0x50, 0x0,
    0x0, 0x0, 0x8f, 0xff, 0xff, 0xfe, 0xdf, 0xff, 0xff, 0xf5, 0x0, 0x60, 0x0, 0x60, 0x9, 0xff,
    0xff, 0xfd, 0xcf, 0xff, 0xff, 0x50, 0x6, 0xf0, 0x0, 0xf6, 0x0, 0xaf, 0xff, 0xfc, 0x9f, 0xff,
    0xf5, 0x0, 0x5f, 0xf0, 0x0, 0xff, 0x40, 0xb, 0xff, 0xfa, 0x7f, 0xff, 0xf5, 0x5, 0xff, 0xf0,
    0x0, 0xfc, 0x10, 0x5f, 0xff, 0xf8, 0x3f, 0xff, 0xff, 0x8f, 0xff, 0xf0, 0x0, 0xc1, 0x5, 0xff,
    0xff, 0xf5, 0xe, 0xff, 0xff, 0xff, 0xff, 0xf0, 0x0, 0x10, 0x6f, 0xff, 0xff, 0xf1, 0x9, 0xff,
    0xff, 0xff, 0xff, 0xf0, 0x0, 0x7, 0xff, 0xff, 0xff, 0xb0, 0x2, 0xff, 0xff, 0xff, 0xff, 0xf0,
    0x0, 0x8f, 0xff, 0xff, 0xff, 0x50, 0x0, 0x9f, 0xff, 0xff, 0xff, 0xf0, 0x9, 0xff, 0xff, 0xff,
    0xfc, 0x0, 0x0, 0xb, 0xff, 0xff, 0xff, 0xf0, 0xaf, 0xff, 0xff, 0xff, 0xf3, 0x0, 0x0, 0x1,
    0xaf, 0xff, 0xff, 0xfb, 0xff, 0xff, 0xff, 0xff, 0x50, 0x0, 0x0, 0x0, 0x5, 0xdf, 0xff, 0xff,
    0xff, 0xff, 0xff, 0xc3, 0x0, 0x0, 0x0, 0x0, 0x0, 0x4, 0x8c, 0xde, 0xfe, 0xdb, 0x83, 0x0,
    0x0, 0x0, 0x0, 0x0, 0x7, 0xce, 0xec, 0x70, 0x0, 0x0, 0x0, 0x2, 0xcf, 0xff, 0xff, 0xfc,
    0x20, 0x0, 0x0, 0xc, 0xff, 0xff, 0xff, 0xff, 0xc0, 0x0, 0x0, 0x7f, 0xff, 0x71, 0x17, 0xff,
    0xf7, 0x0, 0x0, 0xcf, 0xf7, 0x0, 0x0, 0x7f, 0xfc, 0x0, 0x0, 0xef, 0xf1, 0x0, 0x0, 0x1f,
    0xfe, 0x0, 0x0, 0xff, 0xf0, 0x0, 0x0, 0xf, 0xff, 0x0, 0x0, 0xff, 0xf0, 0x0, 0x0, 0xf,
    0xff, 0x0, 0x0, 0xff, 0xf0, 0x0, 0x0, 0xf, 0xff, 0x0, 0x0, 0xff, 0xf0, 0x0, 0x0, 0xf,
    0xff, 0x0, 0x0, 0xff, 0xf0, 0x0, 0x0, 0xf, 0xff, 0x0, 0x0, 0xff, 0xf0, 0x0, 0x0, 0xf,
    0xff, 0x0, 0x0, 0xff, 0xf0, 0x4d, 0xd4, 0xf, 0xff, 0x0, 0x0, 0xff, 0xf0, 0xdf, 0xfd, 0xf,
    0xff, 0x0, 0x0, 0xff, 0xf0, 0xff, 0xff, 0xf, 0xff, 0x0, 0x0, 0xff, 0xf0, 0xff, 0xff, 0xf,
    0xff, 0x0, 0x0, 0xff, 0xf0, 0xff, 0xff, 0xf, 0xff, 0x0, 0x0, 0xff, 0xf0, 0xff, 0xff, 0xf,
    0xff, 0x0, 0x1, 0xff, 0xf0, 0xff, 0xff, 0xf, 0xff, 0x10, 0x9, 0xff, 0xf0, 0xff, 0xff, 0xf,
    0xff, 0x90, 0x3f, 0xff, 0x62, 0xff, 0xff, 0x26, 0xff, 0xf3, 0x9f, 0xfb, 0x2e, 0xff, 0xff, 0xe2,
    0xbf, 0xf9, 0xdf, 0xf4, 0xbf, 0xff, 0xff, 0xfb, 0x4f, 0xfd, 0xef, 0xf1, 0xef, 0xff, 0xff, 0xfe,
    0x1f, 0xfe, 0xef, 0xf1, 0xef, 0xff, 0xff, 0xfe, 0x1f, 0xfe, 0xdf, 0xf4, 0xbf, 0xff, 0xff, 0xfb,
    0x4f, 0xfd, 0x9f, 0xfb, 0x3e, 0xff, 0xff, 0xe3, 0xaf, 0xf9, 0x3f, 0xff, 0x73, 0xbe, 0xeb, 0x37,
    0xff, 0xf3, 0x9, 0xff, 0xfb, 0x41, 0x14, 0xaf, 0xff, 0x90, 0x0, 0xbf, 0xff, 0xff, 0xff, 0xff,
    0xfb, 0x0, 0x0, 0x9, 0xff, 0xff, 0xff, 0xff, 0x90, 0x0, 0x0, 0x0, 0x39, 0xde, 0xed, 0x93,
    0x0, 0x0, 0x0, 0x0, 0x0, 0x8, 0xef, 0xff, 0xff, 0xff, 0xff, 0xff, 0xff, 0xfe, 0x80, 0x0,
    0x0, 0x0, 0x0, 0x0, 0x0, 0x8, 0xff, 0xff, 0xff, 0xff, 0xff, 0xff, 0xff, 0xff, 0xff, 0x80,
    0x0, 0x0, 0x0, 0x0, 0x0, 0x0, 0xef, 0xff, 0xff, 0xff, 0xff, 0xff, 0xff, 0xff, 0xff, 0xfe,
    0x0, 0x0, 0x0, 0x0, 0x0, 0x0, 0xf, 0xff, 0xff, 0xff, 0xff, 0xff, 0xff, 0xff, 0xff, 0xff,
    0xf0, 0x0, 0x0, 0x0, 0x0, 0x0, 0x0, 0xff, 0xff, 0xff, 0xff, 0xff, 0xff, 0xff, 0xff, 0xff,
    0xff, 0x0, 0x0, 0x0, 0x0, 0x7, 0x88, 0xf, 0xff, 0xff, 0xff, 0xff, 0xff, 0xff, 0xff, 0xff,
    0xff, 0xf0, 0x8, 0x87, 0x0, 0x5b, 0xff, 0xf0, 0xff, 0xff, 0xff, 0xff, 0xff, 0xff, 0xff, 0xff,
    0xff, 0xff, 0x0, 0xff, 0xfb, 0x55, 0xbf, 0xff, 0xf, 0xff, 0xff, 0xff, 0xff, 0xff, 0xff, 0xff,
    0xff, 0xff, 0xf0, 0xf, 0xff, 0xb5, 0x0, 0x78, 0x80, 0xff, 0xff, 0xff, 0xff, 0xff, 0xff, 0xff,
    0xff, 0xff, 0xff, 0x0, 0x88, 0x70, 0x0, 0x0, 0x0, 0xf, 0xff, 0xff, 0xff, 0xff, 0xff, 0xff,
    0xff, 0xff, 0xff, 0xf0, 0x0, 0x0, 0x0, 0x0, 0x0, 0x0, 0xff, 0xff, 0xff, 0xff, 0xff, 0xff,
    0xff, 0xff, 0xff, 0xff, 0x0, 0x0, 0x0, 0x0, 0x7, 0x88, 0xf, 0xff, 0xff, 0xff, 0xff, 0xff,
    0xff, 0xff, 0xff, 0xff, 0xf0, 0x8, 0x87, 0x0, 0x5b, 0xff, 0xf0, 0xff, 0xff, 0xff, 0xff, 0xff,
    0xff, 0xff, 0xff, 0xff, 0xff, 0x0, 0xff, 0xfb, 0x55, 0xbf, 0xff, 0xf, 0xff, 0xff, 0xff, 0xff,
    0xff, 0xff, 0xff, 0xff, 0xff, 0xf0, 0xf, 0xff, 0xb5, 0x0, 0x78, 0x80, 0xff, 0xff, 0xff, 0xff,
    0xff, 0xff, 0xff, 0xff, 0xff, 0xff, 0x0, 0x88, 0x70, 0x0, 0x0, 0x0, 0xf, 0xff, 0xff, 0xff,
    0xff, 0xff, 0xff, 0xff, 0xff, 0xff, 0xf0, 0x0, 0x0, 0x0, 0x0, 0x0, 0x0, 0xff, 0xff, 0xff,
    0xff, 0xff, 0xff, 0xff, 0xff, 0xff, 0xff, 0x0, 0x0, 0x0, 0x0, 0x7, 0x88, 0xf, 0xff, 0xff,
    0xff, 0xff, 0xff, 0xff, 0xff, 0xff, 0xff, 0xf0, 0x8, 0x87, 0x0, 0x5b, 0xff, 0xf0, 0xff, 0xff,
    0xff, 0xff, 0xff, 0xff, 0xff, 0xff, 0xff, 0xff, 0x0, 0xff, 0xfb, 0x55, 0xbf, 0xff, 0xf, 0xff,
    0xff, 0xff, 0xff, 0xff, 0xff, 0xff, 0xff, 0xff, 0xf0, 0xf, 0xff, 0xb5, 0x0, 0x78, 0x80, 0xff,
    0xff, 0xff, 0xff, 0xff, 0xff, 0xff, 0xff, 0xff, 0xff, 0x0, 0x88, 0x70, 0x0, 0x0, 0x0, 0xf,
    0xff, 0xff, 0xff, 0xff, 0xff, 0xff, 0xff, 0xff, 0xff, 0xf0, 0x0, 0x0, 0x0, 0x0, 0x0, 0x0,
    0xff, 0xff, 0xff, 0xff, 0xff, 0xff, 0xff, 0xff, 0xff, 0xff, 0x0, 0x0, 0x0, 0x0, 0x7, 0x88,
    0xf, 0xff, 0xff, 0xff, 0xff, 0xff, 0xff, 0xff, 0xff, 0xff, 0xf0, 0x8, 0x87, 0x0, 0x5b, 0xff,
    0xf0, 0xff, 0xff, 0xff, 0xff, 0xff, 0xff, 0xff, 0xff, 0xff, 0xff, 0x0, 0xff, 0xfb, 0x55, 0xbf,
    0xff, 0xf, 0xff, 0xff, 0xff, 0xff, 0xff, 0xff, 0xff, 0xff, 0xff, 0xf0, 0xf, 0xff, 0xb5, 0x0,
    0x78, 0x80, 0xff, 0xff, 0xff, 0xff, 0xff, 0xff, 0xff, 0xff, 0xff, 0xff, 0x0, 0x88, 0x70, 0x0,
    0x0, 0x0, 0xf, 0xff, 0xff, 0xff, 0xff, 0xff, 0xff, 0xff, 0xff, 0xff, 0xf0, 0x0, 0x0, 0x0,
    0x0, 0x0, 0x0, 0xff, 0xff, 0xff, 0xff, 0xff, 0xff, 0xff, 0xff, 0xff, 0xff, 0x0, 0x0, 0x0,
    0x0, 0x0, 0x0, 0xe, 0xff, 0xff, 0xff, 0xff, 0xff, 0xff, 0xff, 0xff, 0xff, 0xe0, 0x0, 0x0,
    0x0, 0x0, 0x0, 0x0, 0x8f, 0xff, 0xff, 0xff, 0xff, 0xff, 0xff, 0xff, 0xff, 0xf8, 0x0, 0x0,
    0x0, 0x0, 0x0, 0x0, 0x0, 0x8e, 0xff, 0xff, 0xff, 0xff, 0xff, 0xff, 0xff, 0xe8, 0x0, 0x0,
    0x0, 0x0, 0x0, 0x0, 0x0, 0x0, 0x9, 0xff, 0xff, 0xff, 0xff, 0x90, 0x0, 0x0, 0x0, 0x0,
    0x0, 0x0, 0x0, 0x0, 0x4f, 0xff, 0xff, 0xff, 0xff, 0xf4, 0x0, 0x0, 0x0, 0x0, 0xcf, 0xff,
    0xff, 0xff, 0xff, 0xff, 0xff, 0xff, 0xff, 0xff, 0xff, 0xff, 0xff, 0xfc, 0xff, 0xff, 0xff, 0xff,
    0xff, 0xff, 0xff, 0xff, 0xff, 0xff, 0xff, 0xff, 0xff, 0xff, 0xff, 0xff, 0xff, 0xff, 0xff, 0xff,
    0xff, 0xff, 0xff, 0xff, 0xff, 0xff, 0xff, 0xff, 0xcf, 0xff, 0xff, 0xff, 0xff, 0xff, 0xff, 0xff,
    0xff, 0xff, 0xff, 0xff, 0xff, 0xfc, 0x0, 0x0, 0x0, 0x0, 0x0, 0x0, 0x0, 0x0, 0x0, 0x0,
    0x0, 0x0, 0x0, 0x0, 0x0, 0x0, 0x0, 0x0, 0x0, 0x0, 0x0, 0x0, 0x0, 0x0, 0x0, 0x0,
    0x0, 0x0, 0x0, 0xff, 0xff, 0xff, 0xff, 0xff, 0xff, 0xff, 0xff, 0xff, 0xff, 0xff, 0xff, 0x0,
    0x0, 0xff, 0xff, 0xff, 0xff, 0xff, 0xff, 0xff, 0xff, 0xff, 0xff, 0xff, 0xff, 0x0, 0x0, 0xff,
    0xff, 0xff, 0xff, 0xff, 0xff, 0xff, 0xff, 0xff, 0xff, 0xff, 0xff, 0x0, 0x0, 0xff, 0xff, 0xff,
    0xff, 0xff, 0xff, 0xff, 0xff, 0xff, 0xff, 0xff, 0xff, 0x0, 0x0, 0xff, 0xff, 0xf3, 0x3f, 0xff,
    0xf3, 0x3f, 0xff, 0xf3, 0x3f, 0xff, 0xff, 0x0, 0x0, 0xff, 0xff, 0xf0, 0xf, 0xff, 0xf0, 0xf,
    0xff, 0xf0, 0xf, 0xff, 0xff, 0x0, 0x0, 0xff, 0xff, 0xf0, 0xf, 0xff, 0xf0, 0xf, 0xff, 0xf0,
    0xf, 0xff, 0xff, 0x0, 0x0, 0xff, 0xff, 0xf0, 0xf, 0xff, 0xf0, 0xf, 0xff, 0xf0, 0xf, 0xff,
    0xff, 0x0, 0x0, 0xff, 0xff, 0xf0, 0xf, 0xff, 0xf0, 0xf, 0xff, 0xf0, 0xf, 0xff, 0xff, 0x0,
    0x0, 0xff, 0xff, 0xf0, 0xf, 0xff, 0xf0, 0xf, 0xff, 0xf0, 0xf, 0xff, 0xff, 0x0, 0x0, 0xff,
    0xff, 0xf0, 0xf, 0xff, 0xf0, 0xf, 0xff, 0xf0, 0xf, 0xff, 0xff, 0x0, 0x0, 0xff, 0xff, 0xf0,
    0xf, 0xff, 0xf0, 0xf, 0xff, 0xf0, 0xf, 0xff, 0xff, 0x0, 0x0, 0xff, 0xff, 0xf0, 0xf, 0xff,
    0xf0, 0xf, 0xff, 0xf0, 0xf, 0xff, 0xff, 0x0, 0x0, 0xff, 0xff, 0xf0, 0xf, 0xff, 0xf0, 0xf,
    0xff, 0xf0, 0xf, 0xff, 0xff, 0x0, 0x0, 0xff, 0xff, 0xf0, 0xf, 0xff, 0xf0, 0xf, 0xff, 0xf0,
    0xf, 0xff, 0xff, 0x0, 0x0, 0xff, 0xff, 0xf0, 0xf, 0xff, 0xf0, 0xf, 0xff, 0xf0, 0xf, 0xff,
    0xff, 0x0, 0x0, 0xff, 0xff, 0xf0, 0xf, 0xff, 0xf0, 0xf, 0xff, 0xf0, 0xf, 0xff, 0xff, 0x0,
    0x0, 0xff, 0xff, 0xf0, 0xf, 0xff, 0xf0, 0xf, 0xff, 0xf0, 0xf, 0xff, 0xff, 0x0, 0x0, 0xff,
    0xff, 0xf0, 0xf, 0xff, 0xf0, 0xf, 0xff, 0xf0, 0xf, 0xff, 0xff, 0x0, 0x0, 0xff, 0xff, 0xf3,
    0x3f, 0xff, 0xf3, 0x3f, 0xff, 0xf3, 0x3f, 0xff, 0xff, 0x0, 0x0, 0xff, 0xff, 0xff, 0xff, 0xff,
    0xff, 0xff, 0xff, 0xff, 0xff, 0xff, 0xff, 0x0, 0x0, 0xef, 0xff, 0xff, 0xff, 0xff, 0xff, 0xff,
    0xff, 0xff, 0xff, 0xff, 0xfe, 0x0, 0x0, 0x8f, 0xff, 0xff, 0xff, 0xff, 0xff, 0xff, 0xff, 0xff,
    0xff, 0xff, 0xf8, 0x0, 0x0, 0x8, 0xef, 0xff, 0xff, 0xff, 0xff, 0xff, 0xff, 0xff, 0xff, 0xfe,
    0x80, 0x0, 0x0, 0x0, 0x0, 0x0, 0x0, 0x0, 0x0, 0x0, 0x0, 0x0, 0x0, 0x6, 0xde, 0xa2,
    0x0, 0x0, 0x0, 0x0, 0x0, 0x0, 0x0, 0x0, 0x0, 0x0, 0x0, 0x0, 0x0, 0x7f, 0xff, 0xfd,
    0x20, 0x0, 0x0, 0x0, 0x0, 0x0, 0x0, 0x0, 0x0, 0x0, 0x0, 0x0, 0x7, 0xff, 0xff, 0xff,
    0xd2, 0x0, 0x0, 0x0, 0x0, 0x0, 0x0, 0x0, 0x0, 0x0, 0x0, 0x0, 0x7f, 0xff, 0xff, 0xff,
    0xfd, 0x20, 0x0, 0x0, 0x0, 0x0, 0x0, 0x0, 0x0, 0x0, 0x0, 0x3, 0xff, 0xff, 0xff, 0xff,
    0xff, 0xd2, 0x0, 0x0, 0x0, 0x0, 0x0, 0x0, 0x0, 0x0, 0x0, 0x0, 0x6f, 0xff, 0xff, 0xff,
    0xff, 0xfa, 0x0, 0x0, 0x0, 0x0, 0x0, 0x0, 0x0, 0x0, 0x7, 0xc1, 0x6, 0xff, 0xff, 0xff,
    0xff, 0xfe, 0x0, 0x0, 0x0, 0x0, 0x0, 0x0, 0x0, 0x0, 0x7f, 0xfc, 0x10, 0x6f, 0xff, 0xff,
    0xff, 0xfd, 0x0, 0x0, 0x0, 0x0, 0x0, 0x0, 0x0, 0x7, 0xff, 0xff, 0xc1, 0x6, 0xff, 0xff,
    0xff, 0xf6, 0x0, 0x0, 0x0, 0x0, 0x0, 0x0, 0x0, 0x7f, 0xff, 0xff, 0xfc, 0x10, 0x6f, 0xff,
    0xff, 0x70, 0x0, 0x0, 0x0, 0x0, 0x0, 0x0, 0x7, 0xff, 0xff, 0xff, 0xff, 0xc1, 0x6, 0xff,
    0xf7, 0x0, 0x0, 0x0, 0x0, 0x0, 0x0, 0x0, 0x7f, 0xff, 0xff, 0xff, 0xff, 0xfc, 0x10, 0x6f,
    0x70, 0x0, 0x0, 0x0, 0x0, 0x0, 0x0, 0x7, 0xff, 0xff, 0xff, 0xff, 0xff, 0xff, 0xc1, 0x3,
    0x0, 0x0, 0x0, 0x0, 0x0, 0x0, 0x0, 0x7f, 0xff, 0xff, 0xff, 0xff, 0xff, 0xff, 0xfc, 0x0,
    0x0, 0x0, 0x0, 0x0, 0x0, 0x0, 0x7, 0xff, 0xff, 0xff, 0xff, 0xff, 0xff, 0xff, 0xf7, 0x0,
    0x0, 0x0, 0x0, 0x0, 0x0, 0x0, 0x7f, 0xff, 0xff, 0xff, 0xff, 0xff, 0xff, 0xff, 0x70, 0x0,
    0x0, 0x0, 0x0, 0x0, 0x0, 0x7, 0xff, 0xff, 0xff, 0xff, 0xff, 0xff, 0xff, 0xf7, 0x0, 0x0,
    0x0, 0x0, 0x0, 0x0, 0x0, 0x7f, 0xff, 0xff, 0xff, 0xff, 0xff, 0xff, 0xff, 0x70, 0x0, 0x0,
    0x0, 0x0, 0x0, 0x0, 0x7, 0xff, 0xff, 0xff, 0xff, 0xff, 0xff, 0xff, 0xf7, 0x0, 0x0, 0x0,
    0x0, 0x0, 0x0, 0x0, 0x7f, 0xff, 0xff, 0xff, 0xff, 0xff, 0xff, 0xff, 0x70, 0x0, 0x0, 0x0,
    0x0, 0x0, 0x0, 0x7, 0xff, 0xff, 0xff, 0xff, 0xff, 0xff, 0xff, 0xf7, 0x0, 0x0, 0x0, 0x0,
    0x0, 0x0, 0x0, 0x7f, 0xff, 0xff, 0xff, 0xff, 0xff, 0xff, 0xff, 0x70, 0x0, 0x0, 0x0, 0x0,
    0x0, 0x0, 0x7, 0xff, 0xff, 0xff, 0xff, 0xff, 0xff, 0xff, 0xf7, 0x0, 0x0, 0x0, 0x0, 0x0,
    0x0, 0x0, 0x3f, 0xff, 0xff, 0xff, 0xff, 0xff, 0xff, 0xff, 0x70, 0x0, 0x0, 0x0, 0x0, 0x0,
    0x0, 0x0, 0x5f, 0xff, 0xff, 0xff, 0xff, 0xff, 0xff, 0xf7, 0x0, 0x0, 0x0, 0x0, 0x0, 0x0,
    0x0, 0x0, 0x7f, 0xff, 0xff, 0xff, 0xff, 0xff, 0xff, 0x70, 0x0, 0x0, 0x0, 0x0, 0x0, 0x0,
    0x0, 0x0, 0x9f, 0xff, 0xff, 0xff, 0xff, 0xff, 0xf7, 0x0, 0x0, 0x0, 0x0, 0x0, 0x0, 0x0,
    0x0, 0x0, 0xaf, 0xff, 0xff, 0xff, 0xff, 0xff, 0x70, 0x0, 0x0, 0x0, 0x0, 0x0, 0x0, 0x0,
    0x0, 0x0, 0xcf, 0xff, 0xff, 0xff, 0xff, 0xf7, 0x0, 0x0, 0x0, 0x0, 0x0, 0x0, 0x0, 0x0,
    0x0, 0x0, 0xef, 0xff, 0xff, 0xff, 0xff, 0x70, 0x0, 0x0, 0x0, 0x0, 0x0, 0x0, 0x0, 0x0,
    0x0, 0x0, 0xff, 0xff, 0xff, 0xff, 0xf7, 0x0, 0x0, 0x0, 0x0, 0x0, 0x0, 0x0, 0x0, 0x0,
    0x0, 0x0, 0x8f, 0xec, 0xa9, 0x75, 0x30, 0x0, 0x0, 0x0, 0x0, 0x0, 0x0, 0x0, 0x0, 0x0,
    0x0, 0x0, 0x0, 0x0, 0x0, 0x0, 0x0, 0x0, 0x37, 0xac, 0xef, 0xfe, 0xca, 0x73, 0x0, 0x0,
    0x0, 0x0, 0x0, 0x0, 0x0, 0x0, 0x0, 0x0, 0x0, 0x6c, 0xff, 0xff, 0xff, 0xff, 0xff, 0xff,
    0xc6, 0x0, 0x0, 0x0, 0x0, 0x0, 0x0, 0x0, 0x0, 0x0, 0x4d, 0xff, 0xff, 0xff, 0xff, 0xff,
    0xff, 0xff, 0xff, 0xd4, 0x0, 0x0, 0x0, 0x0, 0x0, 0x0, 0x0, 0x19, 0xff, 0xff, 0xff, 0xff,
    0xff, 0xff, 0xff, 0xff, 0xff, 0xff, 0x90, 0x0, 0x0, 0x0, 0x0, 0x0, 0x1, 0xcf, 0xff, 0xff,
    0xff, 0xff, 0xb1, 0x2b, 0xff, 0xff, 0xff, 0xff, 0xfc, 0x10, 0x0, 0x0, 0x0, 0x0, 0x1d, 0xff,
    0xff, 0xff, 0xff, 0xff, 0x10, 0x4, 0xff, 0x99, 0xff, 0xff, 0xff, 0xd1, 0x0, 0x0, 0x0, 0x1,
    0xcf, 0xff, 0xff, 0xff, 0xff, 0xff, 0x20, 0x8, 0xf9, 0x0, 0xaf, 0xff, 0xff, 0xfc, 0x0, 0x0,
    0x0, 0x9, 0xff, 0xff, 0xff, 0xff, 0xff, 0xff, 0xb2, 0x2d, 0xf3, 0x0, 0x9f, 0xff, 0xff, 0xff,
    0x90, 0x0, 0x0, 0x4f, 0xff, 0xfb, 0x22, 0xbf, 0xff, 0xff, 0xff, 0xff, 0xd0, 0x0, 0xdf, 0x32,
    0xbf, 0xff, 0xf4, 0x0, 0x0, 0xdf, 0xff, 0xf2, 0x0, 0x2f, 0xff, 0xff, 0xff, 0xff, 0x80, 0x4,
    0xfd, 0x0, 0x2f, 0xff, 0xfd, 0x0, 0x6, 0xff, 0xff, 0xf2, 0x0, 0x2f, 0xff, 0xff, 0xff, 0xff,
    0x40, 0x9, 0xf8, 0x0, 0x2f, 0xff, 0xff, 0x60, 0xc, 0xff, 0xff, 0xfb, 0x22, 0xbf, 0xff, 0xff,
    0xff, 0xfd, 0x0, 0xe, 0xfb, 0x22, 0xbf, 0xff, 0xff, 0xc0, 0x3f, 0xff, 0xff, 0xff, 0xff, 0xff,
    0xff, 0xff, 0xff, 0xf9, 0x0, 0x4f, 0xff, 0xff, 0xff, 0xff, 0xff, 0xf3, 0x7f, 0xff, 0xff, 0xff,
    0xff, 0xff, 0xff, 0xff, 0xff, 0xf4, 0x0, 0x9f, 0xff, 0xff, 0xff, 0xff, 0xff, 0xf7, 0xaf, 0xff,
    0xff, 0xff, 0xff, 0xff, 0xff, 0xff, 0xff, 0xe0, 0x0, 0xef, 0xff, 0xff, 0xff, 0xff, 0xff, 0xfa,
    0xcf, 0xff, 0xff, 0xff, 0xff, 0xff, 0xff, 0xff, 0xff, 0x90, 0x4, 0xff, 0xff, 0xff, 0xff, 0xff,
    0xff, 0xfc, 0xef, 0xff, 0xff, 0xff, 0xff, 0xff, 0xff, 0xff, 0xff, 0x40, 0x9, 0xff, 0xff, 0xff,
    0xff, 0xff, 0xff, 0xfe, 0xff, 0xff, 0xff, 0xff, 0xff, 0xff, 0xff, 0xff, 0xfe, 0x0, 0xe, 0xff,
    0xff, 0xff, 0xff, 0xff, 0xff, 0xff, 0xff, 0xff, 0xb2, 0x2b, 0xff, 0xff, 0xff, 0xfd, 0x51, 0x0,
    0x4f, 0xff, 0xff, 0xff, 0xb2, 0x2b, 0xff, 0xff, 0xef, 0xff, 0x20, 0x2, 0xff, 0xff, 0xff, 0xd1,
    0x0, 0x0, 0x1d, 0xff, 0xff, 0xff, 0x20, 0x2, 0xff, 0xfe, 0xcf, 0xff, 0x20, 0x2, 0xff, 0xff,
    0xff, 0x50, 0x0, 0x0, 0x5, 0xff, 0xff, 0xff, 0x20, 0x2, 0xff, 0xfc, 0x9f, 0xff, 0xb2, 0x2b,
    0xff, 0xff, 0xff, 0x10, 0x0, 0x0, 0x1, 0xff, 0xff, 0xff, 0xb2, 0x2b, 0xff, 0xf9, 0x6f, 0xff,
    0xff, 0xff, 0xff, 0xff, 0xff, 0x10, 0x0, 0x0, 0x1, 0xff, 0xff, 0xff, 0xff, 0xff, 0xff, 0xf6,
    0x2f, 0xff, 0xff, 0xff, 0xff, 0xff, 0xff, 0x50, 0x0, 0x0, 0x5, 0xff, 0xff, 0xff, 0xff, 0xff,
    0xff, 0xf2, 0xc, 0xff, 0xff, 0xff, 0xff, 0xff, 0xff, 0xff, 0xff, 0xff, 0xff, 0xff, 0xff, 0xff,
    0xff, 0xff, 0xff, 0xc0, 0x5, 0xff, 0xff, 0xff, 0xff, 0xff, 0xff, 0xff, 0xff, 0xff, 0xff, 0xff,
    0xff, 0xff, 0xff, 0xff, 0xff, 0x50, 0x0, 0xdf, 0xff, 0xff, 0xff, 0xff, 0xff, 0xff, 0xff, 0xff,
    0xff, 0xff, 0xff, 0xff, 0xff, 0xff, 0xfd, 0x0, 0x0, 0x3d, 0xff, 0xff, 0xff, 0xff, 0xff, 0xff,
    0xff, 0xff, 0xff, 0xff, 0xff, 0xff, 0xff, 0xff, 0xd3, 0x0, 0x0, 0x0, 0x0, 0x0, 0x0, 0x0,
    0x0, 0x0, 0x7, 0xce, 0xec, 0x70, 0x0, 0x0, 0x0, 0x0, 0x0, 0x0, 0x0, 0x0, 0x0, 0x0,
    0x0, 0x0, 0x0, 0x0, 0x2c, 0xff, 0xff, 0xff, 0xc2, 0x0, 0x0, 0x0, 0x0, 0x0, 0x0, 0x0,
    0x0, 0x0, 0x0, 0x0, 0x0, 0x0, 0xc, 0xff, 0xff, 0xff, 0xff, 0xc0, 0x0, 0x0, 0x0, 0x0,
    0x0, 0x0, 0x0, 0x0, 0x0, 0x0, 0x0, 0x0, 0x7, 0xff, 0xff, 0xff, 0xff, 0xff, 0x70, 0x0,
    0x0, 0x0, 0x0, 0x0, 0x0, 0x0, 0x0, 0x0, 0x0, 0x0, 0x0, 0xcf, 0xff, 0xff, 0xff, 0xff,
    0xfc, 0x0, 0x0, 0x0, 0x0, 0x0, 0x0, 0x0, 0x0, 0x0, 0x0, 0x0, 0x0, 0xe, 0xff, 0xff,
    0xff, 0xff, 0xff, 0xe0, 0x0, 0x0, 0x0, 0x0, 0x0, 0x0, 0x0, 0x0, 0x0, 0x0, 0x0, 0x0,
    0x42, 0x0, 0x0, 0x0, 0x0, 0x0, 0x0, 0x7c, 0xef, 0xd0, 0x0, 0x0, 0x0, 0x0, 0x0, 0x0,
    0x0, 0x0, 0x0, 0x0, 0x0, 0x0, 0x0, 0x0, 0x1, 0xcf, 0xff, 0xf9, 0x0, 0x0, 0x0, 0x0,
    0x0, 0x0, 0x0, 0x0, 0x6, 0xad, 0xef, 0xff, 0xff, 0xff, 0xff, 0xef, 0xff, 0xff, 0x60, 0x0,
    0x0, 0x0, 0x0, 0x0, 0x0, 0x0, 0x5d, 0xff, 0xff, 0xff, 0xff, 0xff, 0xff, 0xff, 0xff, 0xff,
    0xf2, 0x0, 0x0, 0x0, 0x0, 0x0, 0x0, 0x0, 0x9f, 0xff, 0xff, 0xff, 0xff, 0xff, 0xff, 0xff,
    0xff, 0xff, 0xfe, 0x0, 0x0, 0x0, 0x5, 0xce, 0x0, 0x0, 0x9f, 0xff, 0xff, 0xff, 0xff, 0xff,
    0xff, 0xff, 0xff, 0xff, 0xff, 0xf7, 0x0, 0x0, 0x5, 0xff, 0xf0, 0x0, 0x5f, 0xff, 0xff, 0xff,
    0xff, 0xff, 0xff, 0xff, 0xff, 0xff, 0xff, 0xff, 0xf4, 0x0, 0x0, 0xdf, 0x81, 0x0, 0xd, 0xff,
    0xff, 0xff, 0xff, 0xff, 0xff, 0xff, 0xff, 0xff, 0xff, 0xff, 0xff, 0xc0, 0x0, 0xf, 0xf0, 0x0,
    0x6, 0xff, 0xff, 0xff, 0xff, 0xff, 0xff, 0xff, 0xff, 0xff, 0xff, 0xff, 0xff, 0xff, 0xff, 0xc0,
    0xdf, 0x70, 0x0, 0xaf, 0xff, 0xff, 0xff, 0xff, 0xff, 0xff, 0xff, 0xff, 0xff, 0xff, 0xff, 0xff,
    0xff, 0xff, 0x5, 0xff, 0xff, 0xff, 0xff, 0xff, 0xff, 0xff, 0xff, 0xff, 0xff, 0xff, 0xff, 0xf3,
    0x3f, 0xff, 0xff, 0xff, 0xf0, 0x5, 0xdf, 0xff, 0xff, 0xff, 0xff, 0xff, 0xff, 0xff, 0xff, 0xff,
    0xff, 0xff, 0x33, 0xff, 0xff, 0xff, 0xff, 0x0, 0x0, 0x0, 0xe, 0xff, 0xff, 0xff, 0xff, 0xff,
    0xff, 0xff, 0xff, 0xff, 0xff, 0xff, 0xff, 0xff, 0xff, 0xf0, 0x0, 0x0, 0x0, 0xdf, 0xff, 0xff,
    0xff, 0xff, 0xff, 0xff, 0xff, 0xff, 0xff, 0xff, 0xff, 0xff, 0xff, 0xff, 0x0, 0x0, 0x0, 0xa,
    0xff, 0xff, 0xff, 0xff, 0xff, 0xff, 0xff, 0xff, 0xff, 0xff, 0xff, 0xff, 0xff, 0xff, 0xf0, 0x0,
    0x0, 0x0, 0x5f, 0xff, 0xff, 0xff, 0xff, 0xff, 0xff, 0xff, 0xff, 0xff, 0xff, 0xff, 0xff, 0xff,
    0xff, 0x0, 0x0, 0x0, 0x0, 0xdf, 0xff, 0xff, 0xff, 0xff, 0xff, 0xff, 0xff, 0xff, 0xff, 0xff,
    0xff, 0xff, 0xff, 0xf0, 0x0, 0x0, 0x0, 0x5, 0xff, 0xff, 0xff, 0xff, 0xff, 0xff, 0xff, 0xff,
    0xff, 0xff, 0xff, 0xff, 0xff, 0xfc, 0x0, 0x0, 0x0, 0x0, 0x8, 0xff, 0xff, 0xff, 0xff, 0xff,
    0xff, 0xff, 0xff, 0xff, 0xff, 0xff, 0x80, 0x0, 0x0, 0x0, 0x0, 0x0, 0x0, 0x8, 0xff, 0xff,
    0xff, 0xff, 0xff, 0xff, 0xff, 0xff, 0xff, 0xff, 0x80, 0x0, 0x0, 0x0, 0x0, 0x0, 0x0, 0x0,
    0xf, 0xff, 0xff, 0xff, 0xff, 0xff, 0xff, 0xff, 0xff, 0xff, 0xf0, 0x0, 0x0, 0x0, 0x0, 0x0,
    0x0, 0x0, 0x0, 0xff, 0xff, 0xff, 0xff, 0xff, 0xff, 0xff, 0xff, 0xff, 0xff, 0x0, 0x0, 0x0,
    0x0, 0x0, 0x0, 0x0, 0x0, 0xf, 0xff, 0xff, 0xf0, 0x0, 0x0, 0x0, 0xf, 0xff, 0xff, 0xf0,
    0x0, 0x0, 0x0, 0x0, 0x0, 0x0, 0x0, 0x0, 0xff, 0xff, 0xff, 0x0, 0x0, 0x0, 0x0, 0xff,
    0xff, 0xff, 0x0, 0x0, 0x0, 0x0, 0x0, 0x0, 0x0, 0x0, 0xf, 0xff, 0xff, 0xf0, 0x0, 0x0,
    0x0, 0xf, 0xff, 0xff, 0xf0, 0x0, 0x0, 0x0, 0x0, 0x0, 0x0, 0x0, 0x0, 0xcf, 0xff, 0xfc,
    0x0, 0x0, 0x0, 0x0, 0xcf, 0xff, 0xfc, 0x0, 0x0, 0x0, 0x4, 0xef, 0xf8, 0x0, 0x0, 0x0,
    0x0, 0x0, 0x0, 0x0, 0x0, 0x0, 0x0, 0x0, 0x0, 0x0, 0x0, 0x8f, 0xfe, 0x40, 0xb, 0xff,
    0xf9, 0x0, 0x0, 0x0, 0x0, 0x0, 0x0, 0x0, 0x0, 0x0, 0x0, 0x0, 0x0, 0x0, 0x0, 0x9f,
    0xff, 0xb0, 0x2f, 0xff, 0xf2, 0x0, 0x0, 0x0, 0x0, 0x0, 0x0, 0x0, 0x0, 0x0, 0x0, 0x0,
    0x0, 0x0, 0x0, 0x2f, 0xff, 0xf2, 0x6f, 0xff, 0xb0, 0x0, 0x0, 0x0, 0x0, 0x0, 0x0, 0x0,
    0x0, 0x0, 0x0, 0x0, 0x0, 0x0, 0x0, 0xb, 0xff, 0xf6, 0xaf, 0xff, 0x60, 0x0, 0x5f, 0xff,
    0x50, 0x0, 0x2, 0xae, 0xea, 0x20, 0x0, 0x5, 0xff, 0xf5, 0x0, 0x7, 0xff, 0xfa, 0xcf, 0xff,
    0x30, 0x0, 0xaf, 0xff, 0x70, 0x0, 0x2e, 0xff, 0xff, 0xe2, 0x0, 0x7, 0xff, 0xfa, 0x0, 0x3,
    0xff, 0xfc, 0xef, 0xff, 0x10, 0x0, 0xdf, 0xff, 0x30, 0x0, 0xaf, 0xff, 0xff, 0xfa, 0x0, 0x3,
    0xff, 0xfd, 0x0, 0x2, 0xff, 0xfe, 0xff, 0xff, 0x10, 0x0, 0xef, 0xff, 0x10, 0x0, 0xef, 0xff,
    0xff, 0xfe, 0x0, 0x1, 0xff, 0xfe, 0x0, 0x1, 0xff, 0xff, 0xff, 0xff, 0x10, 0x0, 0xef, 0xff,
    0x10, 0x0, 0xef, 0xff, 0xff, 0xfe, 0x0, 0x1, 0xff, 0xfe, 0x0, 0x1, 0xff, 0xff, 0xef, 0xff,
    0x20, 0x0, 0xdf, 0xff, 0x30, 0x0, 0xaf, 0xff, 0xff, 0xfa, 0x0, 0x3, 0xff, 0xfd, 0x0, 0x2,
    0xff, 0xfe, 0xcf, 0xff, 0x40, 0x0, 0xaf, 0xff, 0x70, 0x0, 0x7f, 0xff, 0xff, 0xf7, 0x0, 0x7,
    0xff, 0xfa, 0x0, 0x4, 0xff, 0xfc, 0x9f, 0xff, 0x70, 0x0, 0x5f, 0xff, 0x50, 0x0, 0xcf, 0xff,
    0xff, 0xfc, 0x0, 0x5, 0xff, 0xf5, 0x0, 0x7, 0xff, 0xfa, 0x6f, 0xff, 0xb0, 0x0, 0x0, 0x0,
    0x0, 0x4, 0xff, 0xff, 0xff, 0xff, 0x40, 0x0, 0x0, 0x0, 0x0, 0xc, 0xff, 0xf6, 0x1f, 0xff,
    0xf2, 0x0, 0x0, 0x0, 0x0, 0xa, 0xff, 0xfa, 0xaf, 0xff, 0xa0, 0x0, 0x0, 0x0, 0x0, 0x2f,
    0xff, 0xf2, 0xa, 0xff, 0xf9, 0x0, 0x0, 0x0, 0x0, 0x1f, 0xff, 0xf4, 0x4f, 0xff, 0xf1, 0x0,
    0x0, 0x0, 0x0, 0x9f, 0xff, 0xb0, 0x4, 0xef, 0xf8, 0x0, 0x0, 0x0, 0x0, 0x7f, 0xff, 0xd0,
    0xd, 0xff, 0xf7, 0x0, 0x0, 0x0, 0x0, 0x7f, 0xfe, 0x40, 0x0, 0x0, 0x0, 0x0, 0x0, 0x0,
    0x0, 0xdf, 0xff, 0x70, 0x7, 0xff, 0xfd, 0x0, 0x0, 0x0, 0x0, 0x0, 0x0, 0x0, 0x0, 0x0,
    0x0, 0x0, 0x0, 0x0, 0x5, 0xff, 0xfe, 0x10, 0x1, 0xef, 0xff, 0x50, 0x0, 0x0, 0x0, 0x0,
    0x0, 0x0, 0x0, 0x0, 0x0, 0x0, 0x0, 0x0, 0xb, 0xff, 0xf9, 0x0, 0x0, 0x9f, 0xff, 0xb0,
    0x0, 0x0, 0x0, 0x0, 0x0, 0x0, 0x0, 0x0, 0x0, 0x0, 0x0, 0x0, 0x2f, 0xff, 0xf3, 0x0,
    0x0, 0x3f, 0xff, 0xf2, 0x0, 0x0, 0x0, 0x0, 0x0, 0x0, 0x0, 0x0, 0x0, 0x0, 0x0, 0x0,
    0x8f, 0xff, 0xff, 0xff, 0xff, 0xff, 0xff, 0xf8, 0x0, 0x0, 0x0, 0x0, 0x0, 0x0, 0x0, 0x0,
    0x0, 0x0, 0x0, 0x1, 0xef, 0xff, 0xff, 0xff, 0xff, 0xff, 0xff, 0xfe, 0x10, 0x0, 0x0, 0x0,
    0x0, 0x0, 0x0, 0x0, 0x0, 0x0, 0x0, 0x6, 0xff, 0xff, 0xff, 0xff, 0xff, 0xff, 0xff, 0xff,
    0x60, 0x0, 0x0, 0x0, 0x0, 0x0, 0x0, 0x0, 0x0, 0x0, 0x0, 0xc, 0xff, 0xff, 0xff, 0xff,
    0xff, 0xff, 0xff, 0xff, 0xc0, 0x0, 0x0, 0x0, 0x0, 0x0, 0x0, 0x0, 0x0, 0x0, 0x0, 0x3f,
    0xff, 0xf2, 0x0, 0x0, 0x0, 0x0, 0x2f, 0xff, 0xf3, 0x0, 0x0, 0x0, 0x0, 0x0, 0x0, 0x0,
    0x0, 0x0, 0x0, 0x9f, 0xff, 0xa0, 0x0, 0x0, 0x0, 0x0, 0xa, 0xff, 0xf9, 0x0, 0x0, 0x0,
    0x0, 0x0, 0x0, 0x0, 0x0, 0x0, 0x1, 0xff, 0xff, 0x40, 0x0, 0x0, 0x0, 0x0, 0x4, 0xff,
    0xff, 0x10, 0x0, 0x0, 0x0, 0x0, 0x0, 0x0, 0x0, 0x0, 0x7, 0xff, 0xfd, 0x0, 0x0, 0x0,
    0x0, 0x0, 0x0, 0xdf, 0xff, 0x70, 0x0, 0x0, 0x0, 0x0, 0x0, 0x0, 0x0, 0x0, 0xd, 0xff,
    0xf7, 0x0, 0x0, 0x0, 0x0, 0x0, 0x0, 0x7f, 0xff, 0xd0, 0x0, 0x0, 0x0, 0x0, 0x0, 0x0,
    0x0, 0x0, 0x4f, 0xff, 0xe1, 0x0, 0x0, 0x0, 0x0, 0x0, 0x0, 0x1e, 0xff, 0xf4, 0x0, 0x0,
    0x0, 0x0, 0x0, 0x0, 0x0, 0x0, 0x6f, 0xff, 0x90, 0x0, 0x0, 0x0, 0x0, 0x0, 0x0, 0x9,
    0xff, 0xf6, 0x0, 0x0, 0x0, 0x0, 0x0, 0x0, 0x0, 0x0, 0x5, 0xbd, 0x20, 0x0, 0x0, 0x0,
    0x0, 0x0, 0x0, 0x2, 0xdb, 0x50, 0x0, 0x0, 0x0, 0x0, 0x0, 0x0, 0x0, 0x0, 0x0, 0x0,
    0x15, 0x8b, 0xce, 0xef, 0xfe, 0xec, 0xb8, 0x51, 0x0, 0x0, 0x0, 0x0, 0x0, 0x0, 0x0, 0x6c,
    0xff, 0xff, 0xff, 0xff, 0xff, 0xff, 0xff, 0xff, 0xc6, 0x0, 0x0, 0x0, 0x0, 0x0, 0x3d, 0xff,
    0xff, 0xff, 0xff, 0xff, 0xff, 0xff, 0xff, 0xff, 0xff, 0xd3, 0x0, 0x0, 0x0, 0x0, 0xdf, 0xff,
    0xff, 0xff, 0xff, 0xff, 0xff, 0xff, 0xff, 0xff, 0xff, 0xfd, 0x0, 0x0, 0x0, 0x0, 0xdf, 0xff,
    0xff, 0xff, 0xff, 0xff, 0xff, 0xff, 0xff, 0xff, 0xff, 0xfd, 0x0, 0x0, 0x0, 0x0, 0x3d, 0xff,
    0xff, 0xff, 0xff, 0xff, 0xff, 0xff, 0xff, 0xff, 0xff, 0xd3, 0x0, 0x0, 0x0, 0x0, 0x0, 0x6c,
    0xff, 0xff, 0xff, 0xff, 0xff, 0xff, 0xff, 0xff, 0xc6, 0x0, 0x0, 0x0, 0x0, 0x0, 0x0, 0x0,
    0x15, 0x8b, 0xce, 0xef, 0xfe, 0xec, 0xb8, 0x51, 0x0, 0x6, 0x0, 0x0, 0x0, 0x0, 0x0, 0x0,
    0x0, 0x0, 0x0, 0x0, 0x0, 0x0, 0x0, 0x0, 0x16, 0xcf, 0x0, 0x0, 0x0, 0x0, 0x0, 0x0,
    0x0, 0x0, 0x0, 0x0, 0x0, 0x23, 0x46, 0x9c, 0xff, 0xff, 0x0, 0x0, 0x3, 0x7a, 0xcd, 0xef,
    0xfe, 0xdc, 0xa7, 0x30, 0x0, 0x4c, 0xff, 0xff, 0xff, 0xfd, 0x0, 0x18, 0xdf, 0xff, 0xff, 0xff,
    0xff, 0xff, 0xff, 0xfd, 0x81, 0x1, 0xaf, 0xff, 0xff, 0xd3, 0x6, 0xef, 0xff, 0xff, 0xff, 0xff,
    0xff, 0xff, 0xff, 0xff, 0xfe, 0x60, 0xc, 0xff, 0xc6, 0x10, 0x6f, 0xff, 0xff, 0xff, 0xff, 0xff,
    0xff, 0xff, 0xff, 0xff, 0xff, 0xf6, 0x3, 0x52, 0x0, 0x6, 0xdf, 0xff, 0xff, 0xff, 0xff, 0xff,
    0xff, 0xff, 0xff, 0xff, 0xff, 0xfd, 0x0, 0x0, 0x16, 0xcf, 0xdf, 0xff, 0xff, 0xff, 0xff, 0xff,
    0xff, 0xff, 0xff, 0xff, 0xff, 0xfd, 0x0, 0x9c, 0xff, 0xff, 0x6f, 0xff, 0xff, 0xff, 0xff, 0xff,
    0xff, 0xff, 0xff, 0xff, 0xff, 0xf6, 0x0, 0xff, 0xff, 0xfd, 0x6, 0xef, 0xff, 0xff, 0xff, 0xff,
    0xff, 0xff, 0xff, 0xff, 0xfe, 0x60, 0x0, 0xff, 0xff, 0xd3, 0x10, 0x18, 0xdf, 0xff, 0xff, 0xff,
    0xff, 0xff, 0xff, 0xfd, 0x81, 0x1, 0x0, 0xff, 0xc7, 0x10, 0xd4, 0x0, 0x3, 0x7a, 0xcd, 0xef,
    0xfe, 0xdc, 0xa7, 0x30, 0x0, 0x4d, 0x0, 0x52, 0x0, 0x0, 0xff, 0xb5, 0x10, 0x0, 0x0, 0x0,
    0x0, 0x0, 0x0, 0x1, 0x5b, 0xff, 0x0, 0x0, 0x0, 0x0, 0xff, 0xff, 0xfc, 0x96, 0x32, 0x10,
    0x1, 0x23, 0x58, 0xbf, 0xff, 0xff, 0x0, 0x0, 0x0, 0x0, 0xdf, 0xff, 0xff, 0xff, 0xff, 0xff,
    0xff, 0xff, 0xff, 0xff, 0xff, 0xfd, 0x0, 0x0, 0x0, 0x0, 0x3d, 0xff, 0xff, 0xff, 0xff, 0xff,
    0xff, 0xff, 0xff, 0xff, 0xff, 0xd3, 0x0, 0x0, 0x0, 0x0, 0x0, 0x6c, 0xff, 0xff, 0xff, 0xff,
    0xff, 0xff, 0xff, 0xff, 0xc6, 0x0, 0x0, 0x0, 0x0, 0x0, 0x60, 0x0, 0x15, 0x8b, 0xce, 0xef,
    0xfe, 0xec, 0xb8, 0x51, 0x0, 0x6, 0x0, 0x0, 0x0, 0x0, 0xfc, 0x61, 0x0, 0x0, 0x0, 0x0,
    0x0, 0x0, 0x0, 0x0, 0x16, 0xcf, 0x0, 0x0, 0x0, 0x0, 0xff, 0xff, 0xc8, 0x64, 0x21, 0x0,
    0x0, 0x12, 0x46, 0x8c, 0xff, 0xff, 0x0, 0x0, 0x0, 0x0, 0xdf, 0xff, 0xff, 0xff, 0xff, 0xff,
    0xff, 0xff, 0xff, 0xff, 0xff, 0xfd, 0x0, 0x0, 0x0, 0x0, 0x3d, 0xff, 0xff, 0xff, 0xff, 0xff,
    0xff, 0xff, 0xff, 0xff, 0xff, 0xd3, 0x0, 0x0, 0x0, 0x0, 0x0, 0x6c, 0xff, 0xff, 0xff, 0xff,
    0xff, 0xff, 0xff, 0xff, 0xc6, 0x0, 0x0, 0x0, 0x0, 0x0, 0x0, 0x0, 0x15, 0x8b, 0xce, 0xef,
    0xfe, 0xec, 0xb8, 0x51, 0x0, 0x0, 0x0, 0x0, 0x0, 0x0, 0x0, 0x0, 0x0, 0x0, 0x0, 0x0,
    0x0, 0x0, 0x0, 0x0, 0x0, 0x0, 0x14, 0x79, 0xbd, 0xef, 0xee, 0xc9, 0x61, 0x0, 0x0, 0x0,
    0x0, 0x0, 0x0, 0x0, 0x0, 0x0, 0x0, 0x0, 0x36, 0xad, 0xff, 0xff, 0xff, 0xff, 0xff, 0xff,
    0xff, 0xb3, 0x0, 0x0, 0x0, 0x0, 0x0, 0x0, 0x0, 0x1, 0x47, 0xbe, 0xff, 0xff, 0xff, 0xff,
    0xff, 0xff, 0xff, 0xff, 0xff, 0xfd, 0x5e, 0xeb, 0x85, 0x43, 0x23, 0x45, 0x8a, 0xdf, 0xff, 0xff,
    0xff, 0xff, 0xff, 0xff, 0xff, 0xff, 0xfa, 0x47, 0xcf, 0xff, 0xef, 0xff, 0xff, 0xff, 0xff, 0xff,
    0xff, 0xff, 0xff, 0xff, 0xff, 0xff, 0xff, 0xff, 0xff, 0xff, 0xfc, 0x0, 0xf, 0xff, 0xff, 0xff,
    0xff, 0xff, 0xff, 0xff, 0xff, 0xff, 0xff, 0xff, 0xff, 0xff, 0xff, 0xff, 0xff, 0xff, 0xff, 0x70,
    0xf, 0xff, 0xff, 0xf5, 0x8a, 0xcf, 0xff, 0xff, 0xff, 0xff, 0xff, 0xff, 0xff, 0xff, 0xff, 0xff,
    0xff, 0xff, 0xff, 0xf9, 0x2f, 0xff, 0xff, 0xf0, 0x0, 0x5f, 0xff, 0xff, 0xff, 0xff, 0xff, 0xff,
    0xff, 0xff, 0xff, 0xff, 0xff, 0xff, 0xff, 0xff, 0xff, 0xff, 0xff, 0xf0, 0x1, 0xdf, 0xff, 0xff,
    0xff, 0xff, 0xfc, 0x41, 0x14, 0xcf, 0xff, 0xff, 0xff, 0xff, 0xff, 0xff, 0xff, 0xff, 0xff, 0xf1,
    0x4c, 0xff, 0xff, 0xff, 0xff, 0xff, 0xb0, 0x0, 0x0, 0xb, 0xff, 0xff, 0xff, 0xff, 0xff, 0xff,
    0xff, 0xff, 0xff, 0xff, 0xff, 0xff, 0xff, 0xff, 0xff, 0xfd, 0x10, 0x0, 0x0, 0x1, 0xdf, 0xff,
    0xff, 0xff, 0xff, 0xff, 0xff, 0xff, 0xff, 0xff, 0xff, 0xff, 0xff, 0xff, 0xff, 0xf7, 0x0, 0x0,
    0x0, 0x0, 0x7f, 0xff, 0xff, 0xff, 0xff, 0xff, 0xff, 0xff, 0xff, 0xff, 0xff, 0xff, 0xff, 0xff,
    0xff, 0xf2, 0x0, 0x0, 0x0, 0x0, 0x3f, 0xff, 0xff, 0xff, 0xff, 0xff, 0xff, 0xff, 0xff, 0xff,
    0xff, 0xff, 0xff, 0xff, 0xff, 0xf1, 0x0, 0x0, 0x0, 0x0, 0x1f, 0xff, 0xff, 0xff, 0xff, 0xff,
    0xff, 0xff, 0xff, 0xff, 0xff, 0xff, 0xff, 0xff, 0xff, 0xf1, 0x0, 0x0, 0x0, 0x0, 0x1f, 0xff,
    0xff, 0xff, 0xff, 0xff, 0xff, 0xff, 0xff, 0xff, 0xff, 0xff, 0xff, 0xff, 0xff, 0xf2, 0x0, 0x0,
    0x0, 0x0, 0x3f, 0xff, 0xff, 0xff, 0xff, 0xff, 0xff, 0xff, 0xff, 0xff, 0xff, 0xff, 0xff, 0xff,
    0xff, 0xf7, 0x0, 0x0, 0x0, 0x0, 0x7f, 0xff, 0xff, 0xff, 0xff, 0xff, 0xff, 0xff, 0xff, 0xff,
    0xff, 0xff, 0xff, 0xff, 0xff, 0xfd, 0x10, 0x0, 0x0, 0x1, 0xdf, 0xff, 0xff, 0xff, 0xff, 0xff,
    0xff, 0xff, 0xff, 0xff, 0xff, 0xff, 0xff, 0xff, 0xff, 0xff, 0xb0, 0x0, 0x0, 0xb, 0xff, 0xff,
    0xff, 0xff, 0xff, 0xfb, 0x4f, 0xff, 0xff, 0xff, 0xff, 0xff, 0xff, 0xff, 0xff, 0xff, 0xfc, 0x41,
    0x14, 0xcf, 0xff, 0xff, 0xff, 0xff, 0xff, 0x80, 0xf, 0xff, 0xff, 0xff, 0xff, 0xff, 0xff, 0xff,
    0xff, 0xff, 0xff, 0xff, 0xff, 0xff, 0xff, 0xff, 0xff, 0xff, 0xfd, 0x0, 0xf, 0xff, 0xff, 0xf2,
    0x6d, 0xff, 0xff, 0xff, 0xff, 0xff, 0xff, 0xff, 0xff, 0xff, 0xff, 0xff, 0xff, 0xff, 0xfe, 0xa8,
    0x5f, 0xff, 0xff, 0xf0, 0x1, 0xdf, 0xff, 0xff, 0xff, 0xff, 0xff, 0xff, 0xff, 0xff, 0xff, 0xff,
    0xff, 0xff, 0xff, 0xff, 0xff, 0xff, 0xff, 0xf0, 0x0, 0x5f, 0xff, 0xff, 0xff, 0xff, 0xff, 0xff,
    0xff, 0xff, 0xff, 0xff, 0xff, 0xff, 0xff, 0xff, 0xff, 0xfe, 0xff, 0xfc, 0x84, 0x3f, 0xff, 0xff,
    0xff, 0xff, 0xff, 0xff, 0xff, 0xff, 0xfd, 0xa8, 0x64, 0x32, 0x34, 0x58, 0xbe, 0xe5, 0xdf, 0xff,
    0xff, 0xff, 0xff, 0xff, 0xff, 0xff, 0xff, 0xff, 0xeb, 0x74, 0x10, 0x0, 0x0, 0x0, 0x0, 0x0,
    0x0, 0x0, 0x3b, 0xff, 0xff, 0xff, 0xff, 0xff, 0xff, 0xff, 0xda, 0x63, 0x0, 0x0, 0x0, 0x0,
    0x0, 0x0, 0x0, 0x0, 0x0, 0x0, 0x0, 0x16, 0x9c, 0xee, 0xfe, 0xdb, 0x97, 0x41, 0x0, 0x0,
    0x0, 0x0, 0x0, 0x0, 0x0, 0x0, 0x0, 0x0, 0x0, 0x0, 0x3, 0xbe, 0xff, 0xff, 0xff, 0xff,
    0xff, 0xff, 0xff, 0xff, 0xff, 0xff, 0xff, 0xfe, 0x80, 0x0, 0x3e, 0xff, 0xff, 0xff, 0xff, 0xff,
    0xff, 0xff, 0xff, 0xff, 0xff, 0xff, 0xff, 0xff, 0xf8, 0x0, 0xbf, 0xff, 0xff, 0xff, 0xff, 0xff,
    0xff, 0xff, 0xff, 0xff, 0xff, 0xff, 0xff, 0xff, 0xfe, 0x0, 0xef, 0xff, 0xff, 0xff, 0xff, 0xff,
    0xff, 0xff, 0xff, 0xff, 0xff, 0xff, 0xff, 0xff, 0xfc, 0x0, 0xff, 0xff, 0x30, 0x0, 0x0, 0x0,
    0x0, 0x0, 0x0, 0x0, 0x0, 0x0, 0x0, 0x0, 0x0, 0x0, 0xff, 0xff, 0x30, 0x0, 0x0, 0x0,
    0x0, 0x0, 0x0, 0x0, 0x0, 0x0, 0x0, 0x0, 0x0, 0x0, 0xff, 0xff, 0xff, 0xff, 0xff, 0xff,
    0xff, 0xff, 0xff, 0xff, 0xff, 0xff, 0xff, 0xff, 0xfd, 0x70, 0xff, 0xff, 0xff, 0xff, 0xff, 0xff,
    0xff, 0xff, 0xff, 0xff, 0xff, 0xff, 0xff, 0xff, 0xff, 0xf8, 0xff, 0xff, 0xff, 0xff, 0xff, 0xff,
    0xff, 0xff, 0xff, 0xff, 0xff, 0xff, 0xff, 0xff, 0xff, 0xfe, 0xff, 0xff, 0xff, 0xff, 0xff, 0xff,
    0xff, 0xff, 0xff, 0xff, 0xff, 0xff, 0xff, 0xff, 0xff, 0xff, 0xff, 0xff, 0xff, 0xff, 0xff, 0xff,
    0xff, 0xff, 0xff, 0xff, 0xff, 0xff, 0xff, 0xff, 0xff, 0xff, 0xff, 0xff, 0xff, 0xff, 0xff, 0xff,
    0xff, 0xff, 0xff, 0xff, 0xff, 0xff, 0xff, 0xff, 0xff, 0xff, 0xff, 0xff, 0xff, 0xff, 0xff, 0xff,
    0xff, 0xff, 0xff, 0xff, 0xff, 0xff, 0xff, 0xff, 0xff, 0xff, 0xff, 0xff, 0xff, 0xff, 0xff, 0xff,
    0xff, 0xff, 0xff, 0xff, 0xff, 0xff, 0xff, 0xff, 0xff, 0xff, 0xff, 0xff, 0xff, 0xff, 0xff, 0xff,
    0xff, 0xff, 0xff, 0xff, 0xff, 0xff, 0xff, 0xff, 0xff, 0xff, 0xff, 0xff, 0xff, 0xff, 0xff, 0xff,
    0xff, 0xff, 0xff, 0xff, 0xff, 0xff, 0xb2, 0x2b, 0xff, 0xff, 0xff, 0xff, 0xff, 0xff, 0xff, 0xff,
    0xff, 0xff, 0xff, 0xff, 0xff, 0xff, 0x20, 0x2, 0xff, 0xff, 0xff, 0xff, 0xff, 0xff, 0xff, 0xff,
    0xff, 0xff, 0xff, 0xff, 0xff, 0xff, 0x20, 0x2, 0xff, 0xff, 0xff, 0xff, 0xff, 0xff, 0xff, 0xff,
    0xff, 0xff, 0xff, 0xff, 0xff, 0xff, 0xb2, 0x2b, 0xff, 0xff, 0xff, 0xff, 0xff, 0xff, 0xff, 0xff,
    0xff, 0xff, 0xff, 0xff, 0xff, 0xff, 0xff, 0xff, 0xff, 0xff, 0xff, 0xff, 0xff, 0xff, 0xff, 0xff,
    0xff, 0xff, 0xff, 0xff, 0xff, 0xff, 0xff, 0xff, 0xff, 0xff, 0xff, 0xff, 0xff, 0xff, 0xff, 0xff,
    0xff, 0xff, 0xff, 0xff, 0xff, 0xff, 0xff, 0xff, 0xff, 0xff, 0xff, 0xff, 0xff, 0xff, 0xff, 0xff,
    0xff, 0xff, 0xff, 0xff, 0xff, 0xff, 0xff, 0xff, 0xff, 0xff, 0xff, 0xff, 0xff, 0xff, 0xff, 0xff,
    0xff, 0xff, 0xff, 0xff, 0xff, 0xff, 0xff, 0xff, 0xff, 0xff, 0xef, 0xff, 0xff, 0xff, 0xff, 0xff,
    0xff, 0xff, 0xff, 0xff, 0xff, 0xff, 0xff, 0xff, 0xff, 0xff, 0xbf, 0xff, 0xff, 0xff, 0xff, 0xff,
    0xff, 0xff, 0xff, 0xff, 0xff, 0xff, 0xff, 0xff, 0xff, 0xfd, 0x3e, 0xff, 0xff, 0xff, 0xff, 0xff,
    0xff, 0xff, 0xff, 0xff, 0xff, 0xff, 0xff, 0xff, 0xff, 0xf8, 0x3, 0xbe, 0xff, 0xff, 0xff, 0xff,
    0xff, 0xff, 0xff, 0xff, 0xff, 0xff, 0xff, 0xff, 0xfd, 0x70, 0x0, 0x0, 0x0, 0x0, 0x0, 0x3b,
    0xff, 0xff, 0xff, 0xff, 0xff, 0xff, 0xff, 0xff, 0xff, 0xff, 0xff, 0xff, 0xeb, 0x20, 0x0, 0x0,
    0x0, 0x0, 0x5, 0xff, 0xff, 0xff, 0xff, 0xff, 0xff, 0xff, 0xff, 0xff, 0xff, 0xff, 0xff, 0xff,
    0xff, 0xe2, 0x0, 0x0, 0x0, 0x0, 0x5f, 0xff, 0xff, 0xff, 0xff, 0xff, 0xff, 0xff, 0xff, 0xff,
    0xff, 0xff, 0xff, 0xff, 0xff, 0xfb, 0x0, 0x0, 0x0, 0x5, 0xff, 0xff, 0xff, 0xff, 0xff, 0xff,
    0xff, 0xff, 0xff, 0xff, 0xff, 0xff, 0xff, 0xff, 0xff, 0xfe, 0x0, 0x0, 0x0, 0x5f, 0xff, 0xff,
    0xff, 0xff, 0xff, 0xff, 0xff, 0xff, 0xff, 0xff, 0xff, 0xff, 0xff, 0xff, 0xff, 0xff, 0x0, 0x0,
    0x5, 0xff, 0xff, 0xff, 0xff, 0xff, 0xff, 0x80, 0xaf, 0xff, 0xff, 0xfa, 0x8, 0xff, 0xff, 0xff,
    0xff, 0xff, 0x0, 0x0, 0x5f, 0xff, 0xff, 0xff, 0xff, 0xff, 0xf8, 0x0, 0xa, 0xff, 0xff, 0xa0,
    0x0, 0x8f, 0xff, 0xff, 0xff, 0xff, 0x0, 0x5, 0xff, 0xff, 0xff, 0xff, 0xff, 0xff, 0xf0, 0x0,
    0x0, 0xaf, 0xfa, 0x0, 0x0, 0xf, 0xff, 0xff, 0xff, 0xff, 0x0, 0x6f, 0xff, 0xff, 0xff, 0xff,
    0xff, 0xff, 0xfa, 0x0, 0x0, 0xa, 0xa0, 0x0, 0x0, 0xaf, 0xff, 0xff, 0xff, 0xff, 0x6, 0xff,
    0xff, 0xff, 0xff, 0xff, 0xff, 0xff, 0xff, 0xa0, 0x0, 0x0, 0x0, 0x0, 0xa, 0xff, 0xff, 0xff,
    0xff, 0xff, 0x5f, 0xff, 0xff, 0xff, 0xff, 0xff, 0xff, 0xff, 0xff, 0xfa, 0x0, 0x0, 0x0, 0x0,
    0xaf, 0xff, 0xff, 0xff, 0xff, 0xff, 0xdf, 0xff, 0xff, 0xff, 0xff, 0xff, 0xff, 0xff, 0xff, 0xff,
    0xa0, 0x0, 0x0, 0xa, 0xff, 0xff, 0xff, 0xff, 0xff, 0xff, 0xdf, 0xff, 0xff, 0xff, 0xff, 0xff,
    0xff, 0xff, 0xff, 0xff, 0xa0, 0x0, 0x0, 0xa, 0xff, 0xff, 0xff, 0xff, 0xff, 0xff, 0x5f, 0xff,
    0xff, 0xff, 0xff, 0xff, 0xff, 0xff, 0xff, 0xfa, 0x0, 0x0, 0x0, 0x0, 0xaf, 0xff, 0xff, 0xff,
    0xff, 0xff, 0x6, 0xff, 0xff, 0xff, 0xff, 0xff, 0xff, 0xff, 0xff, 0xa0, 0x0, 0x0, 0x0, 0x0,
    0xa, 0xff, 0xff, 0xff, 0xff, 0xff, 0x0, 0x6f, 0xff, 0xff, 0xff, 0xff, 0xff, 0xff, 0xfa, 0x0,
    0x0, 0xa, 0xa0, 0x0, 0x0, 0xaf, 0xff, 0xff, 0xff, 0xff, 0x0, 0x6, 0xff, 0xff, 0xff, 0xff,
    0xff, 0xff, 0xf0, 0x0, 0x0, 0xaf, 0xfa, 0x0, 0x0, 0xf, 0xff, 0xff, 0xff, 0xff, 0x0, 0x0,
    0x5f, 0xff, 0xff, 0xff, 0xff, 0xff, 0xf8, 0x0, 0xa, 0xff, 0xff, 0xa0, 0x0, 0x8f, 0xff, 0xff,
    0xff, 0xff, 0x0, 0x0, 0x5, 0xff, 0xff, 0xff, 0xff, 0xff, 0xff, 0x80, 0xaf, 0xff, 0xff, 0xfa,
    0x8, 0xff, 0xff, 0xff, 0xff, 0xff, 0x0, 0x0, 0x0, 0x5f, 0xff, 0xff, 0xff, 0xff, 0xff, 0xff,
    0xff, 0xff, 0xff, 0xff, 0xff, 0xff, 0xff, 0xff, 0xff, 0xff, 0x0, 0x0, 0x0, 0x5, 0xff, 0xff,
    0xff, 0xff, 0xff, 0xff, 0xff, 0xff, 0xff, 0xff, 0xff, 0xff, 0xff, 0xff, 0xff, 0xfe, 0x0, 0x0,
    0x0, 0x0, 0x5f, 0xff, 0xff, 0xff, 0xff, 0xff, 0xff, 0xff, 0xff, 0xff, 0xff, 0xff, 0xff, 0xff,
    0xff, 0xfb, 0x0, 0x0, 0x0, 0x0, 0x5, 0xff, 0xff, 0xff, 0xff, 0xff, 0xff, 0xff, 0xff, 0xff,
    0xff, 0xff, 0xff, 0xff, 0xff, 0xe3, 0x0, 0x0, 0x0, 0x0, 0x0, 0x3b, 0xff, 0xff, 0xff, 0xff,
    0xff, 0xff, 0xff, 0xff, 0xff, 0xff, 0xff, 0xff, 0xeb, 0x30, 0x0, 0x1, 0xbf, 0xff, 0xff, 0xff,
    0xff, 0xff, 0xff, 0xff, 0xff, 0xff, 0xff, 0xff, 0xff, 0xff, 0xff, 0xfb, 0x10, 0x0, 0x0, 0x7,
    0xff, 0xff, 0xff, 0xff, 0xff, 0xff, 0xff, 0xff, 0xff, 0xff, 0xff, 0xff, 0xff, 0xff, 0xff, 0xff,
    0x70, 0x0, 0x0, 0xb, 0xff, 0xff, 0xff, 0xff, 0xff, 0xff, 0xff, 0xff, 0xff, 0xff, 0xff, 0xff,
    0xff, 0xff, 0xff, 0xff, 0xa0, 0x0, 0x0, 0xd, 0xff, 0xff, 0xff, 0xff, 0xff, 0xff, 0xff, 0xff,
    0xff, 0xff, 0xff, 0xff, 0xff, 0xff, 0xff, 0xff, 0xd0, 0x0, 0x0, 0x1f, 0xff, 0xf1, 0x0, 0x0,
    0xd, 0xff, 0x30, 0x0, 0x0, 0x3, 0xff, 0xd0, 0x0, 0x0, 0x2f, 0xff, 0xf1, 0x0, 0x0, 0x3f,
    0xff, 0xe0, 0x0, 0x0, 0xf, 0xff, 0x10, 0x0, 0x0, 0x1, 0xff, 0xf0, 0x0, 0x0, 0xe, 0xff,
    0xf3, 0x0, 0x0, 0x6f, 0xff, 0xb0, 0x0, 0x0, 0x1f, 0xff, 0x0, 0x0, 0x0, 0x0, 0xff, 0xf1,
    0x0, 0x0, 0xb, 0xff, 0xf6, 0x0, 0x0, 0x8f, 0xff, 0x80, 0x0, 0x0, 0x3f, 0xfd, 0x0, 0x0,
    0x0, 0x0, 0xdf, 0xf3, 0x0, 0x0, 0x9, 0xff, 0xf8, 0x0, 0x0, 0xbf, 0xff, 0x60, 0x0, 0x0,
    0x4f, 0xfc, 0x0, 0x0, 0x0, 0x0, 0xcf, 0xf4, 0x0, 0x0, 0x6, 0xff, 0xfb, 0x0, 0x0, 0xef,
    0xff, 0x30, 0x0, 0x0, 0x6f, 0xfa, 0x0, 0x0, 0x0, 0x0, 0xaf, 0xf6, 0x0, 0x0, 0x3, 0xff,
    0xfd, 0x0, 0x1, 0xff, 0xff, 0xff, 0xff, 0xff, 0xff, 0xff, 0xff, 0xff, 0xff, 0xff, 0xff, 0xff,
    0xff, 0xff, 0xff, 0xff, 0xff, 0x10, 0x4, 0xff, 0xff, 0xff, 0xff, 0xff, 0xff, 0xff, 0xff, 0xff,
    0xff, 0xff, 0xff, 0xff, 0xff, 0xff, 0xff, 0xff, 0xff, 0x30, 0x6, 0xff, 0xff, 0xff, 0xff, 0xff,
    0xff, 0xff, 0xff, 0xff, 0xff, 0xff, 0xff, 0xff, 0xff, 0xff, 0xff, 0xff, 0xff, 0x60, 0x9, 0xff,
    0xf8, 0x0, 0x0, 0x0, 0xcf, 0xf4, 0x0, 0x0, 0x0, 0x0, 0x4f, 0xfc, 0x0, 0x0, 0x0, 0x8f,
    0xff, 0x90, 0xb, 0xff, 0xf6, 0x0, 0x0, 0x0, 0xef, 0xf2, 0x0, 0x0, 0x0, 0x0, 0x2f, 0xfd,
    0x0, 0x0, 0x0, 0x6f, 0xff, 0xb0, 0xe, 0xff, 0xf3, 0x0, 0x0, 0x0, 0xff, 0xf1, 0x0, 0x0,
    0x0, 0x0, 0x1f, 0xff, 0x0, 0x0, 0x0, 0x3f, 0xff, 0xe0, 0x1f, 0xff, 0xf1, 0x0, 0x0, 0x1,
    0xff, 0xf0, 0x0, 0x0, 0x0, 0x0, 0xf, 0xff, 0x10, 0x0, 0x0, 0x1f, 0xff, 0xf1, 0x4f, 0xff,
    0xd0, 0x0, 0x0, 0x3, 0xff, 0xd0, 0x0, 0x0, 0x0, 0x0, 0xd, 0xff, 0x30, 0x0, 0x0, 0xd,
    0xff, 0xf4, 0x6f, 0xff, 0xa0, 0x0, 0x0, 0x4, 0xff, 0xc0, 0x0, 0x0, 0x0, 0x0, 0xc, 0xff,
    0x40, 0x0, 0x0, 0xa, 0xff, 0xf6, 0x9f, 0xff, 0x80, 0x0, 0x0, 0x6, 0xff, 0xa0, 0x0, 0x0,
    0x0, 0x0, 0xa, 0xff, 0x60, 0x0, 0x0, 0x8, 0xff, 0xf9, 0xbf, 0xff, 0xff, 0xff, 0xff, 0xff,
    0xff, 0xff, 0xff, 0xff, 0xff, 0xff, 0xff, 0xff, 0xff, 0xff, 0xff, 0xff, 0xff, 0xfb, 0xef, 0xff,
    0xff, 0xff, 0xff, 0xff, 0xff, 0xff, 0xff, 0xff, 0xff, 0xff, 0xff, 0xff, 0xff, 0xff, 0xff, 0xff,
    0xff, 0xfe, 0xdf, 0xff, 0xff, 0xff, 0xff, 0xff, 0xff, 0xff, 0xff, 0xff, 0xff, 0xff, 0xff, 0xff,
    0xff, 0xff, 0xff, 0xff, 0xff, 0xfd, 0x4d, 0xff, 0xff, 0xff, 0xff, 0xff, 0xff, 0xff, 0xff, 0xff,
    0xff, 0xff, 0xff, 0xff, 0xff, 0xff, 0xff, 0xff, 0xff, 0xd4, 0x0, 0x0, 0x0, 0x0, 0x0, 0x0,
    0x0, 0x0, 0x0, 0x0, 0x0, 0x0, 0x0, 0x0, 0x0, 0x0, 0x0, 0x0, 0x0, 0x0, 0x0, 0x0,
    0x0, 0x0, 0x0, 0x0, 0x0, 0x0, 0x0, 0x0, 0x0, 0x0, 0x0, 0x0, 0x0, 0x0, 0x0, 0x0,
    0x0, 0x0, 0x0, 0x0, 0x0, 0x0, 0x0, 0x0, 0x0, 0x0, 0xff, 0xff, 0xff, 0xff, 0x0, 0x0,
    0x0, 0x0, 0x0, 0x0, 0x0, 0x0, 0x0, 0x0, 0x0, 0x0, 0x0, 0x0, 0x0, 0x0, 0xff, 0xff,
    0xff, 0xff, 0x0, 0x0, 0x0, 0x0, 0x0, 0x0, 0x0, 0x0, 0x0, 0x0, 0x0, 0x0, 0x0, 0x0,
    0xbf, 0xff, 0xff, 0xff, 0xff, 0xff, 0xff, 0xfc, 0x0, 0x0, 0x0, 0x0, 0x0, 0x0, 0x0, 0x0,
    0x0, 0x0, 0x0, 0x0, 0xff, 0xff, 0xff, 0xff, 0xff, 0xff, 0xff, 0xff, 0x0, 0x0, 0x0, 0x0,
    0x0, 0x0, 0x0, 0x0, 0x0, 0x0, 0x0, 0x0, 0xff, 0xff, 0xff, 0xff, 0xff, 0xff, 0xff, 0xff,
    0x0, 0x0, 0x0, 0x0, 0x0, 0x0, 0x0, 0x0, 0x0, 0x0, 0x0, 0x0, 0xcf, 0xff, 0xff, 0xff,
    0xff, 0xff, 0xff, 0xfb, 0x0, 0x0, 0x0, 0x0, 0x0, 0x0, 0x0, 0x0, 0x0, 0x7, 0xff, 0xff,
    0xff, 0xff, 0xff, 0xff, 0xea, 0x20, 0x0, 0x0, 0x0, 0x7f, 0xff, 0xff, 0xff, 0xff, 0xff, 0xff,
    0xff, 0xe2, 0x0, 0x0, 0x7, 0xff, 0xff, 0xff, 0xff, 0xff, 0xff, 0xff, 0xff, 0xfa, 0x0, 0x0,
    0x7f, 0xff, 0xff, 0xff, 0xff, 0xff, 0xff, 0xff, 0xff, 0xfe, 0x0, 0x7, 0xff, 0xf0, 0x0, 0xff,
    0x0, 0xf, 0xf0, 0x0, 0xff, 0xff, 0x0, 0x7f, 0xff, 0xf0, 0x0, 0xff, 0x0, 0xf, 0xf0, 0x0,
    0xff, 0xff, 0x7, 0xff, 0xff, 0xf0, 0x0, 0xff, 0x0, 0xf, 0xf0, 0x0, 0xff, 0xff, 0x7f, 0xff,
    0xff, 0xf0, 0x0, 0xff, 0x0, 0xf, 0xf0, 0x0, 0xff, 0xff, 0xff, 0xff, 0xff, 0xf0, 0x0, 0xff,
    0x0, 0xf, 0xf0, 0x0, 0xff, 0xff, 0xff, 0xff, 0xff, 0xf0, 0x0, 0xff, 0x0, 0xf, 0xf0, 0x0,
    0xff, 0xff, 0xff, 0xff, 0xff, 0xff, 0xff, 0xff, 0xff, 0xff, 0xff, 0xff, 0xff, 0xff, 0xff, 0xff,
    0xff, 0xff, 0xff, 0xff, 0xff, 0xff, 0xff, 0xff, 0xff, 0xff, 0xff, 0xff, 0xff, 0xff, 0xff, 0xff,
    0xff, 0xff, 0xff, 0xff, 0xff, 0xff, 0xff, 0xff, 0xff, 0xff, 0xff, 0xff, 0xff, 0xff, 0xff, 0xff,
    0xff, 0xff, 0xff, 0xff, 0xff, 0xff, 0xff, 0xff, 0xff, 0xff, 0xff, 0xff, 0xff, 0xff, 0xff, 0xff,
    0xff, 0xff, 0xff, 0xff, 0xff, 0xff, 0xff, 0xff, 0xff, 0xff, 0xff, 0xff, 0xff, 0xff, 0xff, 0xff,
    0xff, 0xff, 0xff, 0xff, 0xff, 0xff, 0xff, 0xff, 0xff, 0xff, 0xff, 0xff, 0xff, 0xff, 0xff, 0xff,
    0xff, 0xff, 0xff, 0xff, 0xff, 0xff, 0xff, 0xff, 0xff, 0xff, 0xff, 0xff, 0xff, 0xff, 0xff, 0xff,
    0xff, 0xff, 0xff, 0xff, 0xff, 0xff, 0xff, 0xff, 0xff, 0xff, 0xff, 0xff, 0xff, 0xff, 0xff, 0xff,
    0xff, 0xff, 0xff, 0xff, 0xff, 0xff, 0xff, 0xff, 0xff, 0xff, 0xff, 0xff, 0xff, 0xff, 0xff, 0xff,
    0xff, 0xff, 0xff, 0xff, 0xff, 0xff, 0xff, 0xff, 0xff, 0xff, 0xff, 0xff, 0xff, 0xff, 0xff, 0xff,
    0xff, 0xff, 0xff, 0xff, 0xff, 0xff, 0xff, 0xff, 0xff, 0xff, 0xff, 0xff, 0xff, 0xff, 0xff, 0xff,
    0xff, 0xff, 0xff, 0xff, 0xff, 0xff, 0xff, 0xff, 0xff, 0xff, 0xff, 0xff, 0xff, 0xff, 0xff, 0xff,
    0xff, 0xff, 0xff, 0xff, 0xff, 0xff, 0xff, 0xff, 0xff, 0xff, 0xff, 0xff, 0xff, 0xff, 0xff, 0xff,
    0xff, 0xff, 0xff, 0xff, 0xff, 0xff, 0xff, 0xff, 0xff, 0xff, 0xef, 0xff, 0xff, 0xff, 0xff, 0xff,
    0xff, 0xff, 0xff, 0xff, 0xff, 0xfe, 0xaf, 0xff, 0xff, 0xff, 0xff, 0xff, 0xff, 0xff, 0xff, 0xff,
    0xff, 0xfa, 0x2e, 0xff, 0xff, 0xff, 0xff, 0xff, 0xff, 0xff, 0xff, 0xff, 0xff, 0xe2, 0x2, 0xae,
    0xff, 0xff, 0xff, 0xff, 0xff, 0xff, 0xff, 0xff, 0xea, 0x20, 0x0, 0x0, 0x0, 0x0, 0x0, 0x0,
    0x0, 0x0, 0x0, 0x0, 0x0, 0x0, 0x0, 0x0, 0x0, 0x7d, 0x0, 0x0, 0x0, 0x0, 0x0, 0x0,
    0x0, 0x0, 0x0, 0x0, 0x0, 0x0, 0x0, 0x0, 0x7, 0xff, 0x0, 0x0, 0x0, 0x0, 0x0, 0x0,
    0x0, 0x0, 0x0, 0x0, 0x0, 0x0, 0x0, 0x0, 0x7f, 0xff, 0x0, 0x0, 0x0, 0x0, 0x0, 0x0,
    0x0, 0x0, 0x0, 0x0, 0x0, 0x0, 0x0, 0x7, 0xff, 0xff, 0x0, 0x0, 0x0, 0x9, 0xe7, 0x0,
    0x0, 0x0, 0x0, 0x0, 0x0, 0x0, 0x0, 0xf, 0xff, 0xff, 0x0, 0x0, 0x0, 0xaf, 0xfe, 0x0,
    0x0, 0x0, 0x0, 0x0, 0x0, 0x0, 0x0, 0xf, 0xff, 0xff, 0x0, 0x0, 0x1b, 0xff, 0xff, 0x0,
    0x0, 0x0, 0x0, 0x0, 0x0, 0x0, 0x0, 0xf, 0xff, 0xff, 0x0, 0x1, 0xcf, 0xff, 0xff, 0x0,
    0x0, 0x0, 0x0, 0x0, 0x0, 0x0, 0x0, 0xf, 0xff, 0xff, 0x0, 0x2d, 0xff, 0xff, 0xff, 0x0,
    0x0, 0x0, 0x0, 0x0, 0x0, 0x0, 0x0, 0xf, 0xff, 0xff, 0x2, 0xdf, 0xff, 0xff, 0xff, 0x88,
    0x88, 0x88, 0x88, 0x88, 0x88, 0x88, 0x88, 0x8f, 0xff, 0xff, 0x3e, 0xff, 0xff, 0xff, 0xff, 0xff,
    0xff, 0xff, 0xff, 0xff, 0xff, 0xff, 0xff, 0xff, 0xff, 0xff, 0xdf, 0xff, 0xff, 0xff, 0xff, 0xff,
    0xff, 0xff, 0xff, 0xff, 0xff, 0xff, 0xff, 0xff, 0xff, 0xff, 0xdf, 0xff, 0xff, 0xff, 0xff, 0xff,
    0xff, 0xff, 0xff, 0xff, 0xff, 0xff, 0xff, 0xff, 0xff, 0xff, 0x3e, 0xff, 0xff, 0xff, 0xff, 0xff,
    0xff, 0xff, 0xff, 0xff, 0xff, 0xff, 0xff, 0xff, 0xff, 0xfd, 0x2, 0xdf, 0xff, 0xff, 0xff, 0x88,
    0x88, 0x88, 0x88, 0x88, 0x88, 0x88, 0x88, 0x88, 0x88, 0x72, 0x0, 0x2d, 0xff, 0xff, 0xff, 0x0,
    0x0, 0x0, 0x0, 0x0, 0x0, 0x0, 0x0, 0x0, 0x0, 0x0, 0x0, 0x1, 0xcf, 0xff, 0xff, 0x0,
    0x0, 0x0, 0x0, 0x0, 0x0, 0x0, 0x0, 0x0, 0x0, 0x0, 0x0, 0x0, 0x1b, 0xff, 0xff, 0x0,
    0x0, 0x0, 0x0, 0x0, 0x0, 0x0, 0x0, 0x0, 0x0, 0x0, 0x0, 0x0, 0x0, 0xaf, 0xff, 0x0,
    0x0, 0x0, 0x0, 0x0, 0x0, 0x0, 0x0, 0x0, 0x0, 0x0, 0x0, 0x0, 0x0, 0x9, 0xe7, 0x0,
    0x0, 0x0, 0x0, 0x0, 0x0, 0x0, 0x0, 0x0, 0x0, 0x0,
};

static const lv_font_fmt_txt_glyph_dsc_t glyph_dsc[] = {
    {.bitmap_index = 0, .adv_w = 0, .box_w = 0, .box_h = 0, .ofs_x = 0, .ofs_y = 0} /* id = 0 reserved */,
    {.bitmap_index = 0, .adv_w = 138, .box_w = 0, .box_h = 0, .ofs_x = 0, .ofs_y = 0}, /* U+0020 */
    {.bitmap_index = 0, .adv_w = 137, .box_w = 5, .box_h = 22, .ofs_x = 2, .ofs_y = 0}, /* U+0021 */
    {.bitmap_index = 55, .adv_w = 200, .box_w = 9, .box_h = 9, .ofs_x = 2, .ofs_y = 13}, /* U+0022 */
    {.bitmap_index = 96, .adv_w = 360, .box_w = 22, .box_h = 22, .ofs_x = 0, .ofs_y = 0}, /* U+0023 */
    {.bitmap_index = 338, .adv_w = 318, .box_w = 18, .box_h = 30, .ofs_x = 1, .ofs_y = -4}, /* U+0024 */
    {.bitmap_index = 608, .adv_w = 432, .box_w = 25, .box_h = 22, .ofs_x = 1, .ofs_y = 0}, /* U+0025 */
    {.bitmap_index = 883, .adv_w = 351, .box_w = 21, .box_h = 22, .ofs_x = 1, .ofs_y = 0}, /* U+0026 */
    {.bitmap_index = 1114, .adv_w = 108, .box_w = 3, .box_h = 9, .ofs_x = 2, .ofs_y = 13}, /* U+0027 */
    {.bitmap_index = 1128, .adv_w = 172, .box_w = 7, .box_h = 30, .ofs_x = 3, .ofs_y = -6}, /* U+0028 */
    {.bitmap_index = 1233, .adv_w = 173, .box_w = 7, .box_h = 30, .ofs_x = 1, .ofs_y = -6}, /* U+0029 */
    {.bitmap_index = 1338, .adv_w = 205, .box_w = 13, .box_h = 12, .ofs_x = 0, .ofs_y = 12}, /* U+002A */
    {.bitmap_index = 1416, .adv_w = 298, .box_w = 15, .box_h = 14, .ofs_x = 2, .ofs_y = 4}, /* U+002B */
    {.bitmap_index = 1521, .adv_w = 116, .box_w = 5, .box_h = 9, .ofs_x = 1, .ofs_y = -5}, /* U+002C */
    {.bitmap_index = 1544, .adv_w = 196, .box_w = 10, .box_h = 3, .ofs_x = 1, .ofs_y = 7}, /* U+002D */
    {.bitmap_index = 1559, .adv_w = 116, .box_w = 5, .box_h = 4, .ofs_x = 1, .ofs_y = 0}, /* U+002E */
    {.bitmap_index = 1569, .adv_w = 180, .box_w = 14, .box_h = 30, .ofs_x = -1, .ofs_y = -3}, /* U+002F */
    {.bitmap_index = 1779, .adv_w = 342, .box_w = 19, .box_h = 22, .ofs_x = 1, .ofs_y = 0}, /* U+0030 */
    {.bitmap_index = 1988, .adv_w = 190, .box_w = 9, .box_h = 22, .ofs_x = 0, .ofs_y = 0}, /* U+0031 */
    {.bitmap_index = 2087, .adv_w = 294, .box_w = 18, .box_h = 22, .ofs_x = 0, .ofs_y = 0}, /* U+0032 */
    {.bitmap_index = 2285, .adv_w = 293, .box_w = 17, .box_h = 22, .ofs_x = 0, .ofs_y = 0}, /* U+0033 */
    {.bitmap_index = 2472, .adv_w = 342, .box_w = 21, .box_h = 22, .ofs_x = 1, .ofs_y = 0}, /* U+0034 */
    {.bitmap_index = 2703, .adv_w = 294, .box_w = 18, .box_h = 22, .ofs_x = 0, .ofs_y = 0}, /* U+0035 */
    {.bitmap_index = 2901, .adv_w = 316, .box_w = 18, .box_h = 22, .ofs_x = 1, .ofs_y = 0}, /* U+0036 */
    {.bitmap_index = 3099, .adv_w = 306, .box_w = 18, .box_h = 22, .ofs_x = 0, .ofs_y = 0}, /* U+0037 */
    {.bitmap_index = 3297, .adv_w = 330, .box_w = 19, .box_h = 22, .ofs_x = 1, .ofs_y = 0}, /* U+0038 */
    {.bitmap_index = 3506, .adv_w = 316, .box_w = 19, .box_h = 22, .ofs_x = 0, .ofs_y = 0}, /* U+0039 */
    {.bitmap_index = 3715, .adv_w = 116, .box_w = 5, .box_h = 17, .ofs_x = 1, .ofs_y = 0}, /* U+003A */
    {.bitmap_index = 3758, .adv_w = 116, .box_w = 5, .box_h = 22, .ofs_x = 1, .ofs_y = -5}, /* U+003B */
    {.bitmap_index = 3813, .adv_w = 298, .box_w = 15, .box_h = 15, .ofs_x = 2, .ofs_y = 4}, /* U+003C */
    {.bitmap_index = 3926, .adv_w = 298, .box_w = 15, .box_h = 10, .ofs_x = 2, .ofs_y = 6}, /* U+003D */
    {.bitmap_index = 4001, .adv_w = 298, .box_w = 15, .box_h = 15, .ofs_x = 2, .ofs_y = 4}, /* U+003E */
    {.bitmap_index = 4114, .adv_w = 294, .box_w = 17, .box_h = 22, .ofs_x = 0, .ofs_y = 0}, /* U+003F */
    {.bitmap_index = 4301, .adv_w = 530, .box_w = 31, .box_h = 28, .ofs_x = 1, .ofs_y = -6}, /* U+0040 */
    {.bitmap_index = 4735, .adv_w = 375, .box_w = 24, .box_h = 22, .ofs_x = 0, .ofs_y = 0}, /* U+0041 */
    {.bitmap_index = 4999, .adv_w = 388, .box_w = 20, .box_h = 22, .ofs_x = 3, .ofs_y = 0}, /* U+0042 */
    {.bitmap_index = 5219, .adv_w = 370, .box_w = 21, .box_h = 22, .ofs_x = 1, .ofs_y = 0}, /* U+0043 */
    {.bitmap_index = 5450, .adv_w = 423, .box_w = 22, .box_h = 22, .ofs_x = 3, .ofs_y = 0}, /* U+0044 */
    {.bitmap_index = 5692, .adv_w = 343, .box_w = 17, .box_h = 22, .ofs_x = 3, .ofs_y = 0}, /* U+0045 */
    {.bitmap_index = 5879, .adv_w = 325, .box_w = 17, .box_h = 22, .ofs_x = 3, .ofs_y = 0}, /* U+0046 */
    {.bitmap_index = 6066, .adv_w = 395, .box_w = 22, .box_h = 22, .ofs_x = 1, .ofs_y = 0}, /* U+0047 */
    {.bitmap_index = 6308, .adv_w = 416, .box_w = 20, .box_h = 22, .ofs_x = 3, .ofs_y = 0}, /* U+0048 */
    {.bitmap_index = 6528, .adv_w = 159, .box_w = 4, .box_h = 22, .ofs_x = 3, .ofs_y = 0}, /* U+0049 */
    {.bitmap_index = 6572, .adv_w = 263, .box_w = 15, .box_h = 22, .ofs_x = -1, .ofs_y = 0}, /* U+004A */
    {.bitmap_index = 6737, .adv_w = 368, .box_w = 20, .box_h = 22, .ofs_x = 3, .ofs_y = 0}, /* U+004B */
    {.bitmap_index = 6957, .adv_w = 304, .box_w = 16, .box_h = 22, .ofs_x = 3, .ofs_y = 0}, /* U+004C */
    {.bitmap_index = 7133, .adv_w = 489, .box_w = 25, .box_h = 22, .ofs_x = 3, .ofs_y = 0}, /* U+004D */
    {.bitmap_index = 7408, .adv_w = 416, .box_w = 20, .box_h = 22, .ofs_x = 3, .ofs_y = 0}, /* U+004E */
    {.bitmap_index = 7628, .adv_w = 430, .box_w = 25, .box_h = 22, .ofs_x = 1, .ofs_y = 0}, /* U+004F */
    {.bitmap_index = 7903, .adv_w = 370, .box_w = 19, .box_h = 22, .ofs_x = 3, .ofs_y = 0}, /* U+0050 */
    {.bitmap_index = 8112, .adv_w = 430, .box_w = 26, .box_h = 27, .ofs_x = 1, .ofs_y = -5}, /* U+0051 */
    {.bitmap_index = 8463, .adv_w = 372, .box_w = 19, .box_h = 22, .ofs_x = 3, .ofs_y = 0}, /* U+0052 */
    {.bitmap_index = 8672, .adv_w = 318, .box_w = 18, .box_h = 22, .ofs_x = 1, .ofs_y = 0}, /* U+0053 */
    {.bitmap_index = 8870, .adv_w = 300, .box_w = 19, .box_h = 22, .ofs_x = 0, .ofs_y = 0}, /* U+0054 */
    {.bitmap_index = 9079, .adv_w = 405, .box_w = 20, .box_h = 22, .ofs_x = 3, .ofs_y = 0}, /* U+0055 */
    {.bitmap_index = 9299, .adv_w = 364, .box_w = 23, .box_h = 22, .ofs_x = 0, .ofs_y = 0}, /* U+0056 */
    {.bitmap_index = 9552, .adv_w = 576, .box_w = 34, .box_h = 22, .ofs_x = 1, .ofs_y = 0}, /* U+0057 */
    {.bitmap_index = 9926, .adv_w = 344, .box_w = 22, .box_h = 22, .ofs_x = 0, .ofs_y = 0}, /* U+0058 */
    {.bitmap_index = 10168, .adv_w = 331, .box_w = 22, .box_h = 22, .ofs_x = -1, .ofs_y = 0}, /* U+0059 */
    {.bitmap_index = 10410, .adv_w = 336, .box_w = 20, .box_h = 22, .ofs_x = 1, .ofs_y = 0}, /* U+005A */
    {.bitmap_index = 10630, .adv_w = 170, .box_w = 8, .box_h = 30, .ofs_x = 3, .ofs_y = -6}, /* U+005B */
    {.bitmap_index = 10750, .adv_w = 180, .box_w = 15, .box_h = 30, .ofs_x = -2, .ofs_y = -3}, /* U+005C */
    {.bitmap_index = 10975, .adv_w = 170, .box_w = 8, .box_h = 30, .ofs_x = 0, .ofs_y = -6}, /* U+005D */
    {.bitmap_index = 11095, .adv_w = 298, .box_w = 15, .box_h = 13, .ofs_x = 2, .ofs_y = 5}, /* U+005E */
    {.bitmap_index = 11193, .adv_w = 256, .box_w = 16, .box_h = 2, .ofs_x = 0, .ofs_y = -2}, /* U+005F */
    {.bitmap_index = 11209, .adv_w = 307, .box_w = 9, .box_h = 4, .ofs_x = 3, .ofs_y = 19}, /* U+0060 */
    {.bitmap_index = 11227, .adv_w = 306, .box_w = 16, .box_h = 17, .ofs_x = 1, .ofs_y = 0}, /* U+0061 */
    {.bitmap_index = 11363, .adv_w = 349, .box_w = 19, .box_h = 24, .ofs_x = 2, .ofs_y = 0}, /* U+0062 */
    {.bitmap_index = 11591, .adv_w = 292, .box_w = 17, .box_h = 17, .ofs_x = 1, .ofs_y = 0}, /* U+0063 */
    {.bitmap_index = 11736, .adv_w = 349, .box_w = 18, .box_h = 24, .ofs_x = 1, .ofs_y = 0}, /* U+0064 */
    {.bitmap_index = 11952, .adv_w = 313, .box_w = 18, .box_h = 17, .ofs_x = 1, .ofs_y = 0}, /* U+0065 */
    {.bitmap_index = 12105, .adv_w = 181, .box_w = 13, .box_h = 24, .ofs_x = 0, .ofs_y = 0}, /* U+0066 */
    {.bitmap_index = 12261, .adv_w = 353, .box_w = 19, .box_h = 23, .ofs_x = 1, .ofs_y = -6}, /* U+0067 */
    {.bitmap_index = 12480, .adv_w = 349, .box_w = 18, .box_h = 24, .ofs_x = 2, .ofs_y = 0}, /* U+0068 */
    {.bitmap_index = 12696, .adv_w = 143, .box_w = 5, .box_h = 24, .ofs_x = 2, .ofs_y = 0}, /* U+0069 */
    {.bitmap_index = 12756, .adv_w = 146, .box_w = 10, .box_h = 30, .ofs_x = -3, .ofs_y = -6}, /* U+006A */
    {.bitmap_index = 12906, .adv_w = 316, .box_w = 18, .box_h = 24, .ofs_x = 2, .ofs_y = 0}, /* U+006B */
    {.bitmap_index = 13122, .adv_w = 143, .box_w = 4, .box_h = 24, .ofs_x = 2, .ofs_y = 0}, /* U+006C */
    {.bitmap_index = 13170, .adv_w = 541, .box_w = 30, .box_h = 17, .ofs_x = 2, .ofs_y = 0}, /* U+006D */
    {.bitmap_index = 13425, .adv_w = 349, .box_w = 18, .box_h = 17, .ofs_x = 2, .ofs_y = 0}, /* U+006E */
    {.bitmap_index = 13578, .adv_w = 325, .box_w = 18, .box_h = 17, .ofs_x = 1, .ofs_y = 0}, /* U+006F */
    {.bitmap_index = 13731, .adv_w = 349, .box_w = 19, .box_h = 23, .ofs_x = 2, .ofs_y = -6}, /* U+0070 */
    {.bitmap_index = 13950, .adv_w = 349, .box_w = 18, .box_h = 23, .ofs_x = 1, .ofs_y = -6}, /* U+0071 */
    {.bitmap_index = 14157, .adv_w = 210, .box_w = 11, .box_h = 17, .ofs_x = 2, .ofs_y = 0}, /* U+0072 */
    {.bitmap_index = 14251, .adv_w = 256, .box_w = 16, .box_h = 17, .ofs_x = 0, .ofs_y = 0}, /* U+0073 */
    {.bitmap_index = 14387, .adv_w = 212, .box_w = 13, .box_h = 21, .ofs_x = 0, .ofs_y = 0}, /* U+0074 */
    {.bitmap_index = 14524, .adv_w = 346, .box_w = 17, .box_h = 17, .ofs_x = 2, .ofs_y = 0}, /* U+0075 */
    {.bitmap_index = 14669, .adv_w = 286, .box_w = 19, .box_h = 17, .ofs_x = -1, .ofs_y = 0}, /* U+0076 */
    {.bitmap_index = 14831, .adv_w = 460, .box_w = 29, .box_h = 17, .ofs_x = 0, .ofs_y = 0}, /* U+0077 */
    {.bitmap_index = 15078, .adv_w = 282, .box_w = 18, .box_h = 17, .ofs_x = 0, .ofs_y = 0}, /* U+0078 */
    {.bitmap_index = 15231, .adv_w = 286, .box_w = 19, .box_h = 23, .ofs_x = -1, .ofs_y = -6}, /* U+0079 */
    {.bitmap_index = 15450, .adv_w = 267, .box_w = 15, .box_h = 17, .ofs_x = 1, .ofs_y = 0}, /* U+007A */
    {.bitmap_index = 15578, .adv_w = 180, .box_w = 10, .box_h = 30, .ofs_x = 1, .ofs_y = -6}, /* U+007B */
    {.bitmap_index = 15728, .adv_w = 153, .box_w = 4, .box_h = 30, .ofs_x = 3, .ofs_y = -6}, /* U+007C */
    {.bitmap_index = 15788, .adv_w = 180, .box_w = 10, .box_h = 30, .ofs_x = 0, .ofs_y = -6}, /* U+007D */
    {.bitmap_index = 15938, .adv_w = 298, .box_w = 16, .box_h = 6, .ofs_x = 1, .ofs_y = 9}, /* U+007E */
    {.bitmap_index = 15986, .adv_w = 331, .box_w = 21, .box_h = 22, .ofs_x = 0, .ofs_y = 0}, /* U+00A3 */
    {.bitmap_index = 16217, .adv_w = 214, .box_w = 11, .box_h = 10, .ofs_x = 1, .ofs_y = 12}, /* U+00B0 */
    {.bitmap_index = 16272, .adv_w = 298, .box_w = 15, .box_h = 20, .ofs_x = 2, .ofs_y = 0}, /* U+00B1 */
    {.bitmap_index = 16422, .adv_w = 137, .box_w = 5, .box_h = 4, .ofs_x = 2, .ofs_y = 7}, /* U+00B7 */
    {.bitmap_index = 16432, .adv_w = 430, .box_w = 25, .box_h = 28, .ofs_x = 1, .ofs_y = 0}, /* U+00D3 */
    {.bitmap_index = 16782, .adv_w = 298, .box_w = 13, .box_h = 13, .ofs_x = 3, .ofs_y = 5}, /* U+00D7 */
    {.bitmap_index = 16867, .adv_w = 325, .box_w = 18, .box_h = 23, .ofs_x = 1, .ofs_y = 0}, /* U+00F3 */
    {.bitmap_index = 17074, .adv_w = 375, .box_w = 25, .box_h = 29, .ofs_x = 0, .ofs_y = -7}, /* U+0104 */
    {.bitmap_index = 17437, .adv_w = 306, .box_w = 17, .box_h = 24, .ofs_x = 1, .ofs_y = -7}, /* U+0105 */
    {.bitmap_index = 17641, .adv_w = 370, .box_w = 21, .box_h = 28, .ofs_x = 1, .ofs_y = 0}, /* U+0106 */
    {.bitmap_index = 17935, .adv_w = 292, .box_w = 17, .box_h = 23, .ofs_x = 1, .ofs_y = 0}, /* U+0107 */
    {.bitmap_index = 18131, .adv_w = 343, .box_w = 18, .box_h = 29, .ofs_x = 3, .ofs_y = -7}, /* U+0118 */
    {.bitmap_index = 18392, .adv_w = 313, .box_w = 18, .box_h = 24, .ofs_x = 1, .ofs_y = -7}, /* U+0119 */
    {.bitmap_index = 18608, .adv_w = 308, .box_w = 19, .box_h = 22, .ofs_x = 0, .ofs_y = 0}, /* U+0141 */
    {.bitmap_index = 18817, .adv_w = 151, .box_w = 11, .box_h = 24, .ofs_x = -1, .ofs_y = 0}, /* U+0142 */
    {.bitmap_index = 18949, .adv_w = 416, .box_w = 20, .box_h = 28, .ofs_x = 3, .ofs_y = 0}, /* U+0143 */
    {.bitmap_index = 19229, .adv_w = 349, .box_w = 18, .box_h = 23, .ofs_x = 2, .ofs_y = 0}, /* U+0144 */
    {.bitmap_index = 19436, .adv_w = 318, .box_w = 18, .box_h = 28, .ofs_x = 1, .ofs_y = 0}, /* U+015A */
    {.bitmap_index = 19688, .adv_w = 256, .box_w = 16, .box_h = 23, .ofs_x = 0, .ofs_y = 0}, /* U+015B */
    {.bitmap_index = 19872, .adv_w = 336, .box_w = 20, .box_h = 28, .ofs_x = 1, .ofs_y = 0}, /* U+0179 */
    {.bitmap_index = 20152, .adv_w = 267, .box_w = 15, .box_h = 23, .ofs_x = 1, .ofs_y = 0}, /* U+017A */
    {.bitmap_index = 20325, .adv_w = 336, .box_w = 20, .box_h = 29, .ofs_x = 1, .ofs_y = 0}, /* U+017B */
    {.bitmap_index = 20615, .adv_w = 267, .box_w = 15, .box_h = 24, .ofs_x = 1, .ofs_y = 0}, /* U+017C */
    {.bitmap_index = 20795, .adv_w = 256, .box_w = 16, .box_h = 3, .ofs_x = 0, .ofs_y = 8}, /* U+2013 */
    {.bitmap_index = 20819, .adv_w = 213, .box_w = 11, .box_h = 9, .ofs_x = 1, .ofs_y = 15}, /* U+201C */
    {.bitmap_index = 20869, .adv_w = 213, .box_w = 11, .box_h = 9, .ofs_x = 1, .ofs_y = 15}, /* U+201D */
    {.bitmap_index = 20919, .adv_w = 213, .box_w = 11, .box_h = 9, .ofs_x = 1, .ofs_y = -5}, /* U+201E */
    {.bitmap_index = 20969, .adv_w = 161, .box_w = 6, .box_h = 6, .ofs_x = 2, .ofs_y = 6}, /* U+2022 */
    {.bitmap_index = 20987, .adv_w = 354, .box_w = 20, .box_h = 4, .ofs_x = 1, .ofs_y = 0}, /* U+2026 */
    {.bitmap_index = 21027, .adv_w = 413, .box_w = 25, .box_h = 22, .ofs_x = 0, .ofs_y = 0}, /* U+20AC */
    {.bitmap_index = 21302, .adv_w = 298, .box_w = 15, .box_h = 3, .ofs_x = 2, .ofs_y = 10}, /* U+2212 */
    {.bitmap_index = 21325, .adv_w = 512, .box_w = 32, .box_h = 32, .ofs_x = 0, .ofs_y = -4}, /* U+F001 */
    {.bitmap_index = 21837, .adv_w = 512, .box_w = 32, .box_h = 32, .ofs_x = 0, .ofs_y = -4}, /* U+F002 */
    {.bitmap_index = 22349, .adv_w = 512, .box_w = 32, .box_h = 24, .ofs_x = 0, .ofs_y = 0}, /* U+F008 */
    {.bitmap_index = 22733, .adv_w = 512, .box_w = 32, .box_h = 28, .ofs_x = 0, .ofs_y = -2}, /* U+F00B */
    {.bitmap_index = 23181, .adv_w = 512, .box_w = 32, .box_h = 24, .ofs_x = 0, .ofs_y = 0}, /* U+F00C */
    {.bitmap_index = 23565, .adv_w = 352, .box_w = 22, .box_h = 22, .ofs_x = 0, .ofs_y = 1}, /* U+F00D */
    {.bitmap_index = 23807, .adv_w = 512, .box_w = 31, .box_h = 32, .ofs_x = 0, .ofs_y = -4}, /* U+F011 */
    {.bitmap_index = 24303, .adv_w = 512, .box_w = 30, .box_h = 32, .ofs_x = 1, .ofs_y = -4}, /* U+F013 */
    {.bitmap_index = 24783, .adv_w = 576, .box_w = 36, .box_h = 28, .ofs_x = 0, .ofs_y = -2}, /* U+F015 */
    {.bitmap_index = 25287, .adv_w = 512, .box_w = 32, .box_h = 31, .ofs_x = 0, .ofs_y = -4}, /* U+F017 */
    {.bitmap_index = 25783, .adv_w = 512, .box_w = 32, .box_h = 32, .ofs_x = 0, .ofs_y = -4}, /* U+F019 */
    {.bitmap_index = 26295, .adv_w = 576, .box_w = 36, .box_h = 24, .ofs_x = 0, .ofs_y = 0}, /* U+F01C */
    {.bitmap_index = 26727, .adv_w = 512, .box_w = 32, .box_h = 32, .ofs_x = 0, .ofs_y = -4}, /* U+F021 */
    {.bitmap_index = 27239, .adv_w = 256, .box_w = 16, .box_h = 24, .ofs_x = 0, .ofs_y = 0}, /* U+F026 */
    {.bitmap_index = 27431, .adv_w = 384, .box_w = 24, .box_h = 24, .ofs_x = 0, .ofs_y = 0}, /* U+F027 */
    {.bitmap_index = 27719, .adv_w = 576, .box_w = 36, .box_h = 30, .ofs_x = 0, .ofs_y = -3}, /* U+F028 */
    {.bitmap_index = 28259, .adv_w = 512, .box_w = 32, .box_h = 24, .ofs_x = 0, .ofs_y = 0}, /* U+F03E */
    {.bitmap_index = 28643, .adv_w = 352, .box_w = 22, .box_h = 32, .ofs_x = 0, .ofs_y = -4}, /* U+F043 */
    {.bitmap_index = 28995, .adv_w = 448, .box_w = 20, .box_h = 30, .ofs_x = 4, .ofs_y = -3}, /* U+F048 */
    {.bitmap_index = 29295, .adv_w = 448, .box_w = 28, .box_h = 32, .ofs_x = 0, .ofs_y = -4}, /* U+F04B */
    {.bitmap_index = 29743, .adv_w = 448, .box_w = 28, .box_h = 28, .ofs_x = 0, .ofs_y = -2}, /* U+F04C */
    {.bitmap_index = 30135, .adv_w = 448, .box_w = 28, .box_h = 28, .ofs_x = 0, .ofs_y = -2}, /* U+F04D */
    {.bitmap_index = 30527, .adv_w = 448, .box_w = 20, .box_h = 30, .ofs_x = 4, .ofs_y = -3}, /* U+F051 */
    {.bitmap_index = 30827, .adv_w = 448, .box_w = 28, .box_h = 28, .ofs_x = 0, .ofs_y = -2}, /* U+F052 */
    {.bitmap_index = 31219, .adv_w = 320, .box_w = 18, .box_h = 28, .ofs_x = 1, .ofs_y = -2}, /* U+F053 */
    {.bitmap_index = 31471, .adv_w = 320, .box_w = 18, .box_h = 28, .ofs_x = 1, .ofs_y = -2}, /* U+F054 */
    {.bitmap_index = 31723, .adv_w = 512, .box_w = 31, .box_h = 32, .ofs_x = 0, .ofs_y = -4}, /* U+F05A */
    {.bitmap_index = 32219, .adv_w = 448, .box_w = 28, .box_h = 29, .ofs_x = 0, .ofs_y = -3}, /* U+F060 */
    {.bitmap_index = 32625, .adv_w = 448, .box_w = 28, .box_h = 29, .ofs_x = 0, .ofs_y = -3}, /* U+F061 */
    {.bitmap_index = 33031, .adv_w = 448, .box_w = 29, .box_h = 28, .ofs_x = -1, .ofs_y = -2}, /* U+F062 */
    {.bitmap_index = 33437, .adv_w = 448, .box_w = 29, .box_h = 28, .ofs_x = -1, .ofs_y = -2}, /* U+F063 */
    {.bitmap_index = 33843, .adv_w = 448, .box_w = 28, .box_h = 28, .ofs_x = 0, .ofs_y = -2}, /* U+F067 */
    {.bitmap_index = 34235, .adv_w = 448, .box_w = 28, .box_h = 6, .ofs_x = 0, .ofs_y = 9}, /* U+F068 */
    {.bitmap_index = 34319, .adv_w = 576, .box_w = 36, .box_h = 32, .ofs_x = 0, .ofs_y = -4}, /* U+F06C */
    {.bitmap_index = 34895, .adv_w = 576, .box_w = 36, .box_h = 24, .ofs_x = 0, .ofs_y = 0}, /* U+F06E */
    {.bitmap_index = 35327, .adv_w = 640, .box_w = 40, .box_h = 32, .ofs_x = 0, .ofs_y = -4}, /* U+F070 */
    {.bitmap_index = 35967, .adv_w = 576, .box_w = 36, .box_h = 32, .ofs_x = 0, .ofs_y = -4}, /* U+F071 */
    {.bitmap_index = 36543, .adv_w = 512, .box_w = 32, .box_h = 28, .ofs_x = 0, .ofs_y = -2}, /* U+F074 */
    {.bitmap_index = 36991, .adv_w = 448, .box_w = 28, .box_h = 18, .ofs_x = 0, .ofs_y = 3}, /* U+F077 */
    {.bitmap_index = 37243, .adv_w = 448, .box_w = 28, .box_h = 18, .ofs_x = 0, .ofs_y = 3}, /* U+F078 */
    {.bitmap_index = 37495, .adv_w = 640, .box_w = 40, .box_h = 26, .ofs_x = 0, .ofs_y = -1}, /* U+F079 */
    {.bitmap_index = 38015, .adv_w = 512, .box_w = 32, .box_h = 24, .ofs_x = 0, .ofs_y = 0}, /* U+F07B */
    {.bitmap_index = 38399, .adv_w = 512, .box_w = 32, .box_h = 32, .ofs_x = 0, .ofs_y = -4}, /* U+F093 */
    {.bitmap_index = 38911, .adv_w = 512, .box_w = 32, .box_h = 32, .ofs_x = 0, .ofs_y = -4}, /* U+F095 */
    {.bitmap_index = 39423, .adv_w = 448, .box_w = 28, .box_h = 28, .ofs_x = 0, .ofs_y = -2}, /* U+F0C4 */
    {.bitmap_index = 39815, .adv_w = 448, .box_w = 28, .box_h = 32, .ofs_x = 0, .ofs_y = -4}, /* U+F0C5 */
    {.bitmap_index = 40263, .adv_w = 448, .box_w = 28, .box_h = 28, .ofs_x = 0, .ofs_y = -2}, /* U+F0C7 */
    {.bitmap_index = 40655, .adv_w = 448, .box_w = 28, .box_h = 25, .ofs_x = 0, .ofs_y = 0}, /* U+F0C9 */
    {.bitmap_index = 41005, .adv_w = 512, .box_w = 32, .box_h = 24, .ofs_x = 0, .ofs_y = 0}, /* U+F0E0 */
    {.bitmap_index = 41389, .adv_w = 320, .box_w = 20, .box_h = 32, .ofs_x = 0, .ofs_y = -4}, /* U+F0E7 */
    {.bitmap_index = 41709, .adv_w = 448, .box_w = 28, .box_h = 32, .ofs_x = 0, .ofs_y = -4}, /* U+F0EA */
    {.bitmap_index = 42157, .adv_w = 448, .box_w = 28, .box_h = 32, .ofs_x = 0, .ofs_y = -4}, /* U+F0F3 */
    {.bitmap_index = 42605, .adv_w = 576, .box_w = 36, .box_h = 24, .ofs_x = 0, .ofs_y = 0}, /* U+F11C */
    {.bitmap_index = 43037, .adv_w = 512, .box_w = 32, .box_h = 32, .ofs_x = 0, .ofs_y = -4}, /* U+F124 */
    {.bitmap_index = 43549, .adv_w = 448, .box_w = 28, .box_h = 32, .ofs_x = 0, .ofs_y = -4}, /* U+F133 */
    {.bitmap_index = 43997, .adv_w = 384, .box_w = 24, .box_h = 32, .ofs_x = 0, .ofs_y = -4}, /* U+F15B */
    {.bitmap_index = 44381, .adv_w = 512, .box_w = 32, .box_h = 32, .ofs_x = 0, .ofs_y = -4}, /* U+F185 */
    {.bitmap_index = 44893, .adv_w = 512, .box_w = 32, .box_h = 24, .ofs_x = 0, .ofs_y = 0}, /* U+F1B9 */
    {.bitmap_index = 45277, .adv_w = 384, .box_w = 24, .box_h = 32, .ofs_x = 0, .ofs_y = -4}, /* U+F1E6 */
    {.bitmap_index = 45661, .adv_w = 640, .box_w = 40, .box_h = 29, .ofs_x = 0, .ofs_y = -2}, /* U+F1EB */
    {.bitmap_index = 46241, .adv_w = 512, .box_w = 32, .box_h = 24, .ofs_x = 0, .ofs_y = 0}, /* U+F201 */
    {.bitmap_index = 46625, .adv_w = 640, .box_w = 40, .box_h = 20, .ofs_x = 0, .ofs_y = 2}, /* U+F240 */
    {.bitmap_index = 47025, .adv_w = 640, .box_w = 40, .box_h = 20, .ofs_x = 0, .ofs_y = 2}, /* U+F241 */
    {.bitmap_index = 47425, .adv_w = 640, .box_w = 40, .box_h = 20, .ofs_x = 0, .ofs_y = 2}, /* U+F242 */
    {.bitmap_index = 47825, .adv_w = 640, .box_w = 40, .box_h = 20, .ofs_x = 0, .ofs_y = 2}, /* U+F243 */
    {.bitmap_index = 48225, .adv_w = 640, .box_w = 40, .box_h = 20, .ofs_x = 0, .ofs_y = 2}, /* U+F244 */
    {.bitmap_index = 48625, .adv_w = 512, .box_w = 32, .box_h = 28, .ofs_x = 0, .ofs_y = -2}, /* U+F275 */
    {.bitmap_index = 49073, .adv_w = 640, .box_w = 41, .box_h = 25, .ofs_x = 0, .ofs_y = 0}, /* U+F287 */
    {.bitmap_index = 49586, .adv_w = 448, .box_w = 24, .box_h = 32, .ofs_x = 2, .ofs_y = -3}, /* U+F293 */
    {.bitmap_index = 49970, .adv_w = 256, .box_w = 16, .box_h = 32, .ofs_x = 0, .ofs_y = -4}, /* U+F2C9 */
    {.bitmap_index = 50226, .adv_w = 512, .box_w = 33, .box_h = 32, .ofs_x = -1, .ofs_y = -4}, /* U+F2DB */
    {.bitmap_index = 50754, .adv_w = 448, .box_w = 28, .box_h = 32, .ofs_x = 0, .ofs_y = -4}, /* U+F2ED */
    {.bitmap_index = 51202, .adv_w = 512, .box_w = 32, .box_h = 32, .ofs_x = 0, .ofs_y = -4}, /* U+F304 */
    {.bitmap_index = 51714, .adv_w = 576, .box_w = 36, .box_h = 28, .ofs_x = 0, .ofs_y = -2}, /* U+F3FD */
    {.bitmap_index = 52218, .adv_w = 576, .box_w = 37, .box_h = 32, .ofs_x = -1, .ofs_y = -4}, /* U+F4D3 */
    {.bitmap_index = 52810, .adv_w = 640, .box_w = 40, .box_h = 32, .ofs_x = 0, .ofs_y = -4}, /* U+F519 */
    {.bitmap_index = 53450, .adv_w = 512, .box_w = 32, .box_h = 32, .ofs_x = 0, .ofs_y = -4}, /* U+F51E */
    {.bitmap_index = 53962, .adv_w = 640, .box_w = 40, .box_h = 28, .ofs_x = 0, .ofs_y = -2}, /* U+F53A */
    {.bitmap_index = 54522, .adv_w = 512, .box_w = 32, .box_h = 28, .ofs_x = 0, .ofs_y = -2}, /* U+F555 */
    {.bitmap_index = 54970, .adv_w = 640, .box_w = 40, .box_h = 24, .ofs_x = 0, .ofs_y = 0}, /* U+F55A */
    {.bitmap_index = 55450, .adv_w = 640, .box_w = 40, .box_h = 32, .ofs_x = 0, .ofs_y = -4}, /* U+F5BA */
    {.bitmap_index = 56090, .adv_w = 384, .box_w = 24, .box_h = 32, .ofs_x = 0, .ofs_y = -4}, /* U+F7C2 */
    {.bitmap_index = 56474, .adv_w = 515, .box_w = 32, .box_h = 20, .ofs_x = 0, .ofs_y = 2}, /* U+F8A2 */
};

static const uint16_t unicode_list_1[] = {
    0x0, 0xd, 0xe, 0x14, 0x30, 0x34, 0x50, 0x61,
    0x62, 0x63, 0x64, 0x75, 0x76, 0x9e, 0x9f, 0xa0,
    0xa1, 0xb7, 0xb8, 0xd6, 0xd7, 0xd8, 0xd9, 0x1f70,
    0x1f79, 0x1f7a, 0x1f7b, 0x1f7f, 0x1f83, 0x2009, 0x216f, 0xef5e,
    0xef5f, 0xef65, 0xef68, 0xef69, 0xef6a, 0xef6e, 0xef70, 0xef72,
    0xef74, 0xef76, 0xef79, 0xef7e, 0xef83, 0xef84, 0xef85, 0xef9b,
    0xefa0, 0xefa5, 0xefa8, 0xefa9, 0xefaa, 0xefae, 0xefaf, 0xefb0,
    0xefb1, 0xefb7, 0xefbd, 0xefbe, 0xefbf, 0xefc0, 0xefc4, 0xefc5,
    0xefc9, 0xefcb, 0xefcd, 0xefce, 0xefd1, 0xefd4, 0xefd5, 0xefd6,
    0xefd8, 0xeff0, 0xeff2, 0xf021, 0xf022, 0xf024, 0xf026, 0xf03d,
    0xf044, 0xf047, 0xf050, 0xf079, 0xf081, 0xf090, 0xf0b8, 0xf0e2,
    0xf116, 0xf143, 0xf148, 0xf15e, 0xf19d, 0xf19e, 0xf19f, 0xf1a0,
    0xf1a1, 0xf1d2, 0xf1e4, 0xf1f0, 0xf226, 0xf238, 0xf24a, 0xf261,
    0xf35a, 0xf430, 0xf476, 0xf47b, 0xf497, 0xf4b2, 0xf4b7, 0xf517,
    0xf71f, 0xf7ff,
};

static const lv_font_fmt_txt_cmap_t cmaps[] = {
    {
        .range_start = 32, .range_length = 95, .glyph_id_start = 1,
        .unicode_list = NULL, .glyph_id_ofs_list = NULL, .list_length = 0, .type = LV_FONT_FMT_TXT_CMAP_FORMAT0_TINY
    },
    {
        .range_start = 163, .range_length = 63488, .glyph_id_start = 96,
        .unicode_list = unicode_list_1, .glyph_id_ofs_list = NULL, .list_length = 114, .type = LV_FONT_FMT_TXT_CMAP_SPARSE_TINY
    }
};

static const lv_font_fmt_txt_dsc_t font_dsc = {
    .glyph_bitmap = glyph_bitmap,
    .glyph_dsc = glyph_dsc,
    .cmaps = cmaps,
    .kern_dsc = NULL,
    .kern_scale = 0,
    .cmap_num = 2,
    .bpp = 4,
    .kern_classes = 0,
    .bitmap_format = 0,
};

extern const lv_font_t font_pl_32;   /* external linkage also when compiled as C++ */
const lv_font_t font_pl_32 = {
    .get_glyph_dsc = lv_font_get_glyph_dsc_fmt_txt,
    .get_glyph_bitmap = lv_font_get_bitmap_fmt_txt,
    .line_height = 36,
    .base_line = 7,
    .subpx = LV_FONT_SUBPX_NONE,
    .underline_position = -1,
    .underline_thickness = 1,
    .dsc = &font_dsc,
    .fallback = NULL,
    .user_data = NULL,
};
