/* Generated by fontgen.py (Montserrat Medium + Font Awesome 5), size 24 px, bpp 4 */
#ifdef LV_LVGL_H_INCLUDE_SIMPLE
#include "lvgl.h"
#else
#include "lvgl.h"
#endif

static LV_ATTRIBUTE_LARGE_CONST const uint8_t glyph_bitmap[] = {
    0x2f, 0xf8, 0x1f, 0xf8, 0x1f, 0xf7, 0xf, 0xf7, 0xf, 0xf6, 0xe, 0xf6, 0xe, 0xf5, 0xd, 0xf4,
    0xc, 0xf4, 0xc, 0xf3, 0xb, 0xf3, 0xb, 0xf2, 0x0, 0x0, 0x0, 0x0, 0x1c, 0xe5, 0x4f, 0xfb,
    0x1c, 0xe5, 0x7f, 0x80, 0x2f, 0xd7, 0xf7, 0x2, 0xfd, 0x7f, 0x70, 0x1f, 0xc6, 0xf7, 0x1, 0xfc,
    0x6f, 0x60, 0x1f, 0xb6, 0xf6, 0x0, 0xfb, 0x5f, 0x60, 0xf, 0xb0, 0x0, 0x0, 0x8, 0xf2, 0x0,
    0x5, 0xf6, 0x0, 0x0, 0x0, 0x0, 0xaf, 0x0, 0x0, 0x7f, 0x40, 0x0, 0x0, 0x0, 0xc, 0xd0,
    0x0, 0x9, 0xf2, 0x0, 0x0, 0x0, 0x0, 0xec, 0x0, 0x0, 0xbf, 0x0, 0x0, 0x9, 0xff, 0xff,
    0xff, 0xff, 0xff, 0xff, 0xff, 0x30, 0x9f, 0xff, 0xff, 0xff, 0xff, 0xff, 0xff, 0xf3, 0x0, 0x0,
    0x5f, 0x70, 0x0, 0x1f, 0xa0, 0x0, 0x0, 0x0, 0x6, 0xf5, 0x0, 0x3, 0xf8, 0x0, 0x0, 0x0,
    0x0, 0x8f, 0x30, 0x0, 0x4f, 0x60, 0x0, 0x0, 0x0, 0xa, 0xf1, 0x0, 0x6, 0xf4, 0x0, 0x0,
    0x0, 0x0, 0xce, 0x0, 0x0, 0x8f, 0x30, 0x0, 0x5, 0xff, 0xff, 0xff, 0xff, 0xff, 0xff, 0xff,
    0x70, 0x5f, 0xff, 0xff, 0xff, 0xff, 0xff, 0xff, 0xf7, 0x0, 0x0, 0x2f, 0x90, 0x0, 0xd, 0xd0,
    0x0, 0x0, 0x0, 0x4, 0xf7, 0x0, 0x0, 0xfb, 0x0, 0x0, 0x0, 0x0, 0x6f, 0x50, 0x0, 0x2f,
    0x90, 0x0, 0x0, 0x0, 0x8, 0xf3, 0x0, 0x4, 0xf7, 0x0, 0x0, 0x0, 0x0, 0x0, 0x3, 0xf5,
    0x0, 0x0, 0x0, 0x0, 0x0, 0x3f, 0x50, 0x0, 0x0, 0x0, 0x0, 0x3, 0xf5, 0x0, 0x0, 0x0,
    0x1, 0x7c, 0xef, 0xfe, 0xb6, 0x10, 0x3, 0xef, 0xff, 0xff, 0xff, 0xfe, 0x11, 0xef, 0xd5, 0x4f,
    0x62, 0x6c, 0xc0, 0x6f, 0xf2, 0x3, 0xf5, 0x0, 0x2, 0x9, 0xfc, 0x0, 0x3f, 0x50, 0x0, 0x0,
    0x8f, 0xe1, 0x3, 0xf5, 0x0, 0x0, 0x3, 0xff, 0xc4, 0x3f, 0x50, 0x0, 0x0, 0x8, 0xff, 0xfe,
    0xf9, 0x20, 0x0, 0x0, 0x5, 0xcf, 0xff, 0xff, 0xc5, 0x0, 0x0, 0x0, 0x27, 0xfe, 0xff, 0xfb,
    0x0, 0x0, 0x0, 0x3f, 0x54, 0xbf, 0xf7, 0x0, 0x0, 0x3, 0xf5, 0x0, 0xbf, 0xc0, 0x0, 0x0,
    0x3f, 0x50, 0x7, 0xfd, 0x46, 0x0, 0x3, 0xf5, 0x0, 0xbf, 0xbc, 0xfc, 0x62, 0x4f, 0x63, 0xaf,
    0xf5, 0x5e, 0xff, 0xff, 0xff, 0xff, 0xf8, 0x0, 0x16, 0xad, 0xff, 0xfe, 0xa3, 0x0, 0x0, 0x0,
    0x3, 0xf6, 0x0, 0x0, 0x0, 0x0, 0x0, 0x3f, 0x50, 0x0, 0x0, 0x0, 0x0, 0x3, 0xf5, 0x0,
    0x0, 0x0, 0x0, 0x3b, 0xfe, 0x91, 0x0, 0x0, 0x0, 0x6f, 0x70, 0x0, 0x3, 0xea, 0x45, 0xeb,
    0x0, 0x0, 0x2, 0xeb, 0x0, 0x0, 0xb, 0xd0, 0x0, 0x4f, 0x50, 0x0, 0xb, 0xe2, 0x0, 0x0,
    0xf, 0x90, 0x0, 0xe, 0x90, 0x0, 0x7f, 0x60, 0x0, 0x0, 0x1f, 0x70, 0x0, 0xd, 0xa0, 0x2,
    0xeb, 0x0, 0x0, 0x0, 0x1f, 0x80, 0x0, 0xe, 0x90, 0xc, 0xe2, 0x0, 0x0, 0x0, 0xc, 0xd0,
    0x0, 0x4f, 0x60, 0x7f, 0x60, 0x0, 0x0, 0x0, 0x5, 0xf9, 0x34, 0xdd, 0x12, 0xfb, 0x0, 0x1,
    0x0, 0x0, 0x0, 0x7f, 0xff, 0xd3, 0xc, 0xe2, 0x8, 0xef, 0xe7, 0x0, 0x0, 0x1, 0x43, 0x0,
    0x7f, 0x50, 0x9f, 0x85, 0xaf, 0x70, 0x0, 0x0, 0x0, 0x3, 0xfa, 0x2, 0xf9, 0x0, 0xb, 0xe1,
    0x0, 0x0, 0x0, 0xc, 0xe1, 0x6, 0xf3, 0x0, 0x5, 0xf4, 0x0, 0x0, 0x0, 0x8f, 0x50, 0x7,
    0xf2, 0x0, 0x4, 0xf5, 0x0, 0x0, 0x3, 0xfa, 0x0, 0x5, 0xf3, 0x0, 0x5, 0xf4, 0x0, 0x0,
    0xc, 0xe1, 0x0, 0x2, 0xf6, 0x0, 0x9, 0xe1, 0x0, 0x0, 0x8f, 0x50, 0x0, 0x0, 0x8e, 0x41,
    0x6f, 0x60, 0x0, 0x3, 0xfa, 0x0, 0x0, 0x0, 0x7, 0xdf, 0xd6, 0x0, 0x0, 0x1, 0x9d, 0xfd,
    0xa3, 0x0, 0x0, 0x0, 0x0, 0x2e, 0xff, 0xff, 0xff, 0x30, 0x0, 0x0, 0x0, 0x9f, 0xd4, 0x12,
    0xbf, 0xa0, 0x0, 0x0, 0x0, 0xcf, 0x60, 0x0, 0x3f, 0xc0, 0x0, 0x0, 0x0, 0xcf, 0x60, 0x0,
    0x4f, 0xa0, 0x0, 0x0, 0x0, 0x7f, 0xc0, 0x2, 0xdf, 0x40, 0x0, 0x0, 0x0, 0x1d, 0xfa, 0x7f,
    0xf6, 0x0, 0x0, 0x0, 0x0, 0x2, 0xff, 0xfd, 0x40, 0x0, 0x0, 0x0, 0x0, 0x3d, 0xff, 0xfb,
    0x10, 0x0, 0x0, 0x0, 0x6, 0xff, 0x83, 0xdf, 0xc1, 0x0, 0x99, 0x20, 0x3f, 0xf4, 0x0, 0x2d,
    0xfc, 0x10, 0xef, 0x10, 0xaf, 0x80, 0x0, 0x1, 0xcf, 0xd7, 0xfb, 0x0, 0xdf, 0x60, 0x0, 0x0,
    0x1c, 0xff, 0xf4, 0x0, 0xcf, 0xa0, 0x0, 0x0, 0x2, 0xef, 0xe3, 0x0, 0x6f, 0xfb, 0x41, 0x13,
    0x7e, 0xfe, 0xfe, 0x30, 0x9, 0xff, 0xff, 0xff, 0xff, 0x91, 0xaf, 0xd0, 0x0, 0x39, 0xde, 0xed,
    0x93, 0x0, 0xa, 0x40, 0x7f, 0x87, 0xf7, 0x7f, 0x76, 0xf7, 0x6f, 0x66, 0xf6, 0x5f, 0x60, 0x0,
    0x2f, 0xf2, 0x0, 0x9f, 0x90, 0x2, 0xff, 0x20, 0x7, 0xfc, 0x0, 0xb, 0xf7, 0x0, 0x1f, 0xf3,
    0x0, 0x3f, 0xf0, 0x0, 0x6f, 0xd0, 0x0, 0x8f, 0xa0, 0x0, 0x9f, 0xa0, 0x0, 0xaf, 0x90, 0x0,
    0xbf, 0x80, 0x0, 0xaf, 0x90, 0x0, 0x9f, 0xa0, 0x0, 0x8f, 0xa0, 0x0, 0x6f, 0xd0, 0x0, 0x3f,
    0xf0, 0x0, 0x1f, 0xf3, 0x0, 0xb, 0xf7, 0x0, 0x6, 0xfc, 0x0, 0x2, 0xff, 0x20, 0x0, 0x9f,
    0x90, 0x0, 0x2f, 0xf2, 0x1e, 0xf3, 0x0, 0x8, 0xfb, 0x0, 0x1, 0xff, 0x30, 0x0, 0xbf, 0x80,
    0x0, 0x6f, 0xd0, 0x0, 0x2f, 0xf2, 0x0, 0xe, 0xf5, 0x0, 0xb, 0xf8, 0x0, 0x9, 0xfa, 0x0,
    0x8, 0xfb, 0x0, 0x7, 0xfc, 0x0, 0x7, 0xfc, 0x0, 0x7, 0xfc, 0x0, 0x8, 0xfb, 0x0, 0x9,
    0xfa, 0x0, 0xb, 0xf8, 0x0, 0xe, 0xf5, 0x0, 0x2f, 0xf2, 0x0, 0x6f, 0xd0, 0x0, 0xbf, 0x80,
    0x1, 0xff, 0x30, 0x8, 0xfb, 0x0, 0x1e, 0xf3, 0x0, 0x0, 0x0, 0xe8, 0x0, 0x0, 0x3, 0x0,
    0xe8, 0x0, 0x20, 0x4f, 0x91, 0xe8, 0x4d, 0xd0, 0x18, 0xee, 0xfe, 0xfd, 0x50, 0x0, 0x3e, 0xff,
    0xb0, 0x0, 0x7, 0xef, 0xfe, 0xfc, 0x30, 0x5f, 0xa2, 0xe8, 0x5d, 0xd0, 0x3, 0x0, 0xe8, 0x0,
    0x30, 0x0, 0x0, 0xe8, 0x0, 0x0, 0x0, 0x0, 0xf, 0xf0, 0x0, 0x0, 0x0, 0x0, 0xf, 0xf0,
    0x0, 0x0, 0x0, 0x0, 0xf, 0xf0, 0x0, 0x0, 0x0, 0x0, 0xf, 0xf0, 0x0, 0x0, 0x0, 0x0,
    0x1f, 0xf0, 0x0, 0x0, 0x6f, 0xff, 0xff, 0xff, 0xff, 0xf5, 0x6f, 0xff, 0xff, 0xff, 0xff, 0xf5,
    0x0, 0x0, 0xf, 0xf0, 0x0, 0x0, 0x0, 0x0, 0xf, 0xf0, 0x0, 0x0, 0x0, 0x0, 0xf, 0xf0,
    0x0, 0x0, 0x0, 0x0, 0xf, 0xf0, 0x0, 0x0, 0x5e, 0xb0, 0xcf, 0xf4, 0x9f, 0xf3, 0xe, 0xe0,
    0x2f, 0x90, 0x6f, 0x40, 0x9e, 0x0, 0x0, 0x0, 0x0, 0x9, 0xff, 0xff, 0xfc, 0x9f, 0xff, 0xff,
    0xc0, 0x6e, 0xc1, 0xdf, 0xf4, 0x6e, 0xb1, 0x0, 0x0, 0x0, 0x0, 0xef, 0x30, 0x0, 0x0, 0x0,
    0x4f, 0xc0, 0x0, 0x0, 0x0, 0x9, 0xf7, 0x0, 0x0, 0x0, 0x0, 0xef, 0x20, 0x0, 0x0, 0x0,
    0x5f, 0xc0, 0x0, 0x0, 0x0, 0xa, 0xf7, 0x0, 0x0, 0x0, 0x1, 0xef, 0x20, 0x0, 0x0, 0x0,
    0x5f, 0xb0, 0x0, 0x0, 0x0, 0xa, 0xf6, 0x0, 0x0, 0x0, 0x1, 0xff, 0x10, 0x0, 0x0, 0x0,
    0x6f, 0xb0, 0x0, 0x0, 0x0, 0xb, 0xf6, 0x0, 0x0, 0x0, 0x1, 0xff, 0x10, 0x0, 0x0, 0x0,
    0x6f, 0xa0, 0x0, 0x0, 0x0, 0xb, 0xf5, 0x0, 0x0, 0x0, 0x1, 0xfe, 0x10, 0x0, 0x0, 0x0,
    0x7f, 0xa0, 0x0, 0x0, 0x0, 0xc, 0xf5, 0x0, 0x0, 0x0, 0x2, 0xfe, 0x0, 0x0, 0x0, 0x0,
    0x7f, 0x90, 0x0, 0x0, 0x0, 0xc, 0xf4, 0x0, 0x0, 0x0, 0x2, 0xfe, 0x0, 0x0, 0x0, 0x0,
    0x8f, 0x90, 0x0, 0x0, 0x0, 0x0, 0x0, 0x1, 0x8c, 0xef, 0xc8, 0x10, 0x0, 0x0, 0x3d, 0xff,
    0xff, 0xff, 0xd3, 0x0, 0x2, 0xef, 0xd5, 0x11, 0x5d, 0xfe, 0x20, 0xa, 0xfd, 0x10, 0x0, 0x1,
    0xdf, 0xa0, 0x2f, 0xf5, 0x0, 0x0, 0x0, 0x5f, 0xf2, 0x7f, 0xe0, 0x0, 0x0, 0x0, 0xe, 0xf7,
    0xaf, 0xb0, 0x0, 0x0, 0x0, 0xb, 0xfa, 0xbf, 0x90, 0x0, 0x0, 0x0, 0x9, 0xfc, 0xcf, 0x80,
    0x0, 0x0, 0x0, 0x8, 0xfd, 0xbf, 0x90, 0x0, 0x0, 0x0, 0x9, 0xfc, 0xaf, 0xb0, 0x0, 0x0,
    0x0, 0xb, 0xfa, 0x7f, 0xe0, 0x0, 0x0, 0x0, 0xe, 0xf7, 0x2f, 0xf5, 0x0, 0x0, 0x0, 0x5f,
    0xf2, 0xa, 0xfd, 0x10, 0x0, 0x1, 0xdf, 0xa0, 0x2, 0xef, 0xd5, 0x11, 0x5d, 0xfe, 0x20, 0x0,
    0x3e, 0xff, 0xff, 0xff, 0xe3, 0x0, 0x0, 0x1, 0x7c, 0xee, 0xc7, 0x10, 0x0, 0xcf, 0xff, 0xff,
    0x5c, 0xff, 0xff, 0xf5, 0x0, 0x1, 0xff, 0x50, 0x0, 0xf, 0xf5, 0x0, 0x0, 0xff, 0x50, 0x0,
    0xf, 0xf5, 0x0, 0x0, 0xff, 0x50, 0x0, 0xf, 0xf5, 0x0, 0x0, 0xff, 0x50, 0x0, 0xf, 0xf5,
    0x0, 0x0, 0xff, 0x50, 0x0, 0xf, 0xf5, 0x0, 0x0, 0xff, 0x50, 0x0, 0xf, 0xf5, 0x0, 0x0,
    0xff, 0x50, 0x0, 0xf, 0xf5, 0x0, 0x0, 0xff, 0x50, 0x0, 0x28, 0xce, 0xfe, 0xb6, 0x0, 0x0,
    0x8f, 0xff, 0xff, 0xff, 0xfc, 0x10, 0x6f, 0xfa, 0x42, 0x13, 0x9f, 0xfa, 0x0, 0x76, 0x0, 0x0,
    0x0, 0x8f, 0xf1, 0x0, 0x0, 0x0, 0x0, 0x3, 0xff, 0x30, 0x0, 0x0, 0x0, 0x0, 0x4f, 0xf2,
    0x0, 0x0, 0x0, 0x0, 0x8, 0xfe, 0x0, 0x0, 0x0, 0x0, 0x3, 0xff, 0x80, 0x0, 0x0, 0x0,
    0x2, 0xef, 0xc0, 0x0, 0x0, 0x0, 0x2, 0xdf, 0xd2, 0x0, 0x0, 0x0, 0x2, 0xef, 0xd2, 0x0,
    0x0, 0x0, 0x3, 0xef, 0xd1, 0x0, 0x0, 0x0, 0x3, 0xef, 0xc1, 0x0, 0x0, 0x0, 0x3, 0xef,
    0xc1, 0x0, 0x0, 0x0, 0x3, 0xef, 0xc1, 0x0, 0x0, 0x0, 0x1, 0xef, 0xff, 0xff, 0xff, 0xff,
    0xfe, 0x2f, 0xff, 0xff, 0xff, 0xff, 0xff, 0xe0, 0x2f, 0xff, 0xff, 0xff, 0xff, 0xff, 0x2, 0xff,
    0xff, 0xff, 0xff, 0xff, 0xe0, 0x0, 0x0, 0x0, 0x0, 0x7f, 0xf4, 0x0, 0x0, 0x0, 0x0, 0x4f,
    0xf7, 0x0, 0x0, 0x0, 0x0, 0x2e, 0xfa, 0x0, 0x0, 0x0, 0x0, 0xc, 0xfc, 0x0, 0x0, 0x0,
    0x0, 0x9, 0xfe, 0x20, 0x0, 0x0, 0x0, 0x3, 0xff, 0xec, 0x81, 0x0, 0x0, 0x0, 0x4f, 0xff,
    0xff, 0xe4, 0x0, 0x0, 0x0, 0x0, 0x26, 0xef, 0xe1, 0x0, 0x0, 0x0, 0x0, 0x3, 0xff, 0x70,
    0x0, 0x0, 0x0, 0x0, 0xc, 0xf9, 0x0, 0x0, 0x0, 0x0, 0x0, 0xcf, 0x81, 0x91, 0x0, 0x0,
    0x0, 0x3f, 0xf5, 0x8f, 0xe8, 0x41, 0x13, 0x7e, 0xfc, 0x5, 0xef, 0xff, 0xff, 0xff, 0xfc, 0x20,
    0x0, 0x5a, 0xde, 0xfd, 0xb6, 0x0, 0x0, 0x0, 0x0, 0x0, 0x0, 0x1d, 0xfb, 0x0, 0x0, 0x0,
    0x0, 0x0, 0x0, 0xaf, 0xd1, 0x0, 0x0, 0x0, 0x0, 0x0, 0x6, 0xff, 0x30, 0x0, 0x0, 0x0,
    0x0, 0x0, 0x3f, 0xf7, 0x0, 0x0, 0x0, 0x0, 0x0, 0x1, 0xdf, 0xa0, 0x0, 0x0, 0x0, 0x0,
    0x0, 0xa, 0xfd, 0x10, 0x0, 0x0, 0x0, 0x0, 0x0, 0x7f, 0xf3, 0x0, 0x0, 0x0, 0x0, 0x0,
    0x3, 0xff, 0x70, 0x0, 0x9c, 0x70, 0x0, 0x0, 0x1d, 0xfa, 0x0, 0x0, 0xaf, 0x90, 0x0, 0x0,
    0xbf, 0xd1, 0x0, 0x0, 0xaf, 0x90, 0x0, 0x7, 0xff, 0x41, 0x11, 0x11, 0xbf, 0x91, 0x11, 0x1f,
    0xff, 0xff, 0xff, 0xff, 0xff, 0xff, 0xfc, 0x1f, 0xff, 0xff, 0xff, 0xff, 0xff, 0xff, 0xfc, 0x0,
    0x0, 0x0, 0x0, 0x0, 0xbf, 0x90, 0x0, 0x0, 0x0, 0x0, 0x0, 0x0, 0xbf, 0x90, 0x0, 0x0,
    0x0, 0x0, 0x0, 0x0, 0xbf, 0x90, 0x0, 0x0, 0x0, 0x0, 0x0, 0x0, 0xbf, 0x90, 0x0, 0x0,
    0x8f, 0xff, 0xff, 0xff, 0xff, 0x0, 0xa, 0xff, 0xff, 0xff, 0xff, 0xf0, 0x0, 0xbf, 0x80, 0x0,
    0x0, 0x0, 0x0, 0xd, 0xf6, 0x0, 0x0, 0x0, 0x0, 0x0, 0xef, 0x50, 0x0, 0x0, 0x0, 0x0,
    0xf, 0xf3, 0x0, 0x0, 0x0, 0x0, 0x2, 0xff, 0x20, 0x0, 0x0, 0x0, 0x0, 0x3f, 0xff, 0xff,
    0xec, 0x82, 0x0, 0x5, 0xff, 0xff, 0xff, 0xff, 0xf7, 0x0, 0x0, 0x0, 0x1, 0x26, 0xdf, 0xf4,
    0x0, 0x0, 0x0, 0x0, 0x1, 0xdf, 0xb0, 0x0, 0x0, 0x0, 0x0, 0x8, 0xfd, 0x0, 0x0, 0x0,
    0x0, 0x0, 0x8f, 0xd0, 0x72, 0x0, 0x0, 0x0, 0x1d, 0xfa, 0x4f, 0xf9, 0x52, 0x12, 0x5d, 0xff,
    0x32, 0xcf, 0xff, 0xff, 0xff, 0xfe, 0x50, 0x0, 0x38, 0xce, 0xfe, 0xc8, 0x20, 0x0, 0x0, 0x0,
    0x49, 0xde, 0xed, 0xb6, 0x0, 0x0, 0x1a, 0xff, 0xff, 0xff, 0xfe, 0x10, 0x0, 0xcf, 0xfa, 0x41,
    0x13, 0x77, 0x0, 0x8, 0xff, 0x50, 0x0, 0x0, 0x0, 0x0, 0x1f, 0xf8, 0x0, 0x0, 0x0, 0x0,
    0x0, 0x6f, 0xf1, 0x0, 0x0, 0x0, 0x0, 0x0, 0x9f, 0xc0, 0x0, 0x0, 0x0, 0x0, 0x0, 0xbf,
    0x90, 0x5b, 0xef, 0xda, 0x40, 0x0, 0xcf, 0x9a, 0xff, 0xff, 0xff, 0xf9, 0x0, 0xcf, 0xef, 0xb4,
    0x11, 0x4b, 0xff, 0x70, 0xbf, 0xfa, 0x0, 0x0, 0x0, 0x9f, 0xe0, 0x8f, 0xf3, 0x0, 0x0, 0x0,
    0x4f, 0xf1, 0x4f, 0xf3, 0x0, 0x0, 0x0, 0x4f, 0xf1, 0xd, 0xfa, 0x0, 0x0, 0x0, 0xaf, 0xd0,
    0x4, 0xff, 0xb4, 0x11, 0x4b, 0xff, 0x60, 0x0, 0x5e, 0xff, 0xff, 0xff, 0xf8, 0x0, 0x0, 0x2,
    0x8c, 0xef, 0xd9, 0x30, 0x0, 0x4f, 0xff, 0xff, 0xff, 0xff, 0xff, 0xf6, 0x4f, 0xff, 0xff, 0xff,
    0xff, 0xff, 0xf5, 0x4f, 0xf1, 0x0, 0x0, 0x0, 0x8f, 0xe1, 0x4f, 0xf0, 0x0, 0x0, 0x0, 0xef,
    0x80, 0x4f, 0xf0, 0x0, 0x0, 0x6, 0xff, 0x20, 0x1, 0x10, 0x0, 0x0, 0xd, 0xfa, 0x0, 0x0,
    0x0, 0x0, 0x0, 0x4f, 0xf3, 0x0, 0x0, 0x0, 0x0, 0x0, 0xbf, 0xc0, 0x0, 0x0, 0x0, 0x0,
    0x3, 0xff, 0x50, 0x0, 0x0, 0x0, 0x0, 0x9, 0xfd, 0x0, 0x0, 0x0, 0x0, 0x0, 0x1f, 0xf7,
    0x0, 0x0, 0x0, 0x0, 0x0, 0x8f, 0xe1, 0x0, 0x0, 0x0, 0x0, 0x0, 0xef, 0x90, 0x0, 0x0,
    0x0, 0x0, 0x6, 0xff, 0x20, 0x0, 0x0, 0x0, 0x0, 0xc, 0xfa, 0x0, 0x0, 0x0, 0x0, 0x0,
    0x4f, 0xf4, 0x0, 0x0, 0x0, 0x0, 0x0, 0xbf, 0xc0, 0x0, 0x0, 0x0, 0x0, 0x6, 0xbe, 0xfe,
    0xc8, 0x20, 0x0, 0x2, 0xdf, 0xff, 0xff, 0xff, 0xf7, 0x0, 0xc, 0xfe, 0x73, 0x12, 0x5c, 0xff,
    0x40, 0x3f, 0xf5, 0x0, 0x0, 0x0, 0xcf, 0xa0, 0x5f, 0xf1, 0x0, 0x0, 0x0, 0x9f, 0xb0, 0x3f,
    0xf5, 0x0, 0x0, 0x0, 0xcf, 0x90, 0xb, 0xfe, 0x72, 0x1, 0x4b, 0xfe, 0x30, 0x1, 0x9f, 0xff,
    0xff, 0xff, 0xd4, 0x0, 0x3, 0xcf, 0xff, 0xff, 0xff, 0xe7, 0x0, 0x2e, 0xfd, 0x63, 0x12, 0x4a,
    0xff, 0x80, 0xaf, 0xd1, 0x0, 0x0, 0x0, 0x8f, 0xf2, 0xdf, 0x80, 0x0, 0x0, 0x0, 0x1f, 0xf5,
    0xdf, 0x80, 0x0, 0x0, 0x0, 0x1f, 0xf5, 0xaf, 0xd1, 0x0, 0x0, 0x0, 0x8f, 0xf2, 0x3f, 0xfd,
    0x62, 0x12, 0x4a, 0xff, 0xa0, 0x5, 0xef, 0xff, 0xff, 0xff, 0xfa, 0x0, 0x0, 0x17, 0xbe, 0xfe,
    0xd9, 0x40, 0x0, 0x0, 0x4, 0xad, 0xfe, 0xc7, 0x10, 0x0, 0x0, 0xaf, 0xff, 0xff, 0xff, 0xd3,
    0x0, 0x8, 0xff, 0x93, 0x12, 0x5c, 0xfe, 0x10, 0x1e, 0xf7, 0x0, 0x0, 0x1, 0xcf, 0xa0, 0x4f,
    0xf1, 0x0, 0x0, 0x0, 0x6f, 0xf1, 0x4f, 0xf1, 0x0, 0x0, 0x0, 0x6f, 0xf5, 0x2f, 0xf6, 0x0,
    0x0, 0x0, 0xcf, 0xf8, 0xa, 0xff, 0x83, 0x11, 0x4c, 0xff, 0xf9, 0x1, 0xcf, 0xff, 0xff, 0xff,
    0x9b, 0xf9, 0x0, 0x6, 0xce, 0xfe, 0xa4, 0xc, 0xf8, 0x0, 0x0, 0x0, 0x0, 0x0, 0xe, 0xf7,
    0x0, 0x0, 0x0, 0x0, 0x0, 0x4f, 0xf3, 0x0, 0x0, 0x0, 0x0, 0x0, 0xbf, 0xd0, 0x0, 0x0,
    0x0, 0x0, 0x7, 0xff, 0x50, 0x0, 0x96, 0x21, 0x15, 0xbf, 0xf9, 0x0, 0x3, 0xff, 0xff, 0xff,
    0xff, 0x80, 0x0, 0x1, 0x7b, 0xdf, 0xec, 0x82, 0x0, 0x0, 0x6e, 0xc1, 0xdf, 0xf4, 0x6e, 0xb1,
    0x0, 0x0, 0x0, 0x0, 0x0, 0x0, 0x0, 0x0, 0x0, 0x0, 0x0, 0x0, 0x0, 0x0, 0x6e, 0xc1,
    0xdf, 0xf4, 0x6e, 0xb1, 0x6e, 0xc1, 0xdf, 0xf4, 0x6e, 0xb1, 0x0, 0x0, 0x0, 0x0, 0x0, 0x0,
    0x0, 0x0, 0x0, 0x0, 0x0, 0x0, 0x0, 0x0, 0x5e, 0xb0, 0xcf, 0xf4, 0x9f, 0xf3, 0xe, 0xe0,
    0x2f, 0x90, 0x6f, 0x40, 0x9e, 0x0, 0x0, 0x0, 0x0, 0x0, 0x0, 0x53, 0x0, 0x0, 0x0, 0x2,
    0x8e, 0xf5, 0x0, 0x0, 0x16, 0xbf, 0xff, 0xa2, 0x0, 0x39, 0xef, 0xfc, 0x61, 0x0, 0x3c, 0xff,
    0xe9, 0x30, 0x0, 0x0, 0x6f, 0xf7, 0x0, 0x0, 0x0, 0x0, 0x4e, 0xff, 0xb6, 0x10, 0x0, 0x0,
    0x1, 0x6c, 0xff, 0xe9, 0x30, 0x0, 0x0, 0x0, 0x28, 0xef, 0xfc, 0x71, 0x0, 0x0, 0x0, 0x5,
    0xbf, 0xf5, 0x0, 0x0, 0x0, 0x0, 0x2, 0x84, 0x6f, 0xff, 0xff, 0xff, 0xff, 0xf5, 0x6f, 0xff,
    0xff, 0xff, 0xff, 0xf5, 0x0, 0x0, 0x0, 0x0, 0x0, 0x0, 0x0, 0x0, 0x0, 0x0, 0x0, 0x0,
    0x0, 0x0, 0x0, 0x0, 0x0, 0x0, 0x0, 0x0, 0x0, 0x0, 0x0, 0x0, 0x6f, 0xff, 0xff, 0xff,
    0xff, 0xf5, 0x6f, 0xff, 0xff, 0xff, 0xff, 0xf5, 0x45, 0x0, 0x0, 0x0, 0x0, 0x0, 0x6f, 0xe8,
    0x20, 0x0, 0x0, 0x0, 0x2a, 0xff, 0xfb, 0x50, 0x0, 0x0, 0x0, 0x16, 0xcf, 0xfe, 0x83, 0x0,
    0x0, 0x0, 0x3, 0x9e, 0xff, 0xc3, 0x0, 0x0, 0x0, 0x0, 0x7f, 0xf5, 0x0, 0x0, 0x1, 0x6c,
    0xff, 0xe4, 0x0, 0x3, 0x9e, 0xff, 0xb5, 0x0, 0x17, 0xdf, 0xfe, 0x82, 0x0, 0x0, 0x6f, 0xfb,
    0x50, 0x0, 0x0, 0x0, 0x58, 0x20, 0x0, 0x0, 0x0, 0x0, 0x0, 0x27, 0xce, 0xfe, 0xb7, 0x0,
    0x0, 0x7e, 0xff, 0xff, 0xff, 0xfd, 0x20, 0x7f, 0xfb, 0x42, 0x13, 0x9f, 0xfb, 0x1, 0xa7, 0x0,
    0x0, 0x0, 0xaf, 0xf1, 0x0, 0x0, 0x0, 0x0, 0x5, 0xff, 0x10, 0x0, 0x0, 0x0, 0x0, 0x7f,
    0xe0, 0x0, 0x0, 0x0, 0x0, 0x3e, 0xf7, 0x0, 0x0, 0x0, 0x0, 0x3e, 0xfb, 0x0, 0x0, 0x0,
    0x0, 0x3e, 0xfa, 0x0, 0x0, 0x0, 0x0, 0x1d, 0xfb, 0x0, 0x0, 0x0, 0x0, 0x6, 0xff, 0x20,
    0x0, 0x0, 0x0, 0x0, 0x59, 0x90, 0x0, 0x0, 0x0, 0x0, 0x0, 0x0, 0x0, 0x0, 0x0, 0x0,
    0x0, 0x0, 0x0, 0x0, 0x0, 0x0, 0x0, 0x6, 0xeb, 0x0, 0x0, 0x0, 0x0, 0x0, 0xcf, 0xf3,
    0x0, 0x0, 0x0, 0x0, 0x6, 0xeb, 0x0, 0x0, 0x0, 0x0, 0x0, 0x0, 0x16, 0xad, 0xef, 0xed,
    0xa6, 0x10, 0x0, 0x0, 0x0, 0x0, 0x1, 0x8e, 0xff, 0xff, 0xff, 0xff, 0xfe, 0x81, 0x0, 0x0,
    0x0, 0x2, 0xdf, 0xfb, 0x63, 0x11, 0x13, 0x6b, 0xff, 0xd2, 0x0, 0x0, 0x2, 0xef, 0xc3, 0x0,
    0x0, 0x0, 0x0, 0x3, 0xcf, 0xe2, 0x0, 0x0, 0xdf, 0x90, 0x0, 0x0, 0x0, 0x0, 0x0, 0x0,
    0x9f, 0xc0, 0x0, 0x8f, 0xb0, 0x0, 0x17, 0xdf, 0xfc, 0x60, 0xaf, 0x70, 0xaf, 0x70, 0x1e, 0xe1,
    0x0, 0x3d, 0xff, 0xff, 0xff, 0xaa, 0xf7, 0x1, 0xee, 0x5, 0xf8, 0x0, 0x1d, 0xfd, 0x51, 0x3,
    0x9f, 0xef, 0x70, 0x8, 0xf4, 0x9f, 0x30, 0x6, 0xfe, 0x20, 0x0, 0x0, 0x7f, 0xf7, 0x0, 0x3f,
    0x7b, 0xf0, 0x0, 0xbf, 0x70, 0x0, 0x0, 0x0, 0xef, 0x70, 0x1, 0xf9, 0xce, 0x0, 0xd, 0xf4,
    0x0, 0x0, 0x0, 0xa, 0xf7, 0x0, 0xf, 0xac, 0xe0, 0x0, 0xdf, 0x40, 0x0, 0x0, 0x0, 0xaf,
    0x70, 0x1, 0xf9, 0xbf, 0x10, 0xb, 0xf6, 0x0, 0x0, 0x0, 0xd, 0xf7, 0x0, 0x2f, 0x79, 0xf3,
    0x0, 0x6f, 0xd1, 0x0, 0x0, 0x5, 0xff, 0x70, 0x6, 0xf4, 0x5f, 0x80, 0x0, 0xcf, 0xc3, 0x0,
    0x17, 0xfe, 0xfb, 0x1, 0xdd, 0x1, 0xee, 0x10, 0x2, 0xdf, 0xfe, 0xdf, 0xfc, 0x4f, 0xfd, 0xef,
    0x50, 0x8, 0xfb, 0x0, 0x1, 0x7c, 0xee, 0xc7, 0x0, 0x5d, 0xfc, 0x50, 0x0, 0xd, 0xf9, 0x0,
    0x0, 0x0, 0x0, 0x0, 0x0, 0x0, 0x0, 0x0, 0x0, 0x2e, 0xfc, 0x30, 0x0, 0x0, 0x0, 0x0,
    0x0, 0x0, 0x0, 0x0, 0x0, 0x2d, 0xff, 0xb6, 0x31, 0x12, 0x48, 0xd3, 0x0, 0x0, 0x0, 0x0,
    0x0, 0x18, 0xef, 0xff, 0xff, 0xff, 0xff, 0x50, 0x0, 0x0, 0x0, 0x0, 0x0, 0x1, 0x6a, 0xde,
    0xfe, 0xb8, 0x20, 0x0, 0x0, 0x0, 0x0, 0x0, 0x0, 0xa, 0xff, 0x30, 0x0, 0x0, 0x0, 0x0,
    0x0, 0x0, 0x2f, 0xff, 0x90, 0x0, 0x0, 0x0, 0x0, 0x0, 0x0, 0x8f, 0xef, 0xf1, 0x0, 0x0,
    0x0, 0x0, 0x0, 0x1, 0xef, 0x5c, 0xf8, 0x0, 0x0, 0x0, 0x0, 0x0, 0x7, 0xfe, 0x6, 0xfe,
    0x10, 0x0, 0x0, 0x0, 0x0, 0xd, 0xf7, 0x1, 0xef, 0x60, 0x0, 0x0, 0x0, 0x0, 0x5f, 0xf1,
    0x0, 0x8f, 0xd0, 0x0, 0x0, 0x0, 0x0, 0xcf, 0xa0, 0x0, 0x2f, 0xf5, 0x0, 0x0, 0x0, 0x3,
    0xff, 0x30, 0x0, 0xa, 0xfc, 0x0, 0x0, 0x0, 0xa, 0xfc, 0x0, 0x0, 0x4, 0xff, 0x30, 0x0,
    0x0, 0x2f, 0xf5, 0x0, 0x0, 0x0, 0xcf, 0xa0, 0x0, 0x0, 0x9f, 0xff, 0xff, 0xff, 0xff, 0xff,
    0xf2, 0x0, 0x1, 0xef, 0xee, 0xee, 0xee, 0xee, 0xef, 0xf9, 0x0, 0x7, 0xfe, 0x10, 0x0, 0x0,
    0x0, 0x8, 0xfe, 0x10, 0xd, 0xf9, 0x0, 0x0, 0x0, 0x0, 0x1, 0xff, 0x70, 0x5f, 0xf2, 0x0,
    0x0, 0x0, 0x0, 0x0, 0x9f, 0xd0, 0xcf, 0xa0, 0x0, 0x0, 0x0, 0x0, 0x0, 0x2f, 0xf6, 0x7f,
    0xff, 0xff, 0xff, 0xfe, 0xb6, 0x0, 0x7, 0xff, 0xff, 0xff, 0xff, 0xff, 0xfc, 0x10, 0x7f, 0xe0,
    0x0, 0x0, 0x14, 0x9f, 0xfa, 0x7, 0xfe, 0x0, 0x0, 0x0, 0x0, 0x9f, 0xf0, 0x7f, 0xe0, 0x0,
    0x0, 0x0, 0x6, 0xff, 0x17, 0xfe, 0x0, 0x0, 0x0, 0x0, 0x9f, 0xd0, 0x7f, 0xe0, 0x0, 0x0,
    0x13, 0x9f, 0xf5, 0x7, 0xff, 0xff, 0xff, 0xff, 0xff, 0xf6, 0x0, 0x7f, 0xff, 0xff, 0xff, 0xff,
    0xff, 0xd4, 0x7, 0xfe, 0x0, 0x0, 0x1, 0x25, 0xcf, 0xf3, 0x7f, 0xe0, 0x0, 0x0, 0x0, 0x0,
    0xdf, 0xa7, 0xfe, 0x0, 0x0, 0x0, 0x0, 0x8, 0xfd, 0x7f, 0xe0, 0x0, 0x0, 0x0, 0x0, 0x8f,
    0xe7, 0xfe, 0x0, 0x0, 0x0, 0x0, 0xc, 0xfc, 0x7f, 0xe0, 0x0, 0x0, 0x11, 0x4b, 0xff, 0x67,
    0xff, 0xff, 0xff, 0xff, 0xff, 0xff, 0x90, 0x7f, 0xff, 0xff, 0xff, 0xfe, 0xd9, 0x40, 0x0, 0x0,
    0x0, 0x5, 0xad, 0xfe, 0xda, 0x60, 0x0, 0x0, 0x3, 0xdf, 0xff, 0xff, 0xff, 0xfd, 0x40, 0x0,
    0x6f, 0xfe, 0x94, 0x21, 0x37, 0xef, 0xf3, 0x3, 0xff, 0xc2, 0x0, 0x0, 0x0, 0x1b, 0x70, 0xd,
    0xfd, 0x10, 0x0, 0x0, 0x0, 0x0, 0x0, 0x5f, 0xf4, 0x0, 0x0, 0x0, 0x0, 0x0, 0x0, 0x9f,
    0xd0, 0x0, 0x0, 0x0, 0x0, 0x0, 0x0, 0xcf, 0xa0, 0x0, 0x0, 0x0, 0x0, 0x0, 0x0, 0xcf,
    0x90, 0x0, 0x0, 0x0, 0x0, 0x0, 0x0, 0xcf, 0xa0, 0x0, 0x0, 0x0, 0x0, 0x0, 0x0, 0x9f,
    0xd0, 0x0, 0x0, 0x0, 0x0, 0x0, 0x0, 0x5f, 0xf4, 0x0, 0x0, 0x0, 0x0, 0x0, 0x0, 0xd,
    0xfd, 0x10, 0x0, 0x0, 0x0, 0x0, 0x0, 0x3, 0xff, 0xc2, 0x0, 0x0, 0x0, 0x1b, 0x70, 0x0,
    0x6f, 0xfe, 0x94, 0x21, 0x37, 0xef, 0xf3, 0x0, 0x3, 0xdf, 0xff, 0xff, 0xff, 0xfd, 0x40, 0x0,
    0x0, 0x5, 0xad, 0xfe, 0xda, 0x60, 0x0, 0x7f, 0xff, 0xff, 0xff, 0xec, 0x94, 0x0, 0x0, 0x7,
    0xff, 0xff, 0xff, 0xff, 0xff, 0xfc, 0x20, 0x0, 0x7f, 0xe0, 0x0, 0x1, 0x24, 0xaf, 0xfe, 0x40,
    0x7, 0xfe, 0x0, 0x0, 0x0, 0x0, 0x3d, 0xfe, 0x20, 0x7f, 0xe0, 0x0, 0x0, 0x0, 0x0, 0x2e,
    0xfb, 0x7, 0xfe, 0x0, 0x0, 0x0, 0x0, 0x0, 0x6f, 0xf3, 0x7f, 0xe0, 0x0, 0x0, 0x0, 0x0,
    0x1, 0xff, 0x77, 0xfe, 0x0, 0x0, 0x0, 0x0, 0x0, 0xd, 0xf9, 0x7f, 0xe0, 0x0, 0x0, 0x0,
    0x0, 0x0, 0xbf, 0xa7, 0xfe, 0x0, 0x0, 0x0, 0x0, 0x0, 0xd, 0xf9, 0x7f, 0xe0, 0x0, 0x0,
    0x0, 0x0, 0x1, 0xff, 0x77, 0xfe, 0x0, 0x0, 0x0, 0x0, 0x0, 0x6f, 0xf3, 0x7f, 0xe0, 0x0,
    0x0, 0x0, 0x0, 0x2e, 0xfb, 0x7, 0xfe, 0x0, 0x0, 0x0, 0x0, 0x3d, 0xfe, 0x20, 0x7f, 0xe0,
    0x0, 0x1, 0x24, 0xaf, 0xfe, 0x40, 0x7, 0xff, 0xff, 0xff, 0xff, 0xff, 0xfc, 0x20, 0x0, 0x7f,
    0xff, 0xff, 0xff, 0xed, 0x94, 0x0, 0x0, 0x0, 0x7f, 0xff, 0xff, 0xff, 0xff, 0xff, 0x67, 0xff,
    0xff, 0xff, 0xff, 0xff, 0xf6, 0x7f, 0xe0, 0x0, 0x0, 0x0, 0x0, 0x7, 0xfe, 0x0, 0x0, 0x0,
    0x0, 0x0, 0x7f, 0xe0, 0x0, 0x0, 0x0, 0x0, 0x7, 0xfe, 0x0, 0x0, 0x0, 0x0, 0x0, 0x7f,
    0xe0, 0x0, 0x0, 0x0, 0x0, 0x7, 0xff, 0xff, 0xff, 0xff, 0xff, 0x50, 0x7f, 0xff, 0xff, 0xff,
    0xff, 0xf5, 0x7, 0xfe, 0x0, 0x0, 0x0, 0x0, 0x0, 0x7f, 0xe0, 0x0, 0x0, 0x0, 0x0, 0x7,
    0xfe, 0x0, 0x0, 0x0, 0x0, 0x0, 0x7f, 0xe0, 0x0, 0x0, 0x0, 0x0, 0x7, 0xfe, 0x0, 0x0,
    0x0, 0x0, 0x0, 0x7f, 0xe0, 0x0, 0x0, 0x0, 0x0, 0x7, 0xff, 0xff, 0xff, 0xff, 0xff, 0xfb,
    0x7f, 0xff, 0xff, 0xff, 0xff, 0xff, 0xb0, 0x7f, 0xff, 0xff, 0xff, 0xff, 0xff, 0x67, 0xff, 0xff,
    0xff, 0xff, 0xff, 0xf6, 0x7f, 0xe0, 0x0, 0x0, 0x0, 0x0, 0x7, 0xfe, 0x0, 0x0, 0x0, 0x0,
    0x0, 0x7f, 0xe0, 0x0, 0x0, 0x0, 0x0, 0x7, 0xfe, 0x0, 0x0, 0x0, 0x0, 0x0, 0x7f, 0xe0,
    0x0, 0x0, 0x0, 0x0, 0x7, 0xfe, 0x0, 0x0, 0x0, 0x0, 0x0, 0x7f, 0xff, 0xff, 0xff, 0xff,
    0xf5, 0x7, 0xff, 0xff, 0xff, 0xff, 0xff, 0x50, 0x7f, 0xe0, 0x0, 0x0, 0x0, 0x0, 0x7, 0xfe,
    0x0, 0x0, 0x0, 0x0, 0x0, 0x7f, 0xe0, 0x0, 0x0, 0x0, 0x0, 0x7, 0xfe, 0x0, 0x0, 0x0,
    0x0, 0x0, 0x7f, 0xe0, 0x0, 0x0, 0x0, 0x0, 0x7, 0xfe, 0x0, 0x0, 0x0, 0x0, 0x0, 0x7f,
    0xe0, 0x0, 0x0, 0x0, 0x0, 0x0, 0x0, 0x0, 0x5, 0xad, 0xef, 0xdb, 0x71, 0x0, 0x0, 0x3,
    0xdf, 0xff, 0xff, 0xff, 0xfe, 0x60, 0x0, 0x5f, 0xfe, 0x94, 0x21, 0x26, 0xcf, 0xf5, 0x3, 0xff,
    0xc2, 0x0, 0x0, 0x0, 0x7, 0x90, 0xd, 0xfd, 0x10, 0x0, 0x0, 0x0, 0x0, 0x0, 0x5f, 0xf4,
    0x0, 0x0, 0x0, 0x0, 0x0, 0x0, 0x9f, 0xd0, 0x0, 0x0, 0x0, 0x0, 0x0, 0x0, 0xcf, 0xa0,
    0x0, 0x0, 0x0, 0x0, 0x0, 0x0, 0xcf, 0x90, 0x0, 0x0, 0x0, 0x0, 0x8, 0x94, 0xcf, 0xa0,
    0x0, 0x0, 0x0, 0x0, 0xd, 0xf7, 0x9f, 0xd0, 0x0, 0x0, 0x0, 0x0, 0xd, 0xf7, 0x5f, 0xf4,
    0x0, 0x0, 0x0, 0x0, 0xd, 0xf7, 0xd, 0xfd, 0x10, 0x0, 0x0, 0x0, 0xd, 0xf7, 0x3, 0xff,
    0xc2, 0x0, 0x0, 0x0, 0xd, 0xf7, 0x0, 0x5f, 0xfe, 0x94, 0x21, 0x26, 0xcf, 0xf7, 0x0, 0x3,
    0xdf, 0xff, 0xff, 0xff, 0xff, 0x91, 0x0, 0x0, 0x5, 0xad, 0xff, 0xdb, 0x72, 0x0, 0x7f, 0xe0,
    0x0, 0x0, 0x0, 0x0, 0x7f, 0xf7, 0xfe, 0x0, 0x0, 0x0, 0x0, 0x7, 0xff, 0x7f, 0xe0, 0x0,
    0x0, 0x0, 0x0, 0x7f, 0xf7, 0xfe, 0x0, 0x0, 0x0, 0x0, 0x7, 0xff, 0x7f, 0xe0, 0x0, 0x0,
    0x0, 0x0, 0x7f, 0xf7, 0xfe, 0x0, 0x0, 0x0, 0x0, 0x7, 0xff, 0x7f, 0xe0, 0x0, 0x0, 0x0,
    0x0, 0x7f, 0xf7, 0xff, 0xff, 0xff, 0xff, 0xff, 0xff, 0xff, 0x7f, 0xff, 0xff, 0xff, 0xff, 0xff,
    0xff, 0xf7, 0xfe, 0x0, 0x0, 0x0, 0x0, 0x7, 0xff, 0x7f, 0xe0, 0x0, 0x0, 0x0, 0x0, 0x7f,
    0xf7, 0xfe, 0x0, 0x0, 0x0, 0x0, 0x7, 0xff, 0x7f, 0xe0, 0x0, 0x0, 0x0, 0x0, 0x7f, 0xf7,
    0xfe, 0x0, 0x0, 0x0, 0x0, 0x7, 0xff, 0x7f, 0xe0, 0x0, 0x0, 0x0, 0x0, 0x7f, 0xf7, 0xfe,
    0x0, 0x0, 0x0, 0x0, 0x7, 0xff, 0x7f, 0xe0, 0x0, 0x0, 0x0, 0x0, 0x7f, 0xf0, 0x7f, 0xe7,
    0xfe, 0x7f, 0xe7, 0xfe, 0x7f, 0xe7, 0xfe, 0x7f, 0xe7, 0xfe, 0x7f, 0xe7, 0xfe, 0x7f, 0xe7, 0xfe,
    0x7f, 0xe7, 0xfe, 0x7f, 0xe7, 0xfe, 0x7f, 0xe0, 0x0, 0x8f, 0xff, 0xff, 0xff, 0xe0, 0x8, 0xff,
    0xff, 0xff, 0xfe, 0x0, 0x0, 0x0, 0x0, 0x7f, 0xe0, 0x0, 0x0, 0x0, 0x7, 0xfe, 0x0, 0x0,
    0x0, 0x0, 0x7f, 0xe0, 0x0, 0x0, 0x0, 0x7, 0xfe, 0x0, 0x0, 0x0, 0x0, 0x7f, 0xe0, 0x0,
    0x0, 0x0, 0x7, 0xfe, 0x0, 0x0, 0x0, 0x0, 0x7f, 0xe0, 0x0, 0x0, 0x0, 0x7, 0xfe, 0x0,
    0x0, 0x0, 0x0, 0x7f, 0xe0, 0x0, 0x0, 0x0, 0x7, 0xfe, 0x0, 0x0, 0x0, 0x0, 0x8f, 0xd0,
    0x49, 0x0, 0x0, 0xd, 0xfa, 0x1e, 0xfb, 0x41, 0x3a, 0xff, 0x50, 0x6f, 0xff, 0xff, 0xff, 0x90,
    0x0, 0x29, 0xdf, 0xeb, 0x60, 0x0, 0x7f, 0xe0, 0x0, 0x0, 0x0, 0x7, 0xff, 0x50, 0x7f, 0xe0,
    0x0, 0x0, 0x0, 0x6f, 0xf6, 0x0, 0x7f, 0xe0, 0x0, 0x0, 0x5, 0xff, 0x70, 0x0, 0x7f, 0xe0,
    0x0, 0x0, 0x5f, 0xf7, 0x0, 0x0, 0x7f, 0xe0, 0x0, 0x4, 0xff, 0x80, 0x0, 0x0, 0x7f, 0xe0,
    0x0, 0x4f, 0xf9, 0x0, 0x0, 0x0, 0x7f, 0xe0, 0x4, 0xef, 0xa0, 0x0, 0x0, 0x0, 0x7f, 0xe0,
    0x3e, 0xfc, 0x0, 0x0, 0x0, 0x0, 0x7f, 0xe3, 0xef, 0xff, 0x40, 0x0, 0x0, 0x0, 0x7f, 0xee,
    0xfd, 0xdf, 0xe2, 0x0, 0x0, 0x0, 0x7f, 0xff, 0xd2, 0x3e, 0xfd, 0x10, 0x0, 0x0, 0x7f, 0xfd,
    0x20, 0x5, 0xff, 0xb0, 0x0, 0x0, 0x7f, 0xf2, 0x0, 0x0, 0x7f, 0xf8, 0x0, 0x0, 0x7f, 0xe0,
    0x0, 0x0, 0x9, 0xff, 0x60, 0x0, 0x7f, 0xe0, 0x0, 0x0, 0x0, 0xbf, 0xf3, 0x0, 0x7f, 0xe0,
    0x0, 0x0, 0x0, 0x1c, 0xfe, 0x20, 0x7f, 0xe0, 0x0, 0x0, 0x0, 0x2, 0xdf, 0xc0, 0x7f, 0xe0,
    0x0, 0x0, 0x0, 0x0, 0x7, 0xfe, 0x0, 0x0, 0x0, 0x0, 0x0, 0x7f, 0xe0, 0x0, 0x0, 0x0,
    0x0, 0x7, 0xfe, 0x0, 0x0, 0x0, 0x0, 0x0, 0x7f, 0xe0, 0x0, 0x0, 0x0, 0x0, 0x7, 0xfe,
    0x0, 0x0, 0x0, 0x0, 0x0, 0x7f, 0xe0, 0x0, 0x0, 0x0, 0x0, 0x7, 0xfe, 0x0, 0x0, 0x0,
    0x0, 0x0, 0x7f, 0xe0, 0x0, 0x0, 0x0, 0x0, 0x7, 0xfe, 0x0, 0x0, 0x0, 0x0, 0x0, 0x7f,
    0xe0, 0x0, 0x0, 0x0, 0x0, 0x7, 0xfe, 0x0, 0x0, 0x0, 0x0, 0x0, 0x7f, 0xe0, 0x0, 0x0,
    0x0, 0x0, 0x7, 0xfe, 0x0, 0x0, 0x0, 0x0, 0x0, 0x7f, 0xe2, 0x22, 0x22, 0x22, 0x22, 0x7,
    0xff, 0xff, 0xff, 0xff, 0xff, 0xf0, 0x7f, 0xff, 0xff, 0xff, 0xff, 0xff, 0x0, 0x7f, 0xc0, 0x0,
    0x0, 0x0, 0x0, 0x0, 0x0, 0xdf, 0x67, 0xff, 0x50, 0x0, 0x0, 0x0, 0x0, 0x0, 0x7f, 0xf6,
    0x7f, 0xfe, 0x10, 0x0, 0x0, 0x0, 0x0, 0x1e, 0xff, 0x67, 0xff, 0xf8, 0x0, 0x0, 0x0, 0x0,
    0x9, 0xff, 0xf6, 0x7f, 0xff, 0xf2, 0x0, 0x0, 0x0, 0x3, 0xff, 0xff, 0x67, 0xfc, 0xaf, 0xb0,
    0x0, 0x0, 0x0, 0xbf, 0x8e, 0xf6, 0x7f, 0xc2, 0xff, 0x40, 0x0, 0x0, 0x5f, 0xe1, 0xef, 0x67,
    0xfc, 0x8, 0xfd, 0x0, 0x0, 0x1d, 0xf6, 0xe, 0xf6, 0x7f, 0xc0, 0x1d, 0xf7, 0x0, 0x8, 0xfc,
    0x0, 0xef, 0x67, 0xfc, 0x0, 0x5f, 0xe1, 0x2, 0xef, 0x30, 0xe, 0xf6, 0x7f, 0xc0, 0x0, 0xbf,
    0xa0, 0xaf, 0x90, 0x0, 0xef, 0x67, 0xfc, 0x0, 0x2, 0xff, 0x7f, 0xe1, 0x0, 0xe, 0xf6, 0x7f,
    0xc0, 0x0, 0x8, 0xff, 0xf7, 0x0, 0x0, 0xef, 0x67, 0xfc, 0x0, 0x0, 0x1e, 0xfc, 0x0, 0x0,
    0xe, 0xf6, 0x7f, 0xc0, 0x0, 0x0, 0x5e, 0x40, 0x0, 0x0, 0xef, 0x67, 0xfc, 0x0, 0x0, 0x0,
    0x0, 0x0, 0x0, 0xe, 0xf6, 0x7f, 0xc0, 0x0, 0x0, 0x0, 0x0, 0x0, 0x0, 0xef, 0x60, 0x7f,
    0xc1, 0x0, 0x0, 0x0, 0x0, 0x7f, 0xf7, 0xff, 0xa0, 0x0, 0x0, 0x0, 0x7, 0xff, 0x7f, 0xff,
    0x70, 0x0, 0x0, 0x0, 0x7f, 0xf7, 0xff, 0xff, 0x40, 0x0, 0x0, 0x7, 0xff, 0x7f, 0xed, 0xfe,
    0x20, 0x0, 0x0, 0x7f, 0xf7, 0xfe, 0x3e, 0xfc, 0x10, 0x0, 0x7, 0xff, 0x7f, 0xe0, 0x5f, 0xfa,
    0x0, 0x0, 0x7f, 0xf7, 0xfe, 0x0, 0x8f, 0xf7, 0x0, 0x7, 0xff, 0x7f, 0xe0, 0x0, 0xbf, 0xf4,
    0x0, 0x7f, 0xf7, 0xfe, 0x0, 0x1, 0xdf, 0xe2, 0x7, 0xff, 0x7f, 0xe0, 0x0, 0x3, 0xff, 0xc0,
    0x7f, 0xf7, 0xfe, 0x0, 0x0, 0x6, 0xff, 0x97, 0xff, 0x7f, 0xe0, 0x0, 0x0, 0x9, 0xff, 0xcf,
    0xf7, 0xfe, 0x0, 0x0, 0x0, 0xb, 0xff, 0xff, 0x7f, 0xe0, 0x0, 0x0, 0x0, 0x1d, 0xff, 0xf7,
    0xfe, 0x0, 0x0, 0x0, 0x0, 0x3f, 0xff, 0x7f, 0xe0, 0x0, 0x0, 0x0, 0x0, 0x6f, 0xf0, 0x0,
    0x0, 0x5, 0xad, 0xef, 0xdb, 0x61, 0x0, 0x0, 0x0, 0x3, 0xdf, 0xff, 0xff, 0xff, 0xfe, 0x40,
    0x0, 0x0, 0x5f, 0xfe, 0x94, 0x21, 0x38, 0xef, 0xf7, 0x0, 0x3, 0xff, 0xc2, 0x0, 0x0, 0x0,
    0x1a, 0xff, 0x50, 0xd, 0xfd, 0x10, 0x0, 0x0, 0x0, 0x0, 0xcf, 0xe1, 0x5f, 0xf4, 0x0, 0x0,
    0x0, 0x0, 0x0, 0x2f, 0xf7, 0x9f, 0xd0, 0x0, 0x0, 0x0, 0x0, 0x0, 0xb, 0xfc, 0xcf, 0xa0,
    0x0, 0x0, 0x0, 0x0, 0x0, 0x8, 0xfe, 0xcf, 0x90, 0x0, 0x0, 0x0, 0x0, 0x0, 0x6, 0xff,
    0xcf, 0xa0, 0x0, 0x0, 0x0, 0x0, 0x0, 0x8, 0xfe, 0x9f, 0xd0, 0x0, 0x0, 0x0, 0x0, 0x0,
    0xb, 0xfc, 0x5f, 0xf4, 0x0, 0x0, 0x0, 0x0, 0x0, 0x2f, 0xf7, 0xd, 0xfd, 0x10, 0x0, 0x0,
    0x0, 0x0, 0xbf, 0xe1, 0x3, 0xff, 0xc2, 0x0, 0x0, 0x0, 0x1a, 0xff, 0x50, 0x0, 0x5f, 0xfe,
    0x94, 0x21, 0x38, 0xef, 0xf8, 0x0, 0x0, 0x3, 0xdf, 0xff, 0xff, 0xff, 0xfe, 0x40, 0x0, 0x0,
    0x0, 0x5, 0xad, 0xff, 0xdb, 0x61, 0x0, 0x0, 0x7f, 0xff, 0xff, 0xff, 0xdb, 0x60, 0x0, 0x7,
    0xff, 0xff, 0xff, 0xff, 0xff, 0xd2, 0x0, 0x7f, 0xe0, 0x0, 0x1, 0x37, 0xef, 0xe1, 0x7, 0xfe,
    0x0, 0x0, 0x0, 0x3, 0xef, 0x90, 0x7f, 0xe0, 0x0, 0x0, 0x0, 0x9, 0xfd, 0x7, 0xfe, 0x0,
    0x0, 0x0, 0x0, 0x5f, 0xf0, 0x7f, 0xe0, 0x0, 0x0, 0x0, 0x5, 0xff, 0x7, 0xfe, 0x0, 0x0,
    0x0, 0x0, 0x9f, 0xd0, 0x7f, 0xe0, 0x0, 0x0, 0x0, 0x3e, 0xf9, 0x7, 0xfe, 0x0, 0x0, 0x13,
    0x7e, 0xfe, 0x10, 0x7f, 0xff, 0xff, 0xff, 0xff, 0xfd, 0x30, 0x7, 0xff, 0xff, 0xff, 0xfe, 0xb6,
    0x0, 0x0, 0x7f, 0xe0, 0x0, 0x0, 0x0, 0x0, 0x0, 0x7, 0xfe, 0x0, 0x0, 0x0, 0x0, 0x0,
    0x0, 0x7f, 0xe0, 0x0, 0x0, 0x0, 0x0, 0x0, 0x7, 0xfe, 0x0, 0x0, 0x0, 0x0, 0x0, 0x0,
    0x7f, 0xe0, 0x0, 0x0, 0x0, 0x0, 0x0, 0x0, 0x0, 0x0, 0x5, 0xad, 0xef, 0xdb, 0x61, 0x0,
    0x0, 0x0, 0x0, 0x3c, 0xff, 0xff, 0xff, 0xff, 0xe4, 0x0, 0x0, 0x0, 0x5e, 0xfe, 0x94, 0x21,
    0x38, 0xef, 0xf7, 0x0, 0x0, 0x3e, 0xfc, 0x20, 0x0, 0x0, 0x1, 0xaf, 0xf5, 0x0, 0xc, 0xfd,
    0x10, 0x0, 0x0, 0x0, 0x0, 0xcf, 0xe1, 0x4, 0xff, 0x40, 0x0, 0x0, 0x0, 0x0, 0x2, 0xff,
    0x70, 0x9f, 0xd0, 0x0, 0x0, 0x0, 0x0, 0x0, 0xb, 0xfc, 0xc, 0xfa, 0x0, 0x0, 0x0, 0x0,
    0x0, 0x0, 0x8f, 0xe0, 0xcf, 0x90, 0x0, 0x0, 0x0, 0x0, 0x0, 0x6, 0xff, 0xc, 0xfa, 0x0,
    0x0, 0x0, 0x0, 0x0, 0x0, 0x8f, 0xe0, 0x9f, 0xd0, 0x0, 0x0, 0x0, 0x0, 0x0, 0xb, 0xfc,
    0x5, 0xff, 0x40, 0x0, 0x0, 0x0, 0x0, 0x2, 0xff, 0x70, 0xd, 0xfd, 0x10, 0x0, 0x0, 0x0,
    0x0, 0xbf, 0xe2, 0x0, 0x4f, 0xfc, 0x20, 0x0, 0x0, 0x1, 0xaf, 0xf7, 0x0, 0x0, 0x7f, 0xfe,
    0x94, 0x21, 0x38, 0xef, 0xf9, 0x0, 0x0, 0x0, 0x5e, 0xff, 0xff, 0xff, 0xff, 0xe6, 0x0, 0x0,
    0x0, 0x0, 0x17, 0xce, 0xff, 0xfd, 0x71, 0x0, 0x0, 0x0, 0x0, 0x0, 0x0, 0x2, 0xcf, 0xf8,
    0x31, 0x26, 0xc3, 0x0, 0x0, 0x0, 0x0, 0x1, 0x9f, 0xff, 0xff, 0xff, 0x70, 0x0, 0x0, 0x0,
    0x0, 0x0, 0x3a, 0xdf, 0xea, 0x40, 0x7f, 0xff, 0xff, 0xff, 0xdb, 0x60, 0x0, 0x7, 0xff, 0xff,
    0xff, 0xff, 0xff, 0xd2, 0x0, 0x7f, 0xe0, 0x0, 0x1, 0x37, 0xef, 0xe1, 0x7, 0xfe, 0x0, 0x0,
    0x0, 0x3, 0xef, 0x90, 0x7f, 0xe0, 0x0, 0x0, 0x0, 0x9, 0xfd, 0x7, 0xfe, 0x0, 0x0, 0x0,
    0x0, 0x5f, 0xf0, 0x7f, 0xe0, 0x0, 0x0, 0x0, 0x5, 0xff, 0x7, 0xfe, 0x0, 0x0, 0x0, 0x0,
    0x9f, 0xd0, 0x7f, 0xe0, 0x0, 0x0, 0x0, 0x3e, 0xf8, 0x7, 0xfe, 0x0, 0x0, 0x13, 0x7e, 0xfd,
    0x10, 0x7f, 0xff, 0xff, 0xff, 0xff, 0xfd, 0x20, 0x7, 0xff, 0xff, 0xff, 0xff, 0xfa, 0x0, 0x0,
    0x7f, 0xe0, 0x0, 0x0, 0x7f, 0xe3, 0x0, 0x7, 0xfe, 0x0, 0x0, 0x0, 0xbf, 0xc0, 0x0, 0x7f,
    0xe0, 0x0, 0x0, 0x2, 0xef, 0x90, 0x7, 0xfe, 0x0, 0x0, 0x0, 0x5, 0xff, 0x40, 0x7f, 0xe0,
    0x0, 0x0, 0x0, 0x9, 0xfe, 0x10, 0x0, 0x16, 0xbd, 0xfe, 0xda, 0x50, 0x0, 0x3d, 0xff, 0xff,
    0xff, 0xff, 0xd1, 0x1d, 0xfe, 0x62, 0x11, 0x48, 0xec, 0x6, 0xff, 0x20, 0x0, 0x0, 0x1, 0x30,
    0x9f, 0xc0, 0x0, 0x0, 0x0, 0x0, 0x8, 0xfe, 0x10, 0x0, 0x0, 0x0, 0x0, 0x3f, 0xfc, 0x30,
    0x0, 0x0, 0x0, 0x0, 0x8f, 0xff, 0xd9, 0x62, 0x0, 0x0, 0x0, 0x4b, 0xff, 0xff, 0xfc, 0x60,
    0x0, 0x0, 0x1, 0x59, 0xdf, 0xff, 0xb0, 0x0, 0x0, 0x0, 0x0, 0x3a, 0xff, 0x70, 0x0, 0x0,
    0x0, 0x0, 0xb, 0xfc, 0x0, 0x0, 0x0, 0x0, 0x0, 0x7f, 0xd5, 0x70, 0x0, 0x0, 0x0, 0xb,
    0xfb, 0xcf, 0xe8, 0x42, 0x11, 0x4b, 0xff, 0x44, 0xdf, 0xff, 0xff, 0xff, 0xff, 0x60, 0x0, 0x59,
    0xce, 0xfe, 0xc8, 0x20, 0x0, 0xef, 0xff, 0xff, 0xff, 0xff, 0xff, 0xff, 0xef, 0xff, 0xff, 0xff,
    0xff, 0xff, 0xff, 0x0, 0x0, 0x2, 0xff, 0x40, 0x0, 0x0, 0x0, 0x0, 0x2, 0xff, 0x40, 0x0,
    0x0, 0x0, 0x0, 0x2, 0xff, 0x40, 0x0, 0x0, 0x0, 0x0, 0x2, 0xff, 0x40, 0x0, 0x0, 0x0,
    0x0, 0x2, 0xff, 0x40, 0x0, 0x0, 0x0, 0x0, 0x2, 0xff, 0x40, 0x0, 0x0, 0x0, 0x0, 0x2,
    0xff, 0x40, 0x0, 0x0, 0x0, 0x0, 0x2, 0xff, 0x40, 0x0, 0x0, 0x0, 0x0, 0x2, 0xff, 0x40,
    0x0, 0x0, 0x0, 0x0, 0x2, 0xff, 0x40, 0x0, 0x0, 0x0, 0x0, 0x2, 0xff, 0x40, 0x0, 0x0,
    0x0, 0x0, 0x2, 0xff, 0x40, 0x0, 0x0, 0x0, 0x0, 0x2, 0xff, 0x40, 0x0, 0x0, 0x0, 0x0,
    0x2, 0xff, 0x40, 0x0, 0x0, 0x0, 0x0, 0x2, 0xff, 0x40, 0x0, 0x0, 0x9f, 0xc0, 0x0, 0x0,
    0x0, 0x0, 0xbf, 0x99, 0xfc, 0x0, 0x0, 0x0, 0x0, 0xb, 0xf9, 0x9f, 0xc0, 0x0, 0x0, 0x0,
    0x0, 0xbf, 0x99, 0xfc, 0x0, 0x0, 0x0, 0x0, 0xb, 0xf9, 0x9f, 0xc0, 0x0, 0x0, 0x0, 0x0,
    0xbf, 0x99, 0xfc, 0x0, 0x0, 0x0, 0x0, 0xb, 0xf9, 0x9f, 0xc0, 0x0, 0x0, 0x0, 0x0, 0xbf,
    0x99, 0xfc, 0x0, 0x0, 0x0, 0x0, 0xb, 0xf9, 0x9f, 0xc0, 0x0, 0x0, 0x0, 0x0, 0xbf, 0x99,
    0xfc, 0x0, 0x0, 0x0, 0x0, 0xb, 0xf9, 0x8f, 0xd0, 0x0, 0x0, 0x0, 0x0, 0xcf, 0x87, 0xff,
    0x0, 0x0, 0x0, 0x0, 0xe, 0xf6, 0x3f, 0xf5, 0x0, 0x0, 0x0, 0x4, 0xff, 0x20, 0xcf, 0xd1,
    0x0, 0x0, 0x1, 0xdf, 0xc0, 0x3, 0xff, 0xd6, 0x21, 0x26, 0xdf, 0xf3, 0x0, 0x4, 0xef, 0xff,
    0xff, 0xff, 0xe4, 0x0, 0x0, 0x1, 0x7c, 0xef, 0xec, 0x71, 0x0, 0x0, 0xcf, 0xc0, 0x0, 0x0,
    0x0, 0x0, 0x0, 0x8f, 0xd0, 0x6f, 0xf3, 0x0, 0x0, 0x0, 0x0, 0x0, 0xef, 0x70, 0xe, 0xfa,
    0x0, 0x0, 0x0, 0x0, 0x6, 0xfe, 0x10, 0x8, 0xff, 0x10, 0x0, 0x0, 0x0, 0xc, 0xf9, 0x0,
    0x1, 0xff, 0x80, 0x0, 0x0, 0x0, 0x4f, 0xf2, 0x0, 0x0, 0xaf, 0xe0, 0x0, 0x0, 0x0, 0xaf,
    0xb0, 0x0, 0x0, 0x3f, 0xf6, 0x0, 0x0, 0x2, 0xff, 0x40, 0x0, 0x0, 0xc, 0xfc, 0x0, 0x0,
    0x8, 0xfd, 0x0, 0x0, 0x0, 0x5, 0xff, 0x40, 0x0, 0x1e, 0xf6, 0x0, 0x0, 0x0, 0x0, 0xdf,
    0xa0, 0x0, 0x7f, 0xe1, 0x0, 0x0, 0x0, 0x0, 0x7f, 0xf2, 0x0, 0xdf, 0x80, 0x0, 0x0, 0x0,
    0x0, 0x1e, 0xf8, 0x5, 0xff, 0x20, 0x0, 0x0, 0x0, 0x0, 0x9, 0xfe, 0x1b, 0xfa, 0x0, 0x0,
    0x0, 0x0, 0x0, 0x2, 0xff, 0x9f, 0xf4, 0x0, 0x0, 0x0, 0x0, 0x0, 0x0, 0xbf, 0xff, 0xc0,
    0x0, 0x0, 0x0, 0x0, 0x0, 0x0, 0x4f, 0xff, 0x60, 0x0, 0x0, 0x0, 0x0, 0x0, 0x0, 0xd,
    0xfe, 0x10, 0x0, 0x0, 0x0, 0x1f, 0xf6, 0x0, 0x0, 0x0, 0x0, 0xaf, 0xd0, 0x0, 0x0, 0x0,
    0x3, 0xff, 0x10, 0xbf, 0xb0, 0x0, 0x0, 0x0, 0x1e, 0xff, 0x30, 0x0, 0x0, 0x0, 0x8f, 0xb0,
    0x6, 0xff, 0x10, 0x0, 0x0, 0x5, 0xff, 0xf8, 0x0, 0x0, 0x0, 0xd, 0xf6, 0x0, 0x1f, 0xf6,
    0x0, 0x0, 0x0, 0xaf, 0xdf, 0xd0, 0x0, 0x0, 0x3, 0xff, 0x20, 0x0, 0xbf, 0xb0, 0x0, 0x0,
    0x1f, 0xf4, 0xff, 0x30, 0x0, 0x0, 0x8f, 0xb0, 0x0, 0x6, 0xff, 0x10, 0x0, 0x6, 0xfc, 0xc,
    0xf8, 0x0, 0x0, 0xd, 0xf7, 0x0, 0x0, 0x1f, 0xf6, 0x0, 0x0, 0xbf, 0x70, 0x6f, 0xd0, 0x0,
    0x3, 0xff, 0x20, 0x0, 0x0, 0xbf, 0xb0, 0x0, 0x1f, 0xf2, 0x1, 0xff, 0x30, 0x0, 0x8f, 0xc0,
    0x0, 0x0, 0x6, 0xff, 0x10, 0x6, 0xfc, 0x0, 0xb, 0xf8, 0x0, 0xd, 0xf7, 0x0, 0x0, 0x0,
    0x1f, 0xf5, 0x0, 0xbf, 0x70, 0x0, 0x6f, 0xd0, 0x3, 0xff, 0x20, 0x0, 0x0, 0x0, 0xbf, 0xa0,
    0x1f, 0xf2, 0x0, 0x1, 0xff, 0x30, 0x8f, 0xc0, 0x0, 0x0, 0x0, 0x6, 0xff, 0x16, 0xfc, 0x0,
    0x0, 0xb, 0xf8, 0xd, 0xf7, 0x0, 0x0, 0x0, 0x0, 0x2f, 0xf5, 0xcf, 0x70, 0x0, 0x0, 0x6f,
    0xd3, 0xff, 0x20, 0x0, 0x0, 0x0, 0x0, 0xcf, 0xcf, 0xf2, 0x0, 0x0, 0x1, 0xff, 0xbf, 0xc0,
    0x0, 0x0, 0x0, 0x0, 0x7, 0xff, 0xfc, 0x0, 0x0, 0x0, 0xb, 0xff, 0xf7, 0x0, 0x0, 0x0,
    0x0, 0x0, 0x2f, 0xff, 0x70, 0x0, 0x0, 0x0, 0x6f, 0xff, 0x20, 0x0, 0x0, 0x0, 0x0, 0x0,
    0xcf, 0xf2, 0x0, 0x0, 0x0, 0x1, 0xff, 0xc0, 0x0, 0x0, 0x0, 0x1d, 0xfc, 0x0, 0x0, 0x0,
    0x0, 0x8f, 0xe2, 0x4, 0xff, 0x80, 0x0, 0x0, 0x4, 0xff, 0x50, 0x0, 0x8f, 0xf4, 0x0, 0x0,
    0x1e, 0xf9, 0x0, 0x0, 0xc, 0xfd, 0x10, 0x0, 0xaf, 0xd1, 0x0, 0x0, 0x2, 0xef, 0xa0, 0x6,
    0xff, 0x30, 0x0, 0x0, 0x0, 0x6f, 0xf6, 0x2e, 0xf7, 0x0, 0x0, 0x0, 0x0, 0xa, 0xfe, 0xdf,
    0xb0, 0x0, 0x0, 0x0, 0x0, 0x1, 0xdf, 0xfe, 0x10, 0x0, 0x0, 0x0, 0x0, 0x0, 0x9f, 0xfb,
    0x0, 0x0, 0x0, 0x0, 0x0, 0x4, 0xff, 0xff, 0x60, 0x0, 0x0, 0x0, 0x0, 0x1d, 0xfa, 0x9f,
    0xe3, 0x0, 0x0, 0x0, 0x0, 0xaf, 0xd1, 0x1c, 0xfc, 0x0, 0x0, 0x0, 0x6, 0xff, 0x40, 0x3,
    0xff, 0x90, 0x0, 0x0, 0x3f, 0xf8, 0x0, 0x0, 0x7f, 0xf5, 0x0, 0x1, 0xdf, 0xc0, 0x0, 0x0,
    0xb, 0xfe, 0x20, 0x9, 0xff, 0x30, 0x0, 0x0, 0x1, 0xef, 0xb0, 0x5f, 0xf6, 0x0, 0x0, 0x0,
    0x0, 0x4f, 0xf7, 0xc, 0xfb, 0x0, 0x0, 0x0, 0x0, 0x2, 0xef, 0x50, 0x3f, 0xf5, 0x0, 0x0,
    0x0, 0x0, 0xaf, 0xb0, 0x0, 0x9f, 0xe1, 0x0, 0x0, 0x0, 0x4f, 0xf2, 0x0, 0x1, 0xef, 0x80,
    0x0, 0x0, 0xd, 0xf8, 0x0, 0x0, 0x6, 0xff, 0x30, 0x0, 0x7, 0xfd, 0x10, 0x0, 0x0, 0xc,
    0xfb, 0x0, 0x2, 0xef, 0x50, 0x0, 0x0, 0x0, 0x3f, 0xf5, 0x0, 0xaf, 0xb0, 0x0, 0x0, 0x0,
    0x0, 0x9f, 0xe1, 0x4f, 0xf2, 0x0, 0x0, 0x0, 0x0, 0x1, 0xef, 0x9d, 0xf8, 0x0, 0x0, 0x0,
    0x0, 0x0, 0x6, 0xff, 0xfd, 0x10, 0x0, 0x0, 0x0, 0x0, 0x0, 0xc, 0xff, 0x50, 0x0, 0x0,
    0x0, 0x0, 0x0, 0x0, 0x6f, 0xe0, 0x0, 0x0, 0x0, 0x0, 0x0, 0x0, 0x6, 0xfe, 0x0, 0x0,
    0x0, 0x0, 0x0, 0x0, 0x0, 0x6f, 0xe0, 0x0, 0x0, 0x0, 0x0, 0x0, 0x0, 0x6, 0xfe, 0x0,
    0x0, 0x0, 0x0, 0x0, 0x0, 0x0, 0x6f, 0xe0, 0x0, 0x0, 0x0, 0x0, 0x0, 0x0, 0x6, 0xfe,
    0x0, 0x0, 0x0, 0x0, 0xcf, 0xff, 0xff, 0xff, 0xff, 0xff, 0xfc, 0xc, 0xff, 0xff, 0xff, 0xff,
    0xff, 0xff, 0xb0, 0x0, 0x0, 0x0, 0x0, 0x1, 0xcf, 0xe2, 0x0, 0x0, 0x0, 0x0, 0x0, 0x9f,
    0xf4, 0x0, 0x0, 0x0, 0x0, 0x0, 0x5f, 0xf7, 0x0, 0x0, 0x0, 0x0, 0x0, 0x3e, 0xfa, 0x0,
    0x0, 0x0, 0x0, 0x0, 0x1d, 0xfd, 0x10, 0x0, 0x0, 0x0, 0x0, 0xb, 0xfe, 0x20, 0x0, 0x0,
    0x0, 0x0, 0x8, 0xff, 0x50, 0x0, 0x0, 0x0, 0x0, 0x4, 0xff, 0x80, 0x0, 0x0, 0x0, 0x0,
    0x2, 0xef, 0xb0, 0x0, 0x0, 0x0, 0x0, 0x1, 0xcf, 0xd1, 0x0, 0x0, 0x0, 0x0, 0x0, 0xaf,
    0xf3, 0x0, 0x0, 0x0, 0x0, 0x0, 0x7f, 0xf6, 0x0, 0x0, 0x0, 0x0, 0x0, 0x4f, 0xfa, 0x0,
    0x0, 0x0, 0x0, 0x0, 0xd, 0xff, 0xff, 0xff, 0xff, 0xff, 0xff, 0xf1, 0xff, 0xff, 0xff, 0xff,
    0xff, 0xff, 0xff, 0x10, 0x7f, 0xff, 0xf8, 0x7f, 0xff, 0xf8, 0x7f, 0xd0, 0x0, 0x7f, 0xc0, 0x0,
    0x7f, 0xc0, 0x0, 0x7f, 0xc0, 0x0, 0x7f, 0xc0, 0x0, 0x7f, 0xc0, 0x0, 0x7f, 0xc0, 0x0, 0x7f,
    0xc0, 0x0, 0x7f, 0xc0, 0x0, 0x7f, 0xc0, 0x0, 0x7f, 0xc0, 0x0, 0x7f, 0xc0, 0x0, 0x7f, 0xc0,
    0x0, 0x7f, 0xc0, 0x0, 0x7f, 0xc0, 0x0, 0x7f, 0xc0, 0x0, 0x7f, 0xc0, 0x0, 0x7f, 0xc0, 0x0,
    0x7f, 0xd0, 0x0, 0x7f, 0xff, 0xf8, 0x7f, 0xff, 0xf8, 0xbf, 0x50, 0x0, 0x0, 0x0, 0x6, 0xfa,
    0x0, 0x0, 0x0, 0x0, 0x1f, 0xf1, 0x0, 0x0, 0x0, 0x0, 0xbf, 0x60, 0x0, 0x0, 0x0, 0x5,
    0xfb, 0x0, 0x0, 0x0, 0x0, 0x1e, 0xf1, 0x0, 0x0, 0x0, 0x0, 0xaf, 0x60, 0x0, 0x0, 0x0,
    0x5, 0xfb, 0x0, 0x0, 0x0, 0x0, 0xe, 0xf2, 0x0, 0x0, 0x0, 0x0, 0xaf, 0x70, 0x0, 0x0,
    0x0, 0x4, 0xfc, 0x0, 0x0, 0x0, 0x0, 0xe, 0xf2, 0x0, 0x0, 0x0, 0x0, 0x9f, 0x70, 0x0,
    0x0, 0x0, 0x4, 0xfc, 0x0, 0x0, 0x0, 0x0, 0xe, 0xf2, 0x0, 0x0, 0x0, 0x0, 0x9f, 0x80,
    0x0, 0x0, 0x0, 0x3, 0xfd, 0x0, 0x0, 0x0, 0x0, 0xd, 0xf3, 0x0, 0x0, 0x0, 0x0, 0x8f,
    0x80, 0x0, 0x0, 0x0, 0x3, 0xfd, 0x0, 0x0, 0x0, 0x0, 0xd, 0xf3, 0x0, 0x0, 0x0, 0x0,
    0x8f, 0x90, 0x0, 0x0, 0x0, 0x2, 0xfe, 0x0, 0x8f, 0xff, 0xf7, 0x8f, 0xff, 0xf7, 0x0, 0xd,
    0xf7, 0x0, 0xc, 0xf7, 0x0, 0xc, 0xf7, 0x0, 0xc, 0xf7, 0x0, 0xc, 0xf7, 0x0, 0xc, 0xf7,
    0x0, 0xc, 0xf7, 0x0, 0xc, 0xf7, 0x0, 0xc, 0xf7, 0x0, 0xc, 0xf7, 0x0, 0xc, 0xf7, 0x0,
    0xc, 0xf7, 0x0, 0xc, 0xf7, 0x0, 0xc, 0xf7, 0x0, 0xc, 0xf7, 0x0, 0xc, 0xf7, 0x0, 0xc,
    0xf7, 0x0, 0xc, 0xf7, 0x0, 0xd, 0xf7, 0x8f, 0xff, 0xf7, 0x8f, 0xff, 0xf7, 0x0, 0x0, 0x3f,
    0xf3, 0x0, 0x0, 0x0, 0x0, 0x9f, 0xf9, 0x0, 0x0, 0x0, 0x1, 0xec, 0xbe, 0x10, 0x0, 0x0,
    0x7, 0xf5, 0x5f, 0x70, 0x0, 0x0, 0xd, 0xe0, 0xe, 0xd0, 0x0, 0x0, 0x4f, 0x80, 0x8, 0xf4,
    0x0, 0x0, 0xbf, 0x20, 0x2, 0xfb, 0x0, 0x2, 0xfa, 0x0, 0x0, 0xaf, 0x20, 0x9, 0xf4, 0x0,
    0x0, 0x4f, 0x80, 0x1e, 0xd0, 0x0, 0x0, 0xd, 0xe1, 0x0, 0x0, 0x0, 0x0, 0x0, 0x0, 0xff,
    0xff, 0xff, 0xff, 0xff, 0xff, 0xff, 0xff, 0xff, 0xff, 0xff, 0xff, 0x8, 0xff, 0x50, 0x0, 0x4,
    0xef, 0x60, 0x0, 0x1, 0xbf, 0x70, 0x1, 0x6a, 0xdf, 0xec, 0x81, 0x0, 0x3d, 0xff, 0xff, 0xff,
    0xfd, 0x20, 0x1d, 0xa5, 0x21, 0x26, 0xef, 0xa0, 0x1, 0x0, 0x0, 0x0, 0x5f, 0xf1, 0x0, 0x0,
    0x0, 0x0, 0x2f, 0xf3, 0x1, 0x8d, 0xff, 0xff, 0xff, 0xf4, 0x1d, 0xff, 0xff, 0xff, 0xff, 0xf4,
    0x8f, 0xe6, 0x10, 0x0, 0x1f, 0xf4, 0xbf, 0x90, 0x0, 0x0, 0x1f, 0xf4, 0xbf, 0x90, 0x0, 0x0,
    0x8f, 0xf4, 0x7f, 0xf7, 0x21, 0x39, 0xff, 0xf4, 0x1c, 0xff, 0xff, 0xff, 0x9e, 0xf4, 0x1, 0x8d,
    0xfe, 0xc6, 0xe, 0xf4, 0xcf, 0x70, 0x0, 0x0, 0x0, 0x0, 0x0, 0xcf, 0x70, 0x0, 0x0, 0x0,
    0x0, 0x0, 0xcf, 0x70, 0x0, 0x0, 0x0, 0x0, 0x0, 0xcf, 0x70, 0x0, 0x0, 0x0, 0x0, 0x0,
    0xcf, 0x70, 0x0, 0x0, 0x0, 0x0, 0x0, 0xcf, 0x71, 0x7c, 0xee, 0xc7, 0x10, 0x0, 0xcf, 0x9d,
    0xff, 0xff, 0xff, 0xd3, 0x0, 0xcf, 0xff, 0xa3, 0x12, 0x6e, 0xfe, 0x20, 0xcf, 0xf8, 0x0, 0x0,
    0x2, 0xef, 0xa0, 0xcf, 0xd0, 0x0, 0x0, 0x0, 0x6f, 0xf1, 0xcf, 0x90, 0x0, 0x0, 0x0, 0x1f,
    0xf4, 0xcf, 0x70, 0x0, 0x0, 0x0, 0xf, 0xf5, 0xcf, 0x90, 0x0, 0x0, 0x0, 0x1f, 0xf4, 0xcf,
    0xd0, 0x0, 0x0, 0x0, 0x6f, 0xf1, 0xcf, 0xf8, 0x0, 0x0, 0x2, 0xef, 0xa0, 0xcf, 0xff, 0xa3,
    0x12, 0x6e, 0xfe, 0x20, 0xcf, 0x8d, 0xff, 0xff, 0xff, 0xe3, 0x0, 0xcf, 0x61, 0x7c, 0xee, 0xc7,
    0x10, 0x0, 0x0, 0x4, 0xad, 0xee, 0xb6, 0x0, 0x0, 0x9f, 0xff, 0xff, 0xff, 0xc1, 0x9, 0xff,
    0x93, 0x12, 0x7e, 0xfa, 0x4f, 0xf6, 0x0, 0x0, 0x3, 0x91, 0xaf, 0xc0, 0x0, 0x0, 0x0, 0x0,
    0xdf, 0x70, 0x0, 0x0, 0x0, 0x0, 0xef, 0x60, 0x0, 0x0, 0x0, 0x0, 0xdf, 0x70, 0x0, 0x0,
    0x0, 0x0, 0xaf, 0xc0, 0x0, 0x0, 0x0, 0x0, 0x4f, 0xf6, 0x0, 0x0, 0x3, 0x91, 0x9, 0xff,
    0x93, 0x12, 0x7e, 0xfa, 0x0, 0x9f, 0xff, 0xff, 0xff, 0xc1, 0x0, 0x4, 0xad, 0xfe, 0xb6, 0x0,
    0x0, 0x0, 0x0, 0x0, 0x0, 0x2f, 0xf3, 0x0, 0x0, 0x0, 0x0, 0x0, 0x2f, 0xf3, 0x0, 0x0,
    0x0, 0x0, 0x0, 0x2f, 0xf3, 0x0, 0x0, 0x0, 0x0, 0x0, 0x2f, 0xf3, 0x0, 0x0, 0x0, 0x0,
    0x0, 0x2f, 0xf3, 0x0, 0x5, 0xbd, 0xfd, 0x92, 0x2f, 0xf3, 0x1, 0xbf, 0xff, 0xff, 0xff, 0x7f,
    0xf3, 0xb, 0xff, 0x93, 0x12, 0x7e, 0xff, 0xf3, 0x5f, 0xf6, 0x0, 0x0, 0x3, 0xef, 0xf3, 0xaf,
    0xc0, 0x0, 0x0, 0x0, 0x8f, 0xf3, 0xdf, 0x70, 0x0, 0x0, 0x0, 0x3f, 0xf3, 0xef, 0x60, 0x0,
    0x0, 0x0, 0x2f, 0xf3, 0xdf, 0x70, 0x0, 0x0, 0x0, 0x3f, 0xf3, 0xaf, 0xc0, 0x0, 0x0, 0x0,
    0x8f, 0xf3, 0x5f, 0xf6, 0x0, 0x0, 0x3, 0xff, 0xf3, 0xb, 0xff, 0x93, 0x12, 0x7e, 0xff, 0xf3,
    0x1, 0xbf, 0xff, 0xff, 0xff, 0x6f, 0xf3, 0x0, 0x5, 0xbd, 0xfd, 0x93, 0xf, 0xf3, 0x0, 0x5,
    0xbd, 0xfd, 0xa4, 0x0, 0x0, 0x1a, 0xff, 0xff, 0xff, 0xf8, 0x0, 0xa, 0xfd, 0x62, 0x13, 0x8e,
    0xf7, 0x5, 0xfd, 0x20, 0x0, 0x0, 0x4f, 0xf1, 0xaf, 0x70, 0x0, 0x0, 0x0, 0xbf, 0x6d, 0xff,
    0xff, 0xff, 0xff, 0xff, 0xf9, 0xef, 0xff, 0xff, 0xff, 0xff, 0xff, 0xad, 0xf6, 0x0, 0x0, 0x0,
    0x0, 0x0, 0xaf, 0xb0, 0x0, 0x0, 0x0, 0x0, 0x4, 0xff, 0x60, 0x0, 0x0, 0x6, 0x0, 0xa,
    0xff, 0xa3, 0x11, 0x4b, 0xf8, 0x0, 0x19, 0xff, 0xff, 0xff, 0xfe, 0x40, 0x0, 0x4, 0x9d, 0xee,
    0xc8, 0x10, 0x0, 0x0, 0x0, 0x8d, 0xfd, 0x91, 0x0, 0xb, 0xff, 0xff, 0xf1, 0x0, 0x4f, 0xf7,
    0x12, 0x50, 0x0, 0x7f, 0xd0, 0x0, 0x0, 0x0, 0x7f, 0xc0, 0x0, 0x0, 0xaf, 0xff, 0xff, 0xff,
    0x70, 0xaf, 0xff, 0xff, 0xff, 0x70, 0x0, 0x8f, 0xd0, 0x0, 0x0, 0x0, 0x7f, 0xc0, 0x0, 0x0,
    0x0, 0x7f, 0xc0, 0x0, 0x0, 0x0, 0x7f, 0xc0, 0x0, 0x0, 0x0, 0x7f, 0xc0, 0x0, 0x0, 0x0,
    0x7f, 0xc0, 0x0, 0x0, 0x0, 0x7f, 0xc0, 0x0, 0x0, 0x0, 0x7f, 0xc0, 0x0, 0x0, 0x0, 0x7f,
    0xc0, 0x0, 0x0, 0x0, 0x7f, 0xc0, 0x0, 0x0, 0x0, 0x7f, 0xc0, 0x0, 0x0, 0x0, 0x5, 0xad,
    0xfd, 0xa4, 0xc, 0xf5, 0x1, 0xaf, 0xff, 0xff, 0xff, 0x8c, 0xf5, 0xa, 0xff, 0x93, 0x12, 0x6d,
    0xff, 0xf5, 0x5f, 0xf6, 0x0, 0x0, 0x1, 0xdf, 0xf5, 0xaf, 0xb0, 0x0, 0x0, 0x0, 0x5f, 0xf5,
    0xdf, 0x70, 0x0, 0x0, 0x0, 0xf, 0xf5, 0xef, 0x60, 0x0, 0x0, 0x0, 0xe, 0xf5, 0xdf, 0x70,
    0x0, 0x0, 0x0, 0x1f, 0xf5, 0xaf, 0xc0, 0x0, 0x0, 0x0, 0x5f, 0xf5, 0x5f, 0xf7, 0x0, 0x0,
    0x2, 0xdf, 0xf5, 0xa, 0xff, 0x93, 0x12, 0x6e, 0xff, 0xf5, 0x1, 0xaf, 0xff, 0xff, 0xff, 0x8e,
    0xf5, 0x0, 0x5, 0xbd, 0xfe, 0xa4, 0xf, 0xf4, 0x0, 0x0, 0x0, 0x0, 0x0, 0x3f, 0xf2, 0x3,
    0x20, 0x0, 0x0, 0x0, 0xaf, 0xd0, 0x1d, 0xe9, 0x52, 0x11, 0x4b, 0xff, 0x50, 0x1a, 0xff, 0xff,
    0xff, 0xff, 0xf7, 0x0, 0x0, 0x38, 0xce, 0xfe, 0xd9, 0x30, 0x0, 0xcf, 0x70, 0x0, 0x0, 0x0,
    0x0, 0xc, 0xf7, 0x0, 0x0, 0x0, 0x0, 0x0, 0xcf, 0x70, 0x0, 0x0, 0x0, 0x0, 0xc, 0xf7,
    0x0, 0x0, 0x0, 0x0, 0x0, 0xcf, 0x70, 0x0, 0x0, 0x0, 0x0, 0xc, 0xf7, 0x18, 0xce, 0xec,
    0x71, 0x0, 0xcf, 0xae, 0xff, 0xff, 0xff, 0xc1, 0xc, 0xff, 0xf7, 0x21, 0x39, 0xff, 0x90, 0xcf,
    0xf5, 0x0, 0x0, 0xa, 0xfe, 0xc, 0xfc, 0x0, 0x0, 0x0, 0x3f, 0xf2, 0xcf, 0x80, 0x0, 0x0,
    0x1, 0xff, 0x4c, 0xf7, 0x0, 0x0, 0x0, 0x1f, 0xf4, 0xcf, 0x70, 0x0, 0x0, 0x1, 0xff, 0x4c,
    0xf7, 0x0, 0x0, 0x0, 0x1f, 0xf4, 0xcf, 0x70, 0x0, 0x0, 0x1, 0xff, 0x4c, 0xf7, 0x0, 0x0,
    0x0, 0x1f, 0xf4, 0xcf, 0x70, 0x0, 0x0, 0x1, 0xff, 0x4c, 0xf7, 0x0, 0x0, 0x0, 0x1f, 0xf4,
    0xb, 0xe6, 0x3f, 0xfd, 0xb, 0xe6, 0x0, 0x0, 0x0, 0x0, 0xc, 0xf7, 0xc, 0xf7, 0xc, 0xf7,
    0xc, 0xf7, 0xc, 0xf7, 0xc, 0xf7, 0xc, 0xf7, 0xc, 0xf7, 0xc, 0xf7, 0xc, 0xf7, 0xc, 0xf7,
    0xc, 0xf7, 0xc, 0xf7, 0x0, 0x0, 0x9, 0xe8, 0x0, 0x0, 0x1f, 0xff, 0x0, 0x0, 0xa, 0xe8,
    0x0, 0x0, 0x0, 0x0, 0x0, 0x0, 0x0, 0x0, 0x0, 0x0, 0xb, 0xf9, 0x0, 0x0, 0xb, 0xf9,
    0x0, 0x0, 0xb, 0xf9, 0x0, 0x0, 0xb, 0xf9, 0x0, 0x0, 0xb, 0xf9, 0x0, 0x0, 0xb, 0xf9,
    0x0, 0x0, 0xb, 0xf9, 0x0, 0x0, 0xb, 0xf9, 0x0, 0x0, 0xb, 0xf9, 0x0, 0x0, 0xb, 0xf9,
    0x0, 0x0, 0xb, 0xf9, 0x0, 0x0, 0xb, 0xf9, 0x0, 0x0, 0xb, 0xf9, 0x0, 0x0, 0xb, 0xf9,
    0x0, 0x0, 0xc, 0xf8, 0x4, 0x20, 0x5f, 0xf5, 0xd, 0xff, 0xff, 0xc0, 0x19, 0xdf, 0xe9, 0x10,
    0xcf, 0x70, 0x0, 0x0, 0x0, 0x0, 0xc, 0xf7, 0x0, 0x0, 0x0, 0x0, 0x0, 0xcf, 0x70, 0x0,
    0x0, 0x0, 0x0, 0xc, 0xf7, 0x0, 0x0, 0x0, 0x0, 0x0, 0xcf, 0x70, 0x0, 0x0, 0x0, 0x0,
    0xc, 0xf7, 0x0, 0x0, 0x3, 0xef, 0xa0, 0xcf, 0x70, 0x0, 0x3, 0xef, 0xb0, 0xc, 0xf7, 0x0,
    0x4, 0xef, 0xb0, 0x0, 0xcf, 0x70, 0x5, 0xff, 0xb1, 0x0, 0xc, 0xf7, 0x5, 0xff, 0xb1, 0x0,
    0x0, 0xcf, 0x76, 0xff, 0xf1, 0x0, 0x0, 0xc, 0xfd, 0xff, 0xff, 0xa0, 0x0, 0x0, 0xcf, 0xff,
    0x98, 0xff, 0x70, 0x0, 0xc, 0xff, 0x80, 0xb, 0xff, 0x40, 0x0, 0xcf, 0x90, 0x0, 0x1d, 0xfe,
    0x20, 0xc, 0xf7, 0x0, 0x0, 0x2e, 0xfc, 0x0, 0xcf, 0x70, 0x0, 0x0, 0x5f, 0xf8, 0xc, 0xf7,
    0x0, 0x0, 0x0, 0x7f, 0xf5, 0xcf, 0x7c, 0xf7, 0xcf, 0x7c, 0xf7, 0xcf, 0x7c, 0xf7, 0xcf, 0x7c,
    0xf7, 0xcf, 0x7c, 0xf7, 0xcf, 0x7c, 0xf7, 0xcf, 0x7c, 0xf7, 0xcf, 0x7c, 0xf7, 0xcf, 0x7c, 0xf7,
    0xcf, 0x62, 0x9d, 0xfe, 0xb4, 0x0, 0x17, 0xce, 0xfd, 0x81, 0x0, 0xcf, 0x9e, 0xff, 0xff, 0xff,
    0x82, 0xdf, 0xff, 0xff, 0xfd, 0x10, 0xcf, 0xfe, 0x72, 0x14, 0xcf, 0xfd, 0xfa, 0x31, 0x38, 0xff,
    0xa0, 0xcf, 0xf4, 0x0, 0x0, 0x1e, 0xff, 0xa0, 0x0, 0x0, 0x9f, 0xf1, 0xcf, 0xb0, 0x0, 0x0,
    0x9, 0xff, 0x30, 0x0, 0x0, 0x3f, 0xf3, 0xcf, 0x80, 0x0, 0x0, 0x7, 0xfe, 0x0, 0x0, 0x0,
    0x1f, 0xf4, 0xcf, 0x70, 0x0, 0x0, 0x6, 0xfd, 0x0, 0x0, 0x0, 0xf, 0xf4, 0xcf, 0x70, 0x0,
    0x0, 0x6, 0xfd, 0x0, 0x0, 0x0, 0xf, 0xf4, 0xcf, 0x70, 0x0, 0x0, 0x6, 0xfd, 0x0, 0x0,
    0x0, 0xf, 0xf4, 0xcf, 0x70, 0x0, 0x0, 0x6, 0xfd, 0x0, 0x0, 0x0, 0xf, 0xf4, 0xcf, 0x70,
    0x0, 0x0, 0x6, 0xfd, 0x0, 0x0, 0x0, 0xf, 0xf4, 0xcf, 0x70, 0x0, 0x0, 0x6, 0xfd, 0x0,
    0x0, 0x0, 0xf, 0xf4, 0xcf, 0x70, 0x0, 0x0, 0x6, 0xfd, 0x0, 0x0, 0x0, 0xf, 0xf4, 0xcf,
    0x61, 0x8c, 0xee, 0xc7, 0x10, 0xc, 0xf9, 0xef, 0xff, 0xff, 0xfc, 0x10, 0xcf, 0xff, 0x72, 0x13,
    0x9f, 0xf9, 0xc, 0xff, 0x50, 0x0, 0x0, 0xaf, 0xe0, 0xcf, 0xc0, 0x0, 0x0, 0x3, 0xff, 0x2c,
    0xf8, 0x0, 0x0, 0x0, 0x1f, 0xf4, 0xcf, 0x70, 0x0, 0x0, 0x1, 0xff, 0x4c, 0xf7, 0x0, 0x0,
    0x0, 0x1f, 0xf4, 0xcf, 0x70, 0x0, 0x0, 0x1, 0xff, 0x4c, 0xf7, 0x0, 0x0, 0x0, 0x1f, 0xf4,
    0xcf, 0x70, 0x0, 0x0, 0x1, 0xff, 0x4c, 0xf7, 0x0, 0x0, 0x0, 0x1f, 0xf4, 0xcf, 0x70, 0x0,
    0x0, 0x1, 0xff, 0x40, 0x0, 0x4, 0xad, 0xfd, 0xb6, 0x0, 0x0, 0x1, 0xaf, 0xff, 0xff, 0xff,
    0xc2, 0x0, 0xa, 0xff, 0x93, 0x12, 0x7e, 0xfd, 0x10, 0x4f, 0xf6, 0x0, 0x0, 0x3, 0xef, 0x80,
    0xaf, 0xc0, 0x0, 0x0, 0x0, 0x8f, 0xe0, 0xdf, 0x70, 0x0, 0x0, 0x0, 0x3f, 0xf2, 0xef, 0x60,
    0x0, 0x0, 0x0, 0x2f, 0xf3, 0xdf, 0x70, 0x0, 0x0, 0x0, 0x3f, 0xf2, 0xaf, 0xc0, 0x0, 0x0,
    0x0, 0x8f, 0xe0, 0x4f, 0xf6, 0x0, 0x0, 0x3, 0xff, 0x80, 0xa, 0xff, 0x93, 0x12, 0x7e, 0xfc,
    0x10, 0x0, 0x9f, 0xff, 0xff, 0xff, 0xc2, 0x0, 0x0, 0x4, 0xad, 0xfe, 0xb6, 0x0, 0x0, 0xcf,
    0x61, 0x7c, 0xee, 0xc7, 0x10, 0x0, 0xcf, 0x8d, 0xff, 0xff, 0xff, 0xd3, 0x0, 0xcf, 0xff, 0xa4,
    0x12, 0x6e, 0xfe, 0x20, 0xcf, 0xf8, 0x0, 0x0, 0x2, 0xef, 0xa0, 0xcf, 0xd0, 0x0, 0x0, 0x0,
    0x6f, 0xf1, 0xcf, 0x90, 0x0, 0x0, 0x0, 0x1f, 0xf4, 0xcf, 0x70, 0x0, 0x0, 0x0, 0xf, 0xf5,
    0xcf, 0x90, 0x0, 0x0, 0x0, 0x1f, 0xf4, 0xcf, 0xd0, 0x0, 0x0, 0x0, 0x6f, 0xf1, 0xcf, 0xf8,
    0x0, 0x0, 0x2, 0xef, 0xa0, 0xcf, 0xff, 0xa3, 0x12, 0x6e, 0xfe, 0x20, 0xcf, 0x9d, 0xff, 0xff,
    0xff, 0xe3, 0x0, 0xcf, 0x71, 0x7c, 0xee, 0xc7, 0x10, 0x0, 0xcf, 0x70, 0x0, 0x0, 0x0, 0x0,
    0x0, 0xcf, 0x70, 0x0, 0x0, 0x0, 0x0, 0x0, 0xcf, 0x70, 0x0, 0x0, 0x0, 0x0, 0x0, 0xcf,
    0x70, 0x0, 0x0, 0x0, 0x0, 0x0, 0xcf, 0x70, 0x0, 0x0, 0x0, 0x0, 0x0, 0x0, 0x5, 0xbd,
    0xfd, 0x93, 0xf, 0xf3, 0x1, 0xbf, 0xff, 0xff, 0xff, 0x6f, 0xf3, 0xb, 0xff, 0x93, 0x12, 0x7e,
    0xff, 0xf3, 0x5f, 0xf6, 0x0, 0x0, 0x3, 0xff, 0xf3, 0xaf, 0xc0, 0x0, 0x0, 0x0, 0x8f, 0xf3,
    0xdf, 0x70, 0x0, 0x0, 0x0, 0x3f, 0xf3, 0xef, 0x60, 0x0, 0x0, 0x0, 0x2f, 0xf3, 0xdf, 0x70,
    0x0, 0x0, 0x0, 0x3f, 0xf3, 0xaf, 0xc0, 0x0, 0x0, 0x0, 0x8f, 0xf3, 0x5f, 0xf6, 0x0, 0x0,
    0x3, 0xff, 0xf3, 0xb, 0xff, 0x93, 0x12, 0x7e, 0xff, 0xf3, 0x1, 0xbf, 0xff, 0xff, 0xff, 0x7f,
    0xf3, 0x0, 0x5, 0xbd, 0xfd, 0x92, 0x2f, 0xf3, 0x0, 0x0, 0x0, 0x0, 0x0, 0x2f, 0xf3, 0x0,
    0x0, 0x0, 0x0, 0x0, 0x2f, 0xf3, 0x0, 0x0, 0x0, 0x0, 0x0, 0x2f, 0xf3, 0x0, 0x0, 0x0,
    0x0, 0x0, 0x2f, 0xf3, 0x0, 0x0, 0x0, 0x0, 0x0, 0x2f, 0xf3, 0xcf, 0x61, 0x8d, 0xe0, 0xcf,
    0x8e, 0xff, 0xf0, 0xcf, 0xff, 0x72, 0x10, 0xcf, 0xf5, 0x0, 0x0, 0xcf, 0xc0, 0x0, 0x0, 0xcf,
    0x80, 0x0, 0x0, 0xcf, 0x70, 0x0, 0x0, 0xcf, 0x70, 0x0, 0x0, 0xcf, 0x70, 0x0, 0x0, 0xcf,
    0x70, 0x0, 0x0, 0xcf, 0x70, 0x0, 0x0, 0xcf, 0x70, 0x0, 0x0, 0xcf, 0x70, 0x0, 0x0, 0x0,
    0x18, 0xce, 0xfe, 0xb7, 0x10, 0x2, 0xef, 0xff, 0xff, 0xff, 0xb0, 0xb, 0xfd, 0x52, 0x12, 0x6d,
    0x40, 0xf, 0xf5, 0x0, 0x0, 0x0, 0x0, 0xe, 0xf8, 0x0, 0x0, 0x0, 0x0, 0x8, 0xff, 0xd8,
    0x52, 0x0, 0x0, 0x0, 0x8e, 0xff, 0xff, 0xe8, 0x10, 0x0, 0x0, 0x46, 0x9d, 0xff, 0xc0, 0x0,
    0x0, 0x0, 0x0, 0x5f, 0xf3, 0x2, 0x0, 0x0, 0x0, 0x1f, 0xf4, 0xd, 0xc6, 0x31, 0x13, 0xaf,
    0xf1, 0x3e, 0xff, 0xff, 0xff, 0xff, 0x60, 0x1, 0x7b, 0xef, 0xfd, 0x93, 0x0, 0x0, 0x7f, 0xc0,
    0x0, 0x0, 0x0, 0x7f, 0xc0, 0x0, 0x0, 0x0, 0x7f, 0xc0, 0x0, 0x0, 0xaf, 0xff, 0xff, 0xff,
    0x70, 0xaf, 0xff, 0xff, 0xff, 0x70, 0x0, 0x8f, 0xd0, 0x0, 0x0, 0x0, 0x7f, 0xc0, 0x0, 0x0,
    0x0, 0x7f, 0xc0, 0x0, 0x0, 0x0, 0x7f, 0xc0, 0x0, 0x0, 0x0, 0x7f, 0xc0, 0x0, 0x0, 0x0,
    0x7f, 0xc0, 0x0, 0x0, 0x0, 0x7f, 0xc0, 0x0, 0x0, 0x0, 0x7f, 0xe0, 0x0, 0x0, 0x0, 0x4f,
    0xf7, 0x1, 0x40, 0x0, 0xc, 0xff, 0xff, 0xf1, 0x0, 0x1, 0x9d, 0xfd, 0x81, 0xef, 0x60, 0x0,
    0x0, 0x4, 0xff, 0x1e, 0xf6, 0x0, 0x0, 0x0, 0x4f, 0xf1, 0xef, 0x60, 0x0, 0x0, 0x4, 0xff,
    0x1e, 0xf6, 0x0, 0x0, 0x0, 0x4f, 0xf1, 0xef, 0x60, 0x0, 0x0, 0x4, 0xff, 0x1e, 0xf6, 0x0,
    0x0, 0x0, 0x4f, 0xf1, 0xef, 0x60, 0x0, 0x0, 0x4, 0xff, 0x1e, 0xf6, 0x0, 0x0, 0x0, 0x5f,
    0xf1, 0xdf, 0x80, 0x0, 0x0, 0x8, 0xff, 0x1a, 0xfe, 0x10, 0x0, 0x2, 0xef, 0xf1, 0x4f, 0xfc,
    0x41, 0x16, 0xef, 0xff, 0x10, 0x8f, 0xff, 0xff, 0xff, 0x8f, 0xf1, 0x0, 0x4b, 0xef, 0xda, 0x32,
    0xff, 0x10, 0xcf, 0x80, 0x0, 0x0, 0x0, 0x1e, 0xf3, 0x6f, 0xe1, 0x0, 0x0, 0x0, 0x7f, 0xc0,
    0x1e, 0xf6, 0x0, 0x0, 0x0, 0xdf, 0x50, 0x8, 0xfc, 0x0, 0x0, 0x5, 0xfe, 0x0, 0x2, 0xff,
    0x30, 0x0, 0xb, 0xf8, 0x0, 0x0, 0xaf, 0xa0, 0x0, 0x2f, 0xf2, 0x0, 0x0, 0x4f, 0xf1, 0x0,
    0x9f, 0xa0, 0x0, 0x0, 0xd, 0xf7, 0x1, 0xef, 0x30, 0x0, 0x0, 0x6, 0xfd, 0x7, 0xfc, 0x0,
    0x0, 0x0, 0x1, 0xef, 0x5d, 0xf6, 0x0, 0x0, 0x0, 0x0, 0x8f, 0xef, 0xe0, 0x0, 0x0, 0x0,
    0x0, 0x2f, 0xff, 0x80, 0x0, 0x0, 0x0, 0x0, 0xb, 0xff, 0x20, 0x0, 0x0, 0xaf, 0x80, 0x0,
    0x0, 0x5, 0xfe, 0x10, 0x0, 0x0, 0xc, 0xf4, 0x5f, 0xd0, 0x0, 0x0, 0xa, 0xff, 0x50, 0x0,
    0x0, 0x3f, 0xd0, 0xe, 0xf3, 0x0, 0x0, 0x1f, 0xff, 0xb0, 0x0, 0x0, 0x8f, 0x80, 0x9, 0xf9,
    0x0, 0x0, 0x7f, 0xcf, 0xf1, 0x0, 0x0, 0xdf, 0x20, 0x3, 0xfe, 0x0, 0x0, 0xcf, 0x5b, 0xf7,
    0x0, 0x4, 0xfc, 0x0, 0x0, 0xdf, 0x40, 0x3, 0xfe, 0x5, 0xfc, 0x0, 0x9, 0xf6, 0x0, 0x0,
    0x7f, 0xa0, 0x8, 0xf8, 0x1, 0xef, 0x20, 0x1e, 0xf1, 0x0, 0x0, 0x2f, 0xe1, 0xd, 0xf3, 0x0,
    0x9f, 0x80, 0x5f, 0xa0, 0x0, 0x0, 0xc, 0xf5, 0x4f, 0xc0, 0x0, 0x3f, 0xd0, 0xbf, 0x50, 0x0,
    0x0, 0x6, 0xfb, 0xaf, 0x60, 0x0, 0xd, 0xf5, 0xfe, 0x0, 0x0, 0x0, 0x1, 0xff, 0xef, 0x10,
    0x0, 0x7, 0xfe, 0xf9, 0x0, 0x0, 0x0, 0x0, 0xaf, 0xfa, 0x0, 0x0, 0x2, 0xff, 0xf4, 0x0,
    0x0, 0x0, 0x0, 0x5f, 0xf4, 0x0, 0x0, 0x0, 0xbf, 0xd0, 0x0, 0x0, 0x2e, 0xf8, 0x0, 0x0,
    0x4, 0xff, 0x40, 0x5f, 0xf4, 0x0, 0x1, 0xdf, 0x80, 0x0, 0x8f, 0xd1, 0x0, 0xbf, 0xb0, 0x0,
    0x0, 0xcf, 0xb0, 0x7f, 0xe2, 0x0, 0x0, 0x2, 0xef, 0x9f, 0xf4, 0x0, 0x0, 0x0, 0x5, 0xff,
    0xf8, 0x0, 0x0, 0x0, 0x0, 0xc, 0xff, 0x10, 0x0, 0x0, 0x0, 0x7, 0xff, 0xfa, 0x0, 0x0,
    0x0, 0x4, 0xff, 0x6e, 0xf7, 0x0, 0x0, 0x1, 0xef, 0x80, 0x5f, 0xf3, 0x0, 0x0, 0xbf, 0xc0,
    0x0, 0x9f, 0xd1, 0x0, 0x8f, 0xe2, 0x0, 0x0, 0xcf, 0xb0, 0x4f, 0xf4, 0x0, 0x0, 0x2, 0xef,
    0x80, 0xc, 0xf9, 0x0, 0x0, 0x0, 0x1, 0xef, 0x30, 0x6f, 0xe1, 0x0, 0x0, 0x0, 0x7f, 0xc0,
    0x1, 0xef, 0x60, 0x0, 0x0, 0xd, 0xf5, 0x0, 0x8, 0xfc, 0x0, 0x0, 0x4, 0xfe, 0x0, 0x0,
    0x2f, 0xf4, 0x0, 0x0, 0xaf, 0x80, 0x0, 0x0, 0xaf, 0xa0, 0x0, 0x2f, 0xf1, 0x0, 0x0, 0x4,
    0xff, 0x20, 0x8, 0xfa, 0x0, 0x0, 0x0, 0xc, 0xf8, 0x0, 0xef, 0x30, 0x0, 0x0, 0x0, 0x6f,
    0xe0, 0x5f, 0xc0, 0x0, 0x0, 0x0, 0x1, 0xef, 0x5c, 0xf5, 0x0, 0x0, 0x0, 0x0, 0x8, 0xfd,
    0xfe, 0x0, 0x0, 0x0, 0x0, 0x0, 0x2f, 0xff, 0x70, 0x0, 0x0, 0x0, 0x0, 0x0, 0xaf, 0xf1,
    0x0, 0x0, 0x0, 0x0, 0x0, 0x9, 0xfa, 0x0, 0x0, 0x0, 0x0, 0x0, 0x2, 0xff, 0x30, 0x0,
    0x0, 0x0, 0xa4, 0x12, 0xcf, 0xb0, 0x0, 0x0, 0x0, 0x5f, 0xff, 0xff, 0xe2, 0x0, 0x0, 0x0,
    0x1, 0x8d, 0xfd, 0x92, 0x0, 0x0, 0x0, 0x0, 0xd, 0xff, 0xff, 0xff, 0xff, 0xf6, 0xd, 0xff,
    0xff, 0xff, 0xff, 0xf5, 0x0, 0x0, 0x0, 0x1, 0xdf, 0xb0, 0x0, 0x0, 0x0, 0xb, 0xfd, 0x10,
    0x0, 0x0, 0x0, 0x8f, 0xe2, 0x0, 0x0, 0x0, 0x5, 0xff, 0x50, 0x0, 0x0, 0x0, 0x2e, 0xf8,
    0x0, 0x0, 0x0, 0x1, 0xdf, 0xa0, 0x0, 0x0, 0x0, 0xb, 0xfd, 0x10, 0x0, 0x0, 0x0, 0x8f,
    0xe2, 0x0, 0x0, 0x0, 0x5, 0xff, 0x50, 0x0, 0x0, 0x0, 0xe, 0xff, 0xff, 0xff, 0xff, 0xf9,
    0x1f, 0xff, 0xff, 0xff, 0xff, 0xf9, 0x0, 0x4, 0xbe, 0xf0, 0x2, 0xff, 0xff, 0x0, 0x8f, 0xe4,
    0x10, 0xa, 0xfa, 0x0, 0x0, 0xbf, 0x90, 0x0, 0xb, 0xf9, 0x0, 0x0, 0xbf, 0x90, 0x0, 0xb,
    0xf9, 0x0, 0x0, 0xbf, 0x90, 0x0, 0xb, 0xf9, 0x0, 0x2, 0xef, 0x70, 0x9, 0xff, 0xd2, 0x0,
    0x9f, 0xfd, 0x20, 0x0, 0x1d, 0xf8, 0x0, 0x0, 0xbf, 0x90, 0x0, 0xb, 0xf9, 0x0, 0x0, 0xbf,
    0x90, 0x0, 0xb, 0xf9, 0x0, 0x0, 0xbf, 0x90, 0x0, 0xb, 0xfa, 0x0, 0x0, 0x9f, 0xe4, 0x10,
    0x3, 0xff, 0xff, 0x0, 0x4, 0xce, 0xf0, 0x7f, 0xa7, 0xfa, 0x7f, 0xa7, 0xfa, 0x7f, 0xa7, 0xfa,
    0x7f, 0xa7, 0xfa, 0x7f, 0xa7, 0xfa, 0x7f, 0xa7, 0xfa, 0x7f, 0xa7, 0xfa, 0x7f, 0xa7, 0xfa, 0x7f,
    0xa7, 0xfa, 0x7f, 0xa7, 0xfa, 0x7f, 0xa7, 0xfa, 0x7f, 0xa0, 0x8f, 0xd7, 0x0, 0x0, 0x8f, 0xff,
    0x80, 0x0, 0x2, 0xbf, 0xe0, 0x0, 0x0, 0x3f, 0xf2, 0x0, 0x0, 0x2f, 0xf2, 0x0, 0x0, 0x2f,
    0xf2, 0x0, 0x0, 0x2f, 0xf2, 0x0, 0x0, 0x2f, 0xf2, 0x0, 0x0, 0x2f, 0xf2, 0x0, 0x0, 0x2f,
    0xf2, 0x0, 0x0, 0x1f, 0xf6, 0x0, 0x0, 0x8, 0xff, 0xf0, 0x0, 0x9, 0xff, 0xf0, 0x0, 0x1f,
    0xf6, 0x0, 0x0, 0x2f, 0xf2, 0x0, 0x0, 0x2f, 0xf2, 0x0, 0x0, 0x2f, 0xf2, 0x0, 0x0, 0x2f,
    0xf2, 0x0, 0x0, 0x2f, 0xf2, 0x0, 0x0, 0x3f, 0xf2, 0x0, 0x2, 0xaf, 0xf0, 0x0, 0x8f, 0xff,
    0x90, 0x0, 0x8f, 0xd8, 0x10, 0x0, 0x0, 0x0, 0x0, 0x0, 0x0, 0x0, 0x4, 0xcf, 0xe7, 0x0,
    0x1, 0xf8, 0x1e, 0xff, 0xff, 0xc4, 0x19, 0xf5, 0x6f, 0x80, 0x4c, 0xff, 0xff, 0xd0, 0x8f, 0x0,
    0x0, 0x7d, 0xfc, 0x30, 0x0, 0x0, 0x0, 0x28, 0xce, 0xfe, 0xc8, 0x30, 0x0, 0x0, 0x7, 0xff,
    0xff, 0xff, 0xff, 0xe0, 0x0, 0x0, 0x6f, 0xfa, 0x41, 0x12, 0x5b, 0x90, 0x0, 0x1, 0xff, 0x90,
    0x0, 0x0, 0x0, 0x10, 0x0, 0x6, 0xff, 0x10, 0x0, 0x0, 0x0, 0x0, 0x0, 0x8, 0xfc, 0x0,
    0x0, 0x0, 0x0, 0x0, 0x0, 0xa, 0xfb, 0x0, 0x0, 0x0, 0x0, 0x0, 0x0, 0xa, 0xfb, 0x0,
    0x0, 0x0, 0x0, 0x0, 0x4f, 0xff, 0xff, 0xff, 0xff, 0xff, 0x10, 0x0, 0x4f, 0xff, 0xff, 0xff,
    0xff, 0xff, 0x10, 0x0, 0x0, 0xa, 0xfb, 0x0, 0x0, 0x0, 0x0, 0x0, 0x0, 0xa, 0xfb, 0x0,
    0x0, 0x0, 0x0, 0x0, 0x0, 0xa, 0xfb, 0x0, 0x0, 0x0, 0x0, 0x0, 0x0, 0xa, 0xfb, 0x0,
    0x0, 0x0, 0x0, 0x0, 0x0, 0xa, 0xfb, 0x0, 0x0, 0x0, 0x0, 0x0, 0x4f, 0xff, 0xff, 0xff,
    0xff, 0xff, 0xff, 0xc0, 0x4f, 0xff, 0xff, 0xff, 0xff, 0xff, 0xff, 0xc0, 0x2, 0xae, 0xea, 0x20,
    0x1d, 0xb4, 0x4b, 0xe2, 0x9d, 0x0, 0x0, 0xd9, 0xd8, 0x0, 0x0, 0x7d, 0xd7, 0x0, 0x0, 0x7e,
    0xab, 0x0, 0x0, 0xba, 0x3e, 0x91, 0x18, 0xf3, 0x4, 0xdf, 0xfd, 0x40, 0x0, 0x2, 0x20, 0x0,
    0x0, 0x0, 0xf, 0xf0, 0x0, 0x0, 0x0, 0x0, 0xf, 0xf0, 0x0, 0x0, 0x0, 0x0, 0xf, 0xf0,
    0x0, 0x0, 0x0, 0x0, 0xf, 0xf0, 0x0, 0x0, 0x6f, 0xff, 0xff, 0xff, 0xff, 0xf5, 0x6f, 0xff,
    0xff, 0xff, 0xff, 0xf5, 0x0, 0x0, 0x1f, 0xf0, 0x0, 0x0, 0x0, 0x0, 0xf, 0xf0, 0x0, 0x0,
    0x0, 0x0, 0xf, 0xf0, 0x0, 0x0, 0x0, 0x0, 0xf, 0xf0, 0x0, 0x0, 0x0, 0x0, 0x0, 0x0,
    0x0, 0x0, 0x0, 0x0, 0x0, 0x0, 0x0, 0x0, 0x0, 0x0, 0x0, 0x0, 0x0, 0x0, 0x6f, 0xff,
    0xff, 0xff, 0xff, 0xf5, 0x6f, 0xff, 0xff, 0xff, 0xff, 0xf5, 0x1c, 0xe5, 0x6f, 0xfb, 0x1c, 0xe5,
    0x0, 0x0, 0x0, 0x0, 0x2, 0xdf, 0xb1, 0x0, 0x0, 0x0, 0x0, 0x0, 0x0, 0x3d, 0xf7, 0x0,
    0x0, 0x0, 0x0, 0x0, 0x0, 0x3, 0xed, 0x40, 0x0, 0x0, 0x0, 0x0, 0x0, 0x0, 0x0, 0x0,
    0x0, 0x0, 0x0, 0x0, 0x0, 0x0, 0x5, 0xad, 0xef, 0xdb, 0x61, 0x0, 0x0, 0x0, 0x3, 0xdf,
    0xff, 0xff, 0xff, 0xfe, 0x40, 0x0, 0x0, 0x5f, 0xfe, 0x94, 0x21, 0x38, 0xef, 0xf7, 0x0, 0x3,
    0xff, 0xc2, 0x0, 0x0, 0x0, 0x1a, 0xff, 0x50, 0xd, 0xfd, 0x10, 0x0, 0x0, 0x0, 0x0, 0xcf,
    0xe1, 0x5f, 0xf4, 0x0, 0x0, 0x0, 0x0, 0x0, 0x2f, 0xf7, 0x9f, 0xd0, 0x0, 0x0, 0x0, 0x0,
    0x0, 0xb, 0xfc, 0xcf, 0xa0, 0x0, 0x0, 0x0, 0x0, 0x0, 0x8, 0xfe, 0xcf, 0x90, 0x0, 0x0,
    0x0, 0x0, 0x0, 0x6, 0xff, 0xcf, 0xa0, 0x0, 0x0, 0x0, 0x0, 0x0, 0x8, 0xfe, 0x9f, 0xd0,
    0x0, 0x0, 0x0, 0x0, 0x0, 0xb, 0xfc, 0x5f, 0xf4, 0x0, 0x0, 0x0, 0x0, 0x0, 0x2f, 0xf7,
    0xd, 0xfd, 0x10, 0x0, 0x0, 0x0, 0x0, 0xbf, 0xe1, 0x3, 0xff, 0xc2, 0x0, 0x0, 0x0, 0x1a,
    0xff, 0x50, 0x0, 0x5f, 0xfe, 0x94, 0x21, 0x38, 0xef, 0xf8, 0x0, 0x0, 0x3, 0xdf, 0xff, 0xff,
    0xff, 0xfe, 0x40, 0x0, 0x0, 0x0, 0x5, 0xad, 0xff, 0xdb, 0x61, 0x0, 0x0, 0x8, 0x40, 0x0,
    0x5, 0x70, 0x3f, 0xf4, 0x0, 0x4f, 0xf3, 0x6, 0xff, 0x44, 0xff, 0x60, 0x0, 0x7f, 0xff, 0xf6,
    0x0, 0x0, 0x9, 0xff, 0x90, 0x0, 0x0, 0x4f, 0xff, 0xe4, 0x0, 0x4, 0xef, 0x67, 0xfe, 0x40,
    0x3e, 0xf7, 0x0, 0x7f, 0xe3, 0xb, 0x70, 0x0, 0x7, 0xa0, 0x0, 0x0, 0x0, 0x0, 0x0, 0x0,
    0x0, 0x0, 0x7, 0xfe, 0x60, 0x0, 0x0, 0x0, 0x0, 0x8f, 0xc2, 0x0, 0x0, 0x0, 0x0, 0x9,
    0xf9, 0x10, 0x0, 0x0, 0x0, 0x0, 0x0, 0x0, 0x0, 0x0, 0x0, 0x0, 0x0, 0x0, 0x0, 0x0,
    0x0, 0x0, 0x0, 0x4, 0xad, 0xfd, 0xb6, 0x0, 0x0, 0x1, 0xaf, 0xff, 0xff, 0xff, 0xc2, 0x0,
    0xa, 0xff, 0x93, 0x12, 0x7e, 0xfd, 0x10, 0x4f, 0xf6, 0x0, 0x0, 0x3, 0xef, 0x80, 0xaf, 0xc0,
    0x0, 0x0, 0x0, 0x8f, 0xe0, 0xdf, 0x70, 0x0, 0x0, 0x0, 0x3f, 0xf2, 0xef, 0x60, 0x0, 0x0,
    0x0, 0x2f, 0xf3, 0xdf, 0x70, 0x0, 0x0, 0x0, 0x3f, 0xf2, 0xaf, 0xc0, 0x0, 0x0, 0x0, 0x8f,
    0xe0, 0x4f, 0xf6, 0x0, 0x0, 0x3, 0xff, 0x80, 0xa, 0xff, 0x93, 0x12, 0x7e, 0xfc, 0x10, 0x0,
    0x9f, 0xff, 0xff, 0xff, 0xc2, 0x0, 0x0, 0x4, 0xad, 0xfe, 0xb6, 0x0, 0x0, 0x0, 0x0, 0x0,
    0xa, 0xff, 0x30, 0x0, 0x0, 0x0, 0x0, 0x0, 0x0, 0x2, 0xff, 0xf9, 0x0, 0x0, 0x0, 0x0,
    0x0, 0x0, 0x0, 0x8f, 0xef, 0xf1, 0x0, 0x0, 0x0, 0x0, 0x0, 0x0, 0x1e, 0xf5, 0xcf, 0x80,
    0x0, 0x0, 0x0, 0x0, 0x0, 0x7, 0xfe, 0x6, 0xfe, 0x10, 0x0, 0x0, 0x0, 0x0, 0x0, 0xdf,
    0x70, 0x1e, 0xf6, 0x0, 0x0, 0x0, 0x0, 0x0, 0x5f, 0xf1, 0x0, 0x8f, 0xd0, 0x0, 0x0, 0x0,
    0x0, 0xc, 0xfa, 0x0, 0x2, 0xff, 0x50, 0x0, 0x0, 0x0, 0x3, 0xff, 0x30, 0x0, 0xa, 0xfc,
    0x0, 0x0, 0x0, 0x0, 0xaf, 0xc0, 0x0, 0x0, 0x4f, 0xf3, 0x0, 0x0, 0x0, 0x2f, 0xf5, 0x0,
    0x0, 0x0, 0xcf, 0xa0, 0x0, 0x0, 0x9, 0xff, 0xff, 0xff, 0xff, 0xff, 0xff, 0x20, 0x0, 0x1,
    0xef, 0xee, 0xee, 0xee, 0xee, 0xef, 0xf9, 0x0, 0x0, 0x7f, 0xe1, 0x0, 0x0, 0x0, 0x0, 0x8f,
    0xe1, 0x0, 0xd, 0xf9, 0x0, 0x0, 0x0, 0x0, 0x1, 0xff, 0x70, 0x5, 0xff, 0x20, 0x0, 0x0,
    0x0, 0x0, 0x9, 0xfd, 0x0, 0xcf, 0xa0, 0x0, 0x0, 0x0, 0x0, 0x0, 0x2f, 0xf8, 0x0, 0x0,
    0x0, 0x0, 0x0, 0x0, 0x0, 0xa, 0xf8, 0x10, 0x0, 0x0, 0x0, 0x0, 0x0, 0x0, 0x8, 0xf5,
    0x0, 0x0, 0x0, 0x0, 0x0, 0x0, 0x0, 0x0, 0xdc, 0x0, 0x0, 0x0, 0x0, 0x0, 0x0, 0x0,
    0x0, 0xc, 0xe2, 0x3, 0x0, 0x0, 0x0, 0x0, 0x0, 0x0, 0x0, 0x3d, 0xff, 0xd0, 0x0, 0x0,
    0x0, 0x0, 0x0, 0x0, 0x0, 0x2, 0x20, 0x0, 0x1, 0x6a, 0xdf, 0xec, 0x81, 0x0, 0x3d, 0xff,
    0xff, 0xff, 0xfd, 0x20, 0x1d, 0xa5, 0x21, 0x26, 0xef, 0xa0, 0x1, 0x0, 0x0, 0x0, 0x5f, 0xf1,
    0x0, 0x0, 0x0, 0x0, 0x2f, 0xf3, 0x1, 0x8d, 0xff, 0xff, 0xff, 0xf4, 0x1d, 0xff, 0xff, 0xff,
    0xff, 0xf4, 0x8f, 0xe6, 0x10, 0x0, 0x1f, 0xf4, 0xbf, 0x90, 0x0, 0x0, 0x1f, 0xf4, 0xbf, 0x90,
    0x0, 0x0, 0x8f, 0xf4, 0x7f, 0xf7, 0x21, 0x39, 0xff, 0xf4, 0x1c, 0xff, 0xff, 0xff, 0x9e, 0xf4,
    0x1, 0x8d, 0xfe, 0xc6, 0x1f, 0xf5, 0x0, 0x0, 0x0, 0x2, 0xdd, 0x50, 0x0, 0x0, 0x0, 0xc,
    0xd1, 0x0, 0x0, 0x0, 0x0, 0x3f, 0x70, 0x0, 0x0, 0x0, 0x0, 0x2f, 0xb1, 0x12, 0x0, 0x0,
    0x0, 0x6, 0xef, 0xf8, 0x0, 0x0, 0x0, 0x0, 0x2, 0x10, 0x0, 0x0, 0x0, 0x0, 0x4, 0xef,
    0x80, 0x0, 0x0, 0x0, 0x0, 0x0, 0x5f, 0xe5, 0x0, 0x0, 0x0, 0x0, 0x0, 0x6, 0xfc, 0x20,
    0x0, 0x0, 0x0, 0x0, 0x0, 0x0, 0x0, 0x0, 0x0, 0x0, 0x0, 0x0, 0x5, 0xad, 0xfe, 0xda,
    0x60, 0x0, 0x0, 0x3, 0xdf, 0xff, 0xff, 0xff, 0xfd, 0x40, 0x0, 0x6f, 0xfe, 0x94, 0x21, 0x37,
    0xef, 0xf3, 0x3, 0xff, 0xc2, 0x0, 0x0, 0x0, 0x1b, 0x70, 0xd, 0xfd, 0x10, 0x0, 0x0, 0x0,
    0x0, 0x0, 0x5f, 0xf4, 0x0, 0x0, 0x0, 0x0, 0x0, 0x0, 0x9f, 0xd0, 0x0, 0x0, 0x0, 0x0,
    0x0, 0x0, 0xcf, 0xa0, 0x0, 0x0, 0x0, 0x0, 0x0, 0x0, 0xcf, 0x90, 0x0, 0x0, 0x0, 0x0,
    0x0, 0x0, 0xcf, 0xa0, 0x0, 0x0, 0x0, 0x0, 0x0, 0x0, 0x9f, 0xd0, 0x0, 0x0, 0x0, 0x0,
    0x0, 0x0, 0x5f, 0xf4, 0x0, 0x0, 0x0, 0x0, 0x0, 0x0, 0xd, 0xfd, 0x10, 0x0, 0x0, 0x0,
    0x0, 0x0, 0x3, 0xff, 0xc2, 0x0, 0x0, 0x0, 0x1b, 0x70, 0x0, 0x6f, 0xfe, 0x94, 0x21, 0x37,
    0xef, 0xf3, 0x0, 0x3, 0xdf, 0xff, 0xff, 0xff, 0xfd, 0x40, 0x0, 0x0, 0x5, 0xad, 0xfe, 0xda,
    0x60, 0x0, 0x0, 0x0, 0x0, 0x1b, 0xfc, 0x20, 0x0, 0x0, 0x1, 0xcf, 0x91, 0x0, 0x0, 0x0,
    0x2d, 0xe5, 0x0, 0x0, 0x0, 0x0, 0x0, 0x0, 0x0, 0x0, 0x0, 0x0, 0x0, 0x0, 0x0, 0x0,
    0x0, 0x4, 0xad, 0xee, 0xb6, 0x0, 0x0, 0x9f, 0xff, 0xff, 0xff, 0xc1, 0x9, 0xff, 0x93, 0x12,
    0x7e, 0xfa, 0x4f, 0xf6, 0x0, 0x0, 0x3, 0x91, 0xaf, 0xc0, 0x0, 0x0, 0x0, 0x0, 0xdf, 0x70,
    0x0, 0x0, 0x0, 0x0, 0xef, 0x60, 0x0, 0x0, 0x0, 0x0, 0xdf, 0x70, 0x0, 0x0, 0x0, 0x0,
    0xaf, 0xc0, 0x0, 0x0, 0x0, 0x0, 0x4f, 0xf6, 0x0, 0x0, 0x3, 0x91, 0x9, 0xff, 0x93, 0x12,
    0x7e, 0xfa, 0x0, 0x9f, 0xff, 0xff, 0xff, 0xc1, 0x0, 0x4, 0xad, 0xfe, 0xb6, 0x0, 0x7f, 0xff,
    0xff, 0xff, 0xff, 0xff, 0x60, 0x7f, 0xff, 0xff, 0xff, 0xff, 0xff, 0x60, 0x7f, 0xe0, 0x0, 0x0,
    0x0, 0x0, 0x0, 0x7f, 0xe0, 0x0, 0x0, 0x0, 0x0, 0x0, 0x7f, 0xe0, 0x0, 0x0, 0x0, 0x0,
    0x0, 0x7f, 0xe0, 0x0, 0x0, 0x0, 0x0, 0x0, 0x7f, 0xe0, 0x0, 0x0, 0x0, 0x0, 0x0, 0x7f,
    0xff, 0xff, 0xff, 0xff, 0xf5, 0x0, 0x7f, 0xff, 0xff, 0xff, 0xff, 0xf5, 0x0, 0x7f, 0xe0, 0x0,
    0x0, 0x0, 0x0, 0x0, 0x7f, 0xe0, 0x0, 0x0, 0x0, 0x0, 0x0, 0x7f, 0xe0, 0x0, 0x0, 0x0,
    0x0, 0x0, 0x7f, 0xe0, 0x0, 0x0, 0x0, 0x0, 0x0, 0x7f, 0xe0, 0x0, 0x0, 0x0, 0x0, 0x0,
    0x7f, 0xe0, 0x0, 0x0, 0x0, 0x0, 0x0, 0x7f, 0xff, 0xff, 0xff, 0xff, 0xff, 0xb0, 0x7f, 0xff,
    0xff, 0xff, 0xff, 0xff, 0xe0, 0x0, 0x0, 0x0, 0x0, 0x8, 0xf9, 0x10, 0x0, 0x0, 0x0, 0x0,
    0x6f, 0x60, 0x0, 0x0, 0x0, 0x0, 0x0, 0xbe, 0x0, 0x0, 0x0, 0x0, 0x0, 0x0, 0xaf, 0x30,
    0x30, 0x0, 0x0, 0x0, 0x0, 0x2c, 0xff, 0xe1, 0x0, 0x0, 0x0, 0x0, 0x0, 0x12, 0x0, 0x0,
    0x5, 0xbd, 0xfd, 0xa4, 0x0, 0x0, 0x1a, 0xff, 0xff, 0xff, 0xf8, 0x0, 0xa, 0xfd, 0x62, 0x13,
    0x8e, 0xf7, 0x5, 0xfd, 0x20, 0x0, 0x0, 0x4f, 0xf1, 0xaf, 0x70, 0x0, 0x0, 0x0, 0xbf, 0x6d,
    0xff, 0xff, 0xff, 0xff, 0xff, 0xf9, 0xef, 0xff, 0xff, 0xff, 0xff, 0xff, 0xad, 0xf6, 0x0, 0x0,
    0x0, 0x0, 0x0, 0xaf, 0xb0, 0x0, 0x0, 0x0, 0x0, 0x4, 0xff, 0x60, 0x0, 0x0, 0x6, 0x0,
    0xa, 0xff, 0xa3, 0x11, 0x4b, 0xf8, 0x0, 0x19, 0xff, 0xff, 0xff, 0xfe, 0x40, 0x0, 0x4, 0x9d,
    0xef, 0xfe, 0x40, 0x0, 0x0, 0x0, 0x0, 0xaf, 0x40, 0x0, 0x0, 0x0, 0x0, 0x3f, 0x80, 0x0,
    0x0, 0x0, 0x0, 0x6, 0xf4, 0x0, 0x0, 0x0, 0x0, 0x0, 0x4f, 0x80, 0x21, 0x0, 0x0, 0x0,
    0x0, 0x8f, 0xff, 0x60, 0x0, 0x0, 0x0, 0x0, 0x12, 0x10, 0x0, 0x0, 0x4f, 0xf2, 0x0, 0x0,
    0x0, 0x0, 0x0, 0x4, 0xff, 0x20, 0x0, 0x0, 0x0, 0x0, 0x0, 0x4f, 0xf2, 0x0, 0x0, 0x0,
    0x0, 0x0, 0x4, 0xff, 0x20, 0x10, 0x0, 0x0, 0x0, 0x0, 0x4f, 0xf2, 0x4e, 0x60, 0x0, 0x0,
    0x0, 0x4, 0xff, 0x9f, 0xe5, 0x0, 0x0, 0x0, 0x0, 0x4f, 0xff, 0xc2, 0x0, 0x0, 0x0, 0x0,
    0x8, 0xff, 0xb1, 0x0, 0x0, 0x0, 0x0, 0x7, 0xff, 0xf2, 0x0, 0x0, 0x0, 0x0, 0x8, 0xff,
    0xff, 0x20, 0x0, 0x0, 0x0, 0x0, 0x19, 0x5f, 0xf2, 0x0, 0x0, 0x0, 0x0, 0x0, 0x4, 0xff,
    0x20, 0x0, 0x0, 0x0, 0x0, 0x0, 0x4f, 0xf2, 0x0, 0x0, 0x0, 0x0, 0x0, 0x4, 0xff, 0x20,
    0x0, 0x0, 0x0, 0x0, 0x0, 0x4f, 0xf3, 0x22, 0x22, 0x22, 0x22, 0x0, 0x4, 0xff, 0xff, 0xff,
    0xff, 0xff, 0xf3, 0x0, 0x4f, 0xff, 0xff, 0xff, 0xff, 0xff, 0x30, 0x0, 0x9, 0xfa, 0x0, 0x0,
    0x0, 0x9f, 0xa0, 0x0, 0x0, 0x9, 0xfa, 0x0, 0x0, 0x0, 0x9f, 0xa0, 0x0, 0x0, 0x9, 0xfa,
    0x0, 0x0, 0x0, 0x9f, 0xa0, 0x0, 0x0, 0x9, 0xfa, 0x12, 0x0, 0x0, 0x9f, 0xcc, 0xc0, 0x0,
    0x9, 0xff, 0xf8, 0x0, 0x0, 0xff, 0xf5, 0x0, 0x2, 0xcf, 0xfc, 0x0, 0x0, 0xdf, 0xff, 0xa0,
    0x0, 0x6, 0x59, 0xfa, 0x0, 0x0, 0x0, 0x9f, 0xa0, 0x0, 0x0, 0x9, 0xfa, 0x0, 0x0, 0x0,
    0x9f, 0xa0, 0x0, 0x0, 0x9, 0xfa, 0x0, 0x0, 0x0, 0x9f, 0xa0, 0x0, 0x0, 0x0, 0x0, 0x0,
    0x6f, 0xf7, 0x0, 0x0, 0x0, 0x0, 0x0, 0x7f, 0xd3, 0x0, 0x0, 0x0, 0x0, 0x0, 0x8f, 0xa1,
    0x0, 0x0, 0x0, 0x0, 0x0, 0x0, 0x0, 0x0, 0x0, 0x0, 0x7f, 0xc1, 0x0, 0x0, 0x0, 0x0,
    0x7f, 0xf7, 0xff, 0xa0, 0x0, 0x0, 0x0, 0x7, 0xff, 0x7f, 0xff, 0x70, 0x0, 0x0, 0x0, 0x7f,
    0xf7, 0xff, 0xff, 0x40, 0x0, 0x0, 0x7, 0xff, 0x7f, 0xed, 0xfe, 0x20, 0x0, 0x0, 0x7f, 0xf7,
    0xfe, 0x3e, 0xfc, 0x10, 0x0, 0x7, 0xff, 0x7f, 0xe0, 0x5f, 0xfa, 0x0, 0x0, 0x7f, 0xf7, 0xfe,
    0x0, 0x8f, 0xf7, 0x0, 0x7, 0xff, 0x7f, 0xe0, 0x0, 0xbf, 0xf4, 0x0, 0x7f, 0xf7, 0xfe, 0x0,
    0x1, 0xdf, 0xe2, 0x7, 0xff, 0x7f, 0xe0, 0x0, 0x3, 0xff, 0xc0, 0x7f, 0xf7, 0xfe, 0x0, 0x0,
    0x6, 0xff, 0x97, 0xff, 0x7f, 0xe0, 0x0, 0x0, 0x9, 0xff, 0xcf, 0xf7, 0xfe, 0x0, 0x0, 0x0,
    0xb, 0xff, 0xff, 0x7f, 0xe0, 0x0, 0x0, 0x0, 0x1d, 0xff, 0xf7, 0xfe, 0x0, 0x0, 0x0, 0x0,
    0x3f, 0xff, 0x7f, 0xe0, 0x0, 0x0, 0x0, 0x0, 0x6f, 0xf0, 0x0, 0x0, 0x0, 0x1c, 0xfc, 0x20,
    0x0, 0x0, 0x0, 0x2c, 0xf9, 0x0, 0x0, 0x0, 0x0, 0x2d, 0xe5, 0x0, 0x0, 0x0, 0x0, 0x0,
    0x0, 0x0, 0x0, 0x0, 0x0, 0x0, 0x0, 0x0, 0x0, 0x0, 0xc, 0xf6, 0x18, 0xce, 0xec, 0x71,
    0x0, 0xcf, 0x9e, 0xff, 0xff, 0xff, 0xc1, 0xc, 0xff, 0xf7, 0x21, 0x39, 0xff, 0x90, 0xcf, 0xf5,
    0x0, 0x0, 0xa, 0xfe, 0xc, 0xfc, 0x0, 0x0, 0x0, 0x3f, 0xf2, 0xcf, 0x80, 0x0, 0x0, 0x1,
    0xff, 0x4c, 0xf7, 0x0, 0x0, 0x0, 0x1f, 0xf4, 0xcf, 0x70, 0x0, 0x0, 0x1, 0xff, 0x4c, 0xf7,
    0x0, 0x0, 0x0, 0x1f, 0xf4, 0xcf, 0x70, 0x0, 0x0, 0x1, 0xff, 0x4c, 0xf7, 0x0, 0x0, 0x0,
    0x1f, 0xf4, 0xcf, 0x70, 0x0, 0x0, 0x1, 0xff, 0x4c, 0xf7, 0x0, 0x0, 0x0, 0x1f, 0xf4, 0x0,
    0x0, 0x0, 0x6, 0xff, 0x70, 0x0, 0x0, 0x0, 0x7, 0xfd, 0x30, 0x0, 0x0, 0x0, 0x8, 0xfa,
    0x10, 0x0, 0x0, 0x0, 0x0, 0x0, 0x0, 0x0, 0x0, 0x0, 0x16, 0xbd, 0xfe, 0xda, 0x50, 0x0,
    0x3d, 0xff, 0xff, 0xff, 0xff, 0xd1, 0x1d, 0xfe, 0x62, 0x11, 0x48, 0xec, 0x6, 0xff, 0x20, 0x0,
    0x0, 0x1, 0x30, 0x9f, 0xc0, 0x0, 0x0, 0x0, 0x0, 0x8, 0xfe, 0x10, 0x0, 0x0, 0x0, 0x0,
    0x3f, 0xfc, 0x30, 0x0, 0x0, 0x0, 0x0, 0x8f, 0xff, 0xd9, 0x62, 0x0, 0x0, 0x0, 0x4b, 0xff,
    0xff, 0xfc, 0x60, 0x0, 0x0, 0x1, 0x59, 0xdf, 0xff, 0xb0, 0x0, 0x0, 0x0, 0x0, 0x3a, 0xff,
    0x70, 0x0, 0x0, 0x0, 0x0, 0xb, 0xfc, 0x0, 0x0, 0x0, 0x0, 0x0, 0x7f, 0xd5, 0x70, 0x0,
    0x0, 0x0, 0xb, 0xfb, 0xcf, 0xe8, 0x42, 0x11, 0x4b, 0xff, 0x44, 0xdf, 0xff, 0xff, 0xff, 0xff,
    0x60, 0x0, 0x59, 0xce, 0xfe, 0xc8, 0x20, 0x0, 0x0, 0x0, 0x0, 0x3e, 0xf9, 0x10, 0x0, 0x0,
    0x4, 0xee, 0x60, 0x0, 0x0, 0x0, 0x5f, 0xc2, 0x0, 0x0, 0x0, 0x0, 0x0, 0x0, 0x0, 0x0,
    0x0, 0x0, 0x0, 0x0, 0x0, 0x0, 0x0, 0x18, 0xce, 0xfe, 0xb7, 0x10, 0x2, 0xef, 0xff, 0xff,
    0xff, 0xb0, 0xb, 0xfd, 0x52, 0x12, 0x6d, 0x40, 0xf, 0xf5, 0x0, 0x0, 0x0, 0x0, 0xe, 0xf8,
    0x0, 0x0, 0x0, 0x0, 0x8, 0xff, 0xd8, 0x52, 0x0, 0x0, 0x0, 0x8e, 0xff, 0xff, 0xe8, 0x10,
    0x0, 0x0, 0x46, 0x9d, 0xff, 0xc0, 0x0, 0x0, 0x0, 0x0, 0x5f, 0xf3, 0x2, 0x0, 0x0, 0x0,
    0x1f, 0xf4, 0xd, 0xc6, 0x31, 0x13, 0xaf, 0xf1, 0x3e, 0xff, 0xff, 0xff, 0xff, 0x60, 0x1, 0x7b,
    0xef, 0xfd, 0x93, 0x0, 0x0, 0x0, 0x0, 0x2, 0xdf, 0xb1, 0x0, 0x0, 0x0, 0x0, 0x3, 0xef,
    0x70, 0x0, 0x0, 0x0, 0x0, 0x4, 0xed, 0x30, 0x0, 0x0, 0x0, 0x0, 0x0, 0x0, 0x0, 0x0,
    0x0, 0x0, 0xcf, 0xff, 0xff, 0xff, 0xff, 0xff, 0xfc, 0xc, 0xff, 0xff, 0xff, 0xff, 0xff, 0xff,
    0xb0, 0x0, 0x0, 0x0, 0x0, 0x1, 0xcf, 0xe2, 0x0, 0x0, 0x0, 0x0, 0x0, 0x9f, 0xf4, 0x0,
    0x0, 0x0, 0x0, 0x0, 0x5f, 0xf7, 0x0, 0x0, 0x0, 0x0, 0x0, 0x3e, 0xfa, 0x0, 0x0, 0x0,
    0x0, 0x0, 0x1d, 0xfd, 0x10, 0x0, 0x0, 0x0, 0x0, 0xb, 0xfe, 0x20, 0x0, 0x0, 0x0, 0x0,
    0x8, 0xff, 0x50, 0x0, 0x0, 0x0, 0x0, 0x4, 0xff, 0x80, 0x0, 0x0, 0x0, 0x0, 0x2, 0xef,
    0xb0, 0x0, 0x0, 0x0, 0x0, 0x1, 0xcf, 0xd1, 0x0, 0x0, 0x0, 0x0, 0x0, 0xaf, 0xf3, 0x0,
    0x0, 0x0, 0x0, 0x0, 0x7f, 0xf6, 0x0, 0x0, 0x0, 0x0, 0x0, 0x4f, 0xfa, 0x0, 0x0, 0x0,
    0x0, 0x0, 0xd, 0xff, 0xff, 0xff, 0xff, 0xff, 0xff, 0xf1, 0xff, 0xff, 0xff, 0xff, 0xff, 0xff,
    0xff, 0x10, 0x0, 0x0, 0x0, 0x1b, 0xfd, 0x30, 0x0, 0x0, 0x1, 0xcf, 0x91, 0x0, 0x0, 0x0,
    0x2d, 0xe5, 0x0, 0x0, 0x0, 0x0, 0x0, 0x0, 0x0, 0x0, 0x0, 0x0, 0x0, 0x0, 0x0, 0x0,
    0xd, 0xff, 0xff, 0xff, 0xff, 0xf6, 0xd, 0xff, 0xff, 0xff, 0xff, 0xf5, 0x0, 0x0, 0x0, 0x1,
    0xdf, 0xb0, 0x0, 0x0, 0x0, 0xb, 0xfd, 0x10, 0x0, 0x0, 0x0, 0x8f, 0xe2, 0x0, 0x0, 0x0,
    0x5, 0xff, 0x50, 0x0, 0x0, 0x0, 0x2e, 0xf8, 0x0, 0x0, 0x0, 0x1, 0xdf, 0xa0, 0x0, 0x0,
    0x0, 0xb, 0xfd, 0x10, 0x0, 0x0, 0x0, 0x8f, 0xe2, 0x0, 0x0, 0x0, 0x5, 0xff, 0x50, 0x0,
    0x0, 0x0, 0xe, 0xff, 0xff, 0xff, 0xff, 0xf9, 0x1f, 0xff, 0xff, 0xff, 0xff, 0xf9, 0x0, 0x0,
    0x1, 0xab, 0x20, 0x0, 0x0, 0x0, 0x0, 0x0, 0x4f, 0xf7, 0x0, 0x0, 0x0, 0x0, 0x0, 0x1,
    0xcd, 0x20, 0x0, 0x0, 0x0, 0x0, 0x0, 0x0, 0x0, 0x0, 0x0, 0x0, 0x0, 0x0, 0x0, 0x0,
    0x0, 0x0, 0x0, 0xc, 0xff, 0xff, 0xff, 0xff, 0xff, 0xff, 0xc0, 0xcf, 0xff, 0xff, 0xff, 0xff,
    0xff, 0xfb, 0x0, 0x0, 0x0, 0x0, 0x0, 0x1c, 0xfe, 0x20, 0x0, 0x0, 0x0, 0x0, 0x9, 0xff,
    0x40, 0x0, 0x0, 0x0, 0x0, 0x5, 0xff, 0x70, 0x0, 0x0, 0x0, 0x0, 0x3, 0xef, 0xa0, 0x0,
    0x0, 0x0, 0x0, 0x1, 0xdf, 0xd1, 0x0, 0x0, 0x0, 0x0, 0x0, 0xbf, 0xe2, 0x0, 0x0, 0x0,
    0x0, 0x0, 0x8f, 0xf5, 0x0, 0x0, 0x0, 0x0, 0x0, 0x4f, 0xf8, 0x0, 0x0, 0x0, 0x0, 0x0,
    0x2e, 0xfb, 0x0, 0x0, 0x0, 0x0, 0x0, 0x1c, 0xfd, 0x10, 0x0, 0x0, 0x0, 0x0, 0xa, 0xff,
    0x30, 0x0, 0x0, 0x0, 0x0, 0x7, 0xff, 0x60, 0x0, 0x0, 0x0, 0x0, 0x4, 0xff, 0xa0, 0x0,
    0x0, 0x0, 0x0, 0x0, 0xdf, 0xff, 0xff, 0xff, 0xff, 0xff, 0xff, 0x1f, 0xff, 0xff, 0xff, 0xff,
    0xff, 0xff, 0xf1, 0x0, 0x0, 0x8, 0xc3, 0x0, 0x0, 0x0, 0x0, 0x1f, 0xfa, 0x0, 0x0, 0x0,
    0x0, 0xa, 0xe5, 0x0, 0x0, 0x0, 0x0, 0x0, 0x0, 0x0, 0x0, 0x0, 0x0, 0x0, 0x0, 0x0,
    0x0, 0xd, 0xff, 0xff, 0xff, 0xff, 0xf6, 0xd, 0xff, 0xff, 0xff, 0xff, 0xf5, 0x0, 0x0, 0x0,
    0x1, 0xdf, 0xb0, 0x0, 0x0, 0x0, 0xb, 0xfd, 0x10, 0x0, 0x0, 0x0, 0x8f, 0xe2, 0x0, 0x0,
    0x0, 0x5, 0xff, 0x50, 0x0, 0x0, 0x0, 0x2e, 0xf8, 0x0, 0x0, 0x0, 0x1, 0xdf, 0xa0, 0x0,
    0x0, 0x0, 0xb, 0xfd, 0x10, 0x0, 0x0, 0x0, 0x8f, 0xe2, 0x0, 0x0, 0x0, 0x5, 0xff, 0x50,
    0x0, 0x0, 0x0, 0xe, 0xff, 0xff, 0xff, 0xff, 0xf9, 0x1f, 0xff, 0xff, 0xff, 0xff, 0xf9, 0x0,
    0x0, 0x0, 0x0, 0x0, 0x0, 0xff, 0xff, 0xff, 0xff, 0xff, 0xff, 0xff, 0xff, 0xff, 0xff, 0xff,
    0xff, 0x8, 0xf1, 0x0, 0xe9, 0xc, 0xc0, 0x4, 0xf5, 0x2f, 0x90, 0x9, 0xf2, 0x7f, 0x60, 0xe,
    0xe0, 0xcf, 0xe2, 0x4f, 0xf9, 0xdf, 0xf4, 0x5f, 0xfc, 0x6e, 0xb0, 0x1b, 0xe5, 0x5e, 0xb0, 0xb,
    0xe5, 0xcf, 0xf4, 0x4f, 0xfc, 0x9f, 0xf3, 0x2e, 0xfb, 0xe, 0xe0, 0x6, 0xf7, 0x2f, 0x90, 0x9,
    0xf2, 0x6f, 0x40, 0xd, 0xc0, 0x9e, 0x0, 0x1f, 0x70, 0x5e, 0xb0, 0xb, 0xe5, 0xcf, 0xf4, 0x4f,
    0xfc, 0x9f, 0xf3, 0x2e, 0xfb, 0xe, 0xe0, 0x6, 0xf7, 0x2f, 0x90, 0x9, 0xf2, 0x6f, 0x40, 0xd,
    0xc0, 0x9e, 0x0, 0x1f, 0x70, 0x9, 0xed, 0x35, 0xff, 0xfc, 0x5f, 0xff, 0xc0, 0x9e, 0xd3, 0x6e,
    0xc1, 0x1, 0xbe, 0x60, 0x4, 0xed, 0x2d, 0xff, 0x40, 0x4f, 0xfc, 0x0, 0xbf, 0xf6, 0x6e, 0xb1,
    0x1, 0xbe, 0x60, 0x5, 0xec, 0x20, 0x0, 0x0, 0x0, 0x0, 0x5a, 0xde, 0xed, 0xa6, 0x10, 0x0,
    0x0, 0x0, 0x4, 0xdf, 0xff, 0xff, 0xff, 0xfe, 0x50, 0x0, 0x0, 0x6, 0xff, 0xe8, 0x31, 0x13,
    0x7d, 0xff, 0x30, 0x0, 0x4, 0xff, 0xc2, 0x0, 0x0, 0x0, 0x9, 0x60, 0x0, 0x0, 0xdf, 0xd1,
    0x0, 0x0, 0x0, 0x0, 0x0, 0x0, 0x0, 0x5f, 0xf4, 0x0, 0x0, 0x0, 0x0, 0x0, 0x0, 0x4f,
    0xff, 0xff, 0xff, 0xff, 0xff, 0xf9, 0x0, 0x0, 0x1, 0x33, 0xdf, 0xa3, 0x33, 0x33, 0x33, 0x20,
    0x0, 0x0, 0x0, 0xc, 0xf9, 0x0, 0x0, 0x0, 0x0, 0x0, 0x0, 0x4, 0xff, 0xff, 0xff, 0xff,
    0xff, 0xff, 0x90, 0x0, 0x0, 0x13, 0x38, 0xff, 0x53, 0x33, 0x33, 0x32, 0x0, 0x0, 0x0, 0x0,
    0x1f, 0xf9, 0x0, 0x0, 0x0, 0x0, 0x0, 0x0, 0x0, 0x0, 0x9f, 0xf4, 0x0, 0x0, 0x0, 0x0,
    0x10, 0x0, 0x0, 0x1, 0xef, 0xe4, 0x0, 0x0, 0x0, 0x2d, 0xa0, 0x0, 0x0, 0x3, 0xef, 0xfa,
    0x41, 0x13, 0x8e, 0xff, 0x30, 0x0, 0x0, 0x2, 0xbf, 0xff, 0xff, 0xff, 0xfd, 0x40, 0x0, 0x0,
    0x0, 0x0, 0x49, 0xde, 0xed, 0xa5, 0x0, 0x0, 0x5e, 0xee, 0xee, 0xee, 0xee, 0xe5, 0x6f, 0xff,
    0xff, 0xff, 0xff, 0xf5, 0x0, 0x0, 0x0, 0x0, 0x0, 0x0, 0x0, 0x0, 0x0, 0x2, 0x7b, 0xe8,
    0x0, 0x0, 0x0, 0x0, 0x0, 0x0, 0x0, 0x0, 0x49, 0xdf, 0xff, 0xff, 0x0, 0x0, 0x0, 0x0,
    0x0, 0x0, 0x26, 0xae, 0xff, 0xff, 0xff, 0xff, 0x0, 0x0, 0x0, 0x0, 0x3, 0x8c, 0xff, 0xff,
    0xff, 0xff, 0xff, 0xff, 0x0, 0x0, 0x0, 0x3a, 0xef, 0xff, 0xff, 0xff, 0xff, 0xff, 0xff, 0xff,
    0x0, 0x0, 0x0, 0xef, 0xff, 0xff, 0xff, 0xff, 0xff, 0xff, 0xff, 0xff, 0x0, 0x0, 0x0, 0xff,
    0xff, 0xff, 0xff, 0xff, 0xff, 0xfe, 0xaf, 0xff, 0x0, 0x0, 0x0, 0xff, 0xff, 0xff, 0xff, 0xff,
    0xd8, 0x40, 0xf, 0xff, 0x0, 0x0, 0x0, 0xff, 0xff, 0xff, 0xfb, 0x62, 0x0, 0x0, 0xf, 0xff,
    0x0, 0x0, 0x0, 0xff, 0xfd, 0x95, 0x10, 0x0, 0x0, 0x0, 0xf, 0xff, 0x0, 0x0, 0x0, 0xff,
    0xf0, 0x0, 0x0, 0x0, 0x0, 0x0, 0xf, 0xff, 0x0, 0x0, 0x0, 0xff, 0xf0, 0x0, 0x0, 0x0,
    0x0, 0x0, 0xf, 0xff, 0x0, 0x0, 0x0, 0xff, 0xf0, 0x0, 0x0, 0x0, 0x0, 0x0, 0xf, 0xff,
    0x0, 0x0, 0x0, 0xff, 0xf0, 0x0, 0x0, 0x0, 0x0, 0x0, 0xf, 0xff, 0x0, 0x0, 0x0, 0xff,
    0xf0, 0x0, 0x0, 0x0, 0x0, 0x0, 0xf, 0xff, 0x0, 0x0, 0x0, 0xff, 0xf0, 0x0, 0x0, 0x0,
    0x3a, 0xdf, 0xdf, 0xff, 0x0, 0x0, 0x0, 0xff, 0xf0, 0x0, 0x0, 0x6, 0xff, 0xff, 0xff, 0xff,
    0x0, 0x0, 0x0, 0xff, 0xf0, 0x0, 0x0, 0xe, 0xff, 0xff, 0xff, 0xff, 0x3, 0xad, 0xfd, 0xff,
    0xf0, 0x0, 0x0, 0xe, 0xff, 0xff, 0xff, 0xfe, 0x6f, 0xff, 0xff, 0xff, 0xf0, 0x0, 0x0, 0x6,
    0xff, 0xff, 0xff, 0xf6, 0xef, 0xff, 0xff, 0xff, 0xf0, 0x0, 0x0, 0x0, 0x3a, 0xdf, 0xda, 0x30,
    0xef, 0xff, 0xff, 0xff, 0xe0, 0x0, 0x0, 0x0, 0x0, 0x0, 0x0, 0x0, 0x6f, 0xff, 0xff, 0xff,
    0x60, 0x0, 0x0, 0x0, 0x0, 0x0, 0x0, 0x0, 0x3, 0xad, 0xfd, 0xa3, 0x0, 0x0, 0x0, 0x0,
    0x0, 0x0, 0x0, 0x0, 0x0, 0x0, 0x1, 0x6a, 0xde, 0xed, 0x95, 0x0, 0x0, 0x0, 0x0, 0x0,
    0x0, 0x0, 0x6, 0xef, 0xff, 0xff, 0xff, 0xfc, 0x30, 0x0, 0x0, 0x0, 0x0, 0x0, 0x9, 0xff,
    0xff, 0xff, 0xff, 0xff, 0xff, 0x60, 0x0, 0x0, 0x0, 0x0, 0x9, 0xff, 0xff, 0xfe, 0xcc, 0xef,
    0xff, 0xff, 0x50, 0x0, 0x0, 0x0, 0x6, 0xff, 0xff, 0xc4, 0x0, 0x0, 0x5d, 0xff, 0xfe, 0x20,
    0x0, 0x0, 0x1, 0xef, 0xff, 0x90, 0x0, 0x0, 0x0, 0x1c, 0xff, 0xfa, 0x0, 0x0, 0x0, 0x6f,
    0xff, 0xc0, 0x0, 0x0, 0x0, 0x0, 0x2e, 0xff, 0xf2, 0x0, 0x0, 0xa, 0xff, 0xf4, 0x0, 0x0,
    0x0, 0x0, 0x0, 0x7f, 0xff, 0x70, 0x0, 0x0, 0xdf, 0xfe, 0x0, 0x0, 0x0, 0x0, 0x0, 0x3,
    0xff, 0xf9, 0x0, 0x0, 0xf, 0xff, 0xc0, 0x0, 0x0, 0x0, 0x0, 0x0, 0x1f, 0xff, 0xb0, 0x0,
    0x0, 0xef, 0xfc, 0x0, 0x0, 0x0, 0x0, 0x0, 0x1, 0xff, 0xfb, 0x0, 0x0, 0xd, 0xff, 0xe0,
    0x0, 0x0, 0x0, 0x0, 0x0, 0x4f, 0xff, 0x90, 0x0, 0x0, 0x9f, 0xff, 0x50, 0x0, 0x0, 0x0,
    0x0, 0x9, 0xff, 0xf6, 0x0, 0x0, 0x5, 0xff, 0xfd, 0x10, 0x0, 0x0, 0x0, 0x4, 0xff, 0xff,
    0x10, 0x0, 0x0, 0xc, 0xff, 0xfc, 0x20, 0x0, 0x0, 0x4, 0xef, 0xff, 0x90, 0x0, 0x0, 0x0,
    0x4f, 0xff, 0xfe, 0x72, 0x1, 0x39, 0xff, 0xff, 0xe1, 0x0, 0x0, 0x0, 0x0, 0x6f, 0xff, 0xff,
    0xff, 0xff, 0xff, 0xff, 0xff, 0xf6, 0x0, 0x0, 0x0, 0x0, 0x5f, 0xff, 0xff, 0xff, 0xff, 0xff,
    0xef, 0xff, 0xf6, 0x0, 0x0, 0x0, 0x0, 0x2b, 0xff, 0xff, 0xff, 0xff, 0x91, 0xff, 0xff, 0xf6,
    0x0, 0x0, 0x0, 0x0, 0x2, 0x79, 0xbb, 0x96, 0x10, 0x6, 0xff, 0xff, 0xf6, 0x0, 0x0, 0x0,
    0x0, 0x0, 0x0, 0x0, 0x0, 0x0, 0x6, 0xff, 0xff, 0xf6, 0x0, 0x0, 0x0, 0x0, 0x0, 0x0,
    0x0, 0x0, 0x0, 0x6, 0xff, 0xff, 0xf2, 0x0, 0x0, 0x0, 0x0, 0x0, 0x0, 0x0, 0x0, 0x0,
    0x6, 0xff, 0xfd, 0x10, 0x0, 0x0, 0x0, 0x0, 0x0, 0x0, 0x0, 0x0, 0x0, 0x6, 0xfd, 0x20,
    0x0, 0x0, 0x0, 0x0, 0x0, 0x0, 0x0, 0x0, 0x0, 0x0, 0x2, 0x10, 0x0, 0xb7, 0x0, 0xff,
    0xff, 0xff, 0xff, 0xff, 0xff, 0xff, 0xf0, 0x0, 0x7b, 0xfc, 0x88, 0xff, 0xff, 0xff, 0xff, 0xff,
    0xff, 0xff, 0xf9, 0x88, 0xdf, 0xff, 0xff, 0xff, 0x84, 0x44, 0x44, 0x44, 0x44, 0x8f, 0xff, 0xff,
    0xff, 0xf8, 0x1, 0xff, 0x40, 0x0, 0x0, 0x0, 0x0, 0x4f, 0xf1, 0x0, 0x9f, 0xf8, 0x0, 0xff,
    0x40, 0x0, 0x0, 0x0, 0x0, 0x4f, 0xf0, 0x0, 0x8f, 0xf8, 0x1, 0xff, 0x40, 0x0, 0x0, 0x0,
    0x0, 0x4f, 0xf1, 0x0, 0x9f, 0xff, 0xff, 0xff, 0x40, 0x0, 0x0, 0x0, 0x0, 0x4f, 0xff, 0xff,
    0xff, 0xfc, 0x88, 0xff, 0x62, 0x22, 0x22, 0x22, 0x22, 0x6f, 0xf9, 0x88, 0xdf, 0xf8, 0x0, 0xff,
    0xff, 0xff, 0xff, 0xff, 0xff, 0xff, 0xf0, 0x0, 0x8f, 0xf8, 0x0, 0xff, 0xff, 0xff, 0xff, 0xff,
    0xff, 0xff, 0xf0, 0x0, 0x8f, 0xfc, 0x88, 0xff, 0x62, 0x22, 0x22, 0x22, 0x22, 0x6f, 0xf9, 0x88,
    0xdf, 0xff, 0xff, 0xff, 0x40, 0x0, 0x0, 0x0, 0x0, 0x4f, 0xff, 0xff, 0xff, 0xf8, 0x1, 0xff,
    0x40, 0x0, 0x0, 0x0, 0x0, 0x4f, 0xf1, 0x0, 0x9f, 0xf8, 0x0, 0xff, 0x40, 0x0, 0x0, 0x0,
    0x0, 0x4f, 0xf0, 0x0, 0x8f, 0xf8, 0x1, 0xff, 0x40, 0x0, 0x0, 0x0, 0x0, 0x4f, 0xf1, 0x0,
    0x9f, 0xff, 0xff, 0xff, 0x84, 0x44, 0x44, 0x44, 0x44, 0x8f, 0xff, 0xff, 0xff, 0xfc, 0x88, 0xff,
    0xff, 0xff, 0xff, 0xff, 0xff, 0xff, 0xf9, 0x88, 0xdf, 0xb7, 0x0, 0xff, 0xff, 0xff, 0xff, 0xff,
    0xff, 0xff, 0xf0, 0x0, 0x7b, 0xbf, 0xff, 0xff, 0xa0, 0x4e, 0xff, 0xff, 0xff, 0xff, 0xff, 0xff,
    0xfb, 0xff, 0xff, 0xff, 0xf0, 0x8f, 0xff, 0xff, 0xff, 0xff, 0xff, 0xff, 0xff, 0xff, 0xff, 0xff,
    0xf0, 0x8f, 0xff, 0xff, 0xff, 0xff, 0xff, 0xff, 0xff, 0xff, 0xff, 0xff, 0xf0, 0x8f, 0xff, 0xff,
    0xff, 0xff, 0xff, 0xff, 0xff, 0xff, 0xff, 0xff, 0xf0, 0x8f, 0xff, 0xff, 0xff, 0xff, 0xff, 0xff,
    0xff, 0xbf, 0xff, 0xff, 0xa0, 0x4e, 0xff, 0xff, 0xff, 0xff, 0xff, 0xff, 0xfb, 0x0, 0x0, 0x0,
    0x0, 0x0, 0x0, 0x0, 0x0, 0x0, 0x0, 0x0, 0x0, 0xbf, 0xff, 0xff, 0xa0, 0x4e, 0xff, 0xff,
    0xff, 0xff, 0xff, 0xff, 0xfb, 0xff, 0xff, 0xff, 0xf0, 0x8f, 0xff, 0xff, 0xff, 0xff, 0xff, 0xff,
    0xff, 0xff, 0xff, 0xff, 0xf0, 0x8f, 0xff, 0xff, 0xff, 0xff, 0xff, 0xff, 0xff, 0xff, 0xff, 0xff,
    0xf0, 0x8f, 0xff, 0xff, 0xff, 0xff, 0xff, 0xff, 0xff, 0xff, 0xff, 0xff, 0xf0, 0x8f, 0xff, 0xff,
    0xff, 0xff, 0xff, 0xff, 0xff, 0xbf, 0xff, 0xff, 0xa0, 0x4e, 0xff, 0xff, 0xff, 0xff, 0xff, 0xff,
    0xfb, 0x0, 0x0, 0x0, 0x0, 0x0, 0x0, 0x0, 0x0, 0x0, 0x0, 0x0, 0x0, 0x0, 0x0, 0x0,
    0x0, 0x0, 0x0, 0x0, 0x0, 0x0, 0x0, 0x0, 0x0, 0xbf, 0xff, 0xff, 0xa0, 0x4e, 0xff, 0xff,
    0xff, 0xff, 0xff, 0xff, 0xfb, 0xff, 0xff, 0xff, 0xf0, 0x8f, 0xff, 0xff, 0xff, 0xff, 0xff, 0xff,
    0xff, 0xff, 0xff, 0xff, 0xf0, 0x8f, 0xff, 0xff, 0xff, 0xff, 0xff, 0xff, 0xff, 0xff, 0xff, 0xff,
    0xf0, 0x8f, 0xff, 0xff, 0xff, 0xff, 0xff, 0xff, 0xff, 0xff, 0xff, 0xff, 0xf0, 0x8f, 0xff, 0xff,
    0xff, 0xff, 0xff, 0xff, 0xff, 0xbf, 0xff, 0xff, 0xa0, 0x4e, 0xff, 0xff, 0xff, 0xff, 0xff, 0xff,
    0xfb, 0x0, 0x0, 0x0, 0x0, 0x0, 0x0, 0x0, 0x0, 0x0, 0x1, 0xbc, 0x20, 0x0, 0x0, 0x0,
    0x0, 0x0, 0x0, 0x0, 0x0, 0x0, 0x1c, 0xff, 0xd2, 0x0, 0x0, 0x0, 0x0, 0x0, 0x0, 0x0,
    0x0, 0x1, 0xcf, 0xff, 0xfd, 0x0, 0x0, 0x0, 0x0, 0x0, 0x0, 0x0, 0x0, 0x1c, 0xff, 0xff,
    0xfc, 0x0, 0x0, 0x0, 0x0, 0x0, 0x0, 0x0, 0x1, 0xcf, 0xff, 0xff, 0xd2, 0x0, 0x0, 0x0,
    0x0, 0x0, 0x0, 0x0, 0x1c, 0xff, 0xff, 0xfd, 0x20, 0x2, 0xcb, 0x10, 0x0, 0x0, 0x0, 0x1,
    0xcf, 0xff, 0xff, 0xd2, 0x0, 0x2d, 0xff, 0xc1, 0x0, 0x0, 0x0, 0x1c, 0xff, 0xff, 0xfd, 0x20,
    0x0, 0xdf, 0xff, 0xfc, 0x10, 0x0, 0x1, 0xcf, 0xff, 0xff, 0xd2, 0x0, 0x0, 0xcf, 0xff, 0xff,
    0xc1, 0x0, 0x1c, 0xff, 0xff, 0xfd, 0x20, 0x0, 0x0, 0x2d, 0xff, 0xff, 0xfc, 0x11, 0xcf, 0xff,
    0xff, 0xd1, 0x0, 0x0, 0x0, 0x2, 0xdf, 0xff, 0xff, 0xcc, 0xff, 0xff, 0xfd, 0x10, 0x0, 0x0,
    0x0, 0x0, 0x2d, 0xff, 0xff, 0xff, 0xff, 0xff, 0xd1, 0x0, 0x0, 0x0, 0x0, 0x0, 0x2, 0xdf,
    0xff, 0xff, 0xff, 0xfd, 0x10, 0x0, 0x0, 0x0, 0x0, 0x0, 0x0, 0x1d, 0xff, 0xff, 0xff, 0xd1,
    0x0, 0x0, 0x0, 0x0, 0x0, 0x0, 0x0, 0x1, 0xdf, 0xff, 0xfd, 0x10, 0x0, 0x0, 0x0, 0x0,
    0x0, 0x0, 0x0, 0x0, 0x1d, 0xff, 0xd1, 0x0, 0x0, 0x0, 0x0, 0x0, 0x0, 0x0, 0x0, 0x0,
    0x1, 0xcc, 0x10, 0x0, 0x0, 0x0, 0x0, 0x0, 0x0, 0x2, 0x72, 0x0, 0x0, 0x0, 0x0, 0x6,
    0x50, 0x3, 0xef, 0xe3, 0x0, 0x0, 0x0, 0x9, 0xff, 0x90, 0xdf, 0xff, 0xe3, 0x0, 0x0, 0x9,
    0xff, 0xff, 0x5d, 0xff, 0xff, 0xe3, 0x0, 0x9, 0xff, 0xff, 0xf6, 0x3e, 0xff, 0xff, 0xe3, 0x9,
    0xff, 0xff, 0xf9, 0x0, 0x3e, 0xff, 0xff, 0xea, 0xff, 0xff, 0xf9, 0x0, 0x0, 0x3e, 0xff, 0xff,
    0xff, 0xff, 0xf9, 0x0, 0x0, 0x0, 0x3e, 0xff, 0xff, 0xff, 0xf9, 0x0, 0x0, 0x0, 0x0, 0x3f,
    0xff, 0xff, 0xfa, 0x0, 0x0, 0x0, 0x0, 0x9, 0xff, 0xff, 0xff, 0xe3, 0x0, 0x0, 0x0, 0x9,
    0xff, 0xff, 0xff, 0xff, 0xe3, 0x0, 0x0, 0x9, 0xff, 0xff, 0xff, 0xff, 0xff, 0xe3, 0x0, 0x9,
    0xff, 0xff, 0xf9, 0x3e, 0xff, 0xff, 0xe3, 0x9, 0xff, 0xff, 0xf9, 0x0, 0x3e, 0xff, 0xff, 0xe2,
    0xef, 0xff, 0xf9, 0x0, 0x0, 0x3e, 0xff, 0xff, 0x79, 0xff, 0xf9, 0x0, 0x0, 0x0, 0x3e, 0xff,
    0xe2, 0x9, 0xe9, 0x0, 0x0, 0x0, 0x0, 0x3d, 0xd3, 0x0, 0x0, 0x0, 0x0, 0x0, 0x0, 0xbf,
    0xf7, 0x0, 0x0, 0x0, 0x0, 0x0, 0x0, 0x0, 0x0, 0x0, 0x0, 0xff, 0xfb, 0x0, 0x0, 0x0,
    0x0, 0x0, 0x0, 0x0, 0x7, 0x30, 0x0, 0xff, 0xfb, 0x0, 0x5, 0x50, 0x0, 0x0, 0x0, 0x1,
    0xcf, 0xe1, 0x0, 0xff, 0xfb, 0x0, 0x4f, 0xf8, 0x0, 0x0, 0x0, 0x1c, 0xff, 0xf8, 0x0, 0xff,
    0xfb, 0x0, 0xcf, 0xff, 0x90, 0x0, 0x0, 0xaf, 0xff, 0xf5, 0x0, 0xff, 0xfb, 0x0, 0x9f, 0xff,
    0xf5, 0x0, 0x4, 0xff, 0xff, 0x70, 0x0, 0xff, 0xfb, 0x0, 0xa, 0xff, 0xfe, 0x10, 0xb, 0xff,
    0xf8, 0x0, 0x0, 0xff, 0xfb, 0x0, 0x0, 0xcf, 0xff, 0x80, 0x2f, 0xff, 0xd0, 0x0, 0x0, 0xff,
    0xfb, 0x0, 0x0, 0x3f, 0xff, 0xe0, 0x6f, 0xff, 0x70, 0x0, 0x0, 0xff, 0xfb, 0x0, 0x0, 0xb,
    0xff, 0xf3, 0x9f, 0xff, 0x30, 0x0, 0x0, 0xff, 0xfb, 0x0, 0x0, 0x7, 0xff, 0xf6, 0xbf, 0xff,
    0x10, 0x0, 0x0, 0xff, 0xfb, 0x0, 0x0, 0x5, 0xff, 0xf7, 0xbf, 0xff, 0x0, 0x0, 0x0, 0xef,
    0xfb, 0x0, 0x0, 0x4, 0xff, 0xf7, 0xaf, 0xff, 0x20, 0x0, 0x0, 0x47, 0x72, 0x0, 0x0, 0x6,
    0xff, 0xf6, 0x7f, 0xff, 0x60, 0x0, 0x0, 0x0, 0x0, 0x0, 0x0, 0xa, 0xff, 0xf4, 0x4f, 0xff,
    0xc0, 0x0, 0x0, 0x0, 0x0, 0x0, 0x0, 0x1e, 0xff, 0xe0, 0xd, 0xff, 0xf5, 0x0, 0x0, 0x0,
    0x0, 0x0, 0x0, 0x9f, 0xff, 0xa0, 0x6, 0xff, 0xfe, 0x30, 0x0, 0x0, 0x0, 0x0, 0x6, 0xff,
    0xff, 0x30, 0x0, 0xcf, 0xff, 0xe5, 0x0, 0x0, 0x0, 0x0, 0x8f, 0xff, 0xf9, 0x0, 0x0, 0x2e,
    0xff, 0xff, 0xb6, 0x20, 0x13, 0x7d, 0xff, 0xff, 0xc0, 0x0, 0x0, 0x4, 0xef, 0xff, 0xff, 0xff,
    0xff, 0xff, 0xff, 0xfc, 0x10, 0x0, 0x0, 0x0, 0x2c, 0xff, 0xff, 0xff, 0xff, 0xff, 0xff, 0xa1,
    0x0, 0x0, 0x0, 0x0, 0x0, 0x6d, 0xff, 0xff, 0xff, 0xff, 0xc4, 0x0, 0x0, 0x0, 0x0, 0x0,
    0x0, 0x0, 0x47, 0xab, 0xa9, 0x72, 0x0, 0x0, 0x0, 0x0, 0x0, 0x0, 0x0, 0x0, 0x5, 0x89,
    0x98, 0x50, 0x0, 0x0, 0x0, 0x0, 0x0, 0x0, 0x0, 0x0, 0xf, 0xff, 0xff, 0xf0, 0x0, 0x0,
    0x0, 0x0, 0x0, 0x0, 0x0, 0x0, 0xf, 0xff, 0xff, 0xf0, 0x0, 0x0, 0x0, 0x0, 0x0, 0x0,
    0x0, 0x0, 0x4f, 0xff, 0xff, 0xf4, 0x0, 0x0, 0x0, 0x0, 0x0, 0xc, 0xc3, 0x2c, 0xff, 0xff,
    0xff, 0xff, 0xc2, 0x3c, 0xc0, 0x0, 0x0, 0x8f, 0xff, 0xff, 0xff, 0xff, 0xff, 0xff, 0xff, 0xff,
    0xf8, 0x0, 0x3, 0xff, 0xff, 0xff, 0xff, 0xff, 0xff, 0xff, 0xff, 0xff, 0xff, 0x30, 0xa, 0xff,
    0xff, 0xff, 0xff, 0xff, 0xff, 0xff, 0xff, 0xff, 0xff, 0xa0, 0x1f, 0xff, 0xff, 0xff, 0xff, 0x95,
    0x59, 0xff, 0xff, 0xff, 0xff, 0xf1, 0x6, 0xef, 0xff, 0xff, 0xf4, 0x0, 0x0, 0x4f, 0xff, 0xff,
    0xfe, 0x60, 0x0, 0x1e, 0xff, 0xff, 0x90, 0x0, 0x0, 0x9, 0xff, 0xff, 0xe1, 0x0, 0x0, 0xe,
    0xff, 0xff, 0x50, 0x0, 0x0, 0x5, 0xff, 0xff, 0xe0, 0x0, 0x0, 0xe, 0xff, 0xff, 0x40, 0x0,
    0x0, 0x5, 0xff, 0xff, 0xe0, 0x0, 0x0, 0x1e, 0xff, 0xff, 0x90, 0x0, 0x0, 0x9, 0xff, 0xff,
    0xe1, 0x0, 0x6, 0xef, 0xff, 0xff, 0xf4, 0x0, 0x0, 0x4f, 0xff, 0xff, 0xfe, 0x60, 0x1f, 0xff,
    0xff, 0xff, 0xff, 0x94, 0x59, 0xff, 0xff, 0xff, 0xff, 0xf1, 0xa, 0xff, 0xff, 0xff, 0xff, 0xff,
    0xff, 0xff, 0xff, 0xff, 0xff, 0xa0, 0x3, 0xff, 0xff, 0xff, 0xff, 0xff, 0xff, 0xff, 0xff, 0xff,
    0xff, 0x30, 0x0, 0x8f, 0xff, 0xff, 0xff, 0xff, 0xff, 0xff, 0xff, 0xff, 0xf8, 0x0, 0x0, 0xc,
    0xc3, 0x2c, 0xff, 0xff, 0xff, 0xff, 0xc2, 0x3c, 0xc0, 0x0, 0x0, 0x0, 0x0, 0x0, 0x4f, 0xff,
    0xff, 0xf4, 0x0, 0x0, 0x0, 0x0, 0x0, 0x0, 0x0, 0x0, 0xf, 0xff, 0xff, 0xf0, 0x0, 0x0,
    0x0, 0x0, 0x0, 0x0, 0x0, 0x0, 0xf, 0xff, 0xff, 0xf0, 0x0, 0x0, 0x0, 0x0, 0x0, 0x0,
    0x0, 0x0, 0x4, 0x89, 0x98, 0x50, 0x0, 0x0, 0x0, 0x0, 0x0, 0x0, 0x0, 0x0, 0x0, 0x2,
    0xbe, 0xb1, 0x0, 0xc, 0xff, 0xc0, 0x0, 0x0, 0x0, 0x0, 0x0, 0x0, 0x4, 0xef, 0xff, 0xd3,
    0x0, 0xdf, 0xfd, 0x0, 0x0, 0x0, 0x0, 0x0, 0x0, 0x6, 0xff, 0xff, 0xff, 0xf5, 0xd, 0xff,
    0xd0, 0x0, 0x0, 0x0, 0x0, 0x0, 0x9, 0xff, 0xfe, 0x7e, 0xff, 0xf8, 0xdf, 0xfd, 0x0, 0x0,
    0x0, 0x0, 0x0, 0x1b, 0xff, 0xfc, 0x20, 0x2c, 0xff, 0xff, 0xff, 0xd0, 0x0, 0x0, 0x0, 0x0,
    0x2d, 0xff, 0xfa, 0x12, 0x92, 0x1a, 0xff, 0xff, 0xfd, 0x0, 0x0, 0x0, 0x0, 0x4e, 0xff, 0xf8,
    0x4, 0xef, 0xe4, 0x8, 0xff, 0xff, 0xd0, 0x0, 0x0, 0x0, 0x7f, 0xff, 0xe5, 0x6, 0xff, 0xff,
    0xf6, 0x5, 0xef, 0xff, 0x60, 0x0, 0x0, 0xaf, 0xff, 0xd3, 0x9, 0xff, 0xff, 0xff, 0xf9, 0x3,
    0xdf, 0xff, 0x90, 0x1, 0xcf, 0xff, 0xc1, 0x1b, 0xff, 0xff, 0xff, 0xff, 0xfb, 0x11, 0xcf, 0xff,
    0xc1, 0xdf, 0xff, 0xa0, 0x2d, 0xff, 0xff, 0xff, 0xff, 0xff, 0xfd, 0x20, 0xaf, 0xff, 0xd8, 0xff,
    0x70, 0x4e, 0xff, 0xff, 0xff, 0xff, 0xff, 0xff, 0xfe, 0x40, 0x7f, 0xf8, 0x8, 0x40, 0x5f, 0xff,
    0xff, 0xff, 0xff, 0xff, 0xff, 0xff, 0xff, 0x50, 0x48, 0x0, 0x0, 0x8, 0xff, 0xff, 0xff, 0xff,
    0xff, 0xff, 0xff, 0xff, 0xf8, 0x0, 0x0, 0x0, 0x0, 0x8f, 0xff, 0xff, 0xff, 0xff, 0xff, 0xff,
    0xff, 0xff, 0x80, 0x0, 0x0, 0x0, 0x8, 0xff, 0xff, 0xff, 0x60, 0x0, 0x6f, 0xff, 0xff, 0xf8,
    0x0, 0x0, 0x0, 0x0, 0x8f, 0xff, 0xff, 0xf4, 0x0, 0x4, 0xff, 0xff, 0xff, 0x80, 0x0, 0x0,
    0x0, 0x8, 0xff, 0xff, 0xff, 0x40, 0x0, 0x4f, 0xff, 0xff, 0xf8, 0x0, 0x0, 0x0, 0x0, 0x8f,
    0xff, 0xff, 0xf4, 0x0, 0x4, 0xff, 0xff, 0xff, 0x80, 0x0, 0x0, 0x0, 0x8, 0xff, 0xff, 0xff,
    0x40, 0x0, 0x4f, 0xff, 0xff, 0xf8, 0x0, 0x0, 0x0, 0x0, 0x5f, 0xff, 0xff, 0xe2, 0x0, 0x2,
    0xef, 0xff, 0xff, 0x50, 0x0, 0x0, 0x0, 0x0, 0x0, 0x0, 0x15, 0x67, 0x65, 0x10, 0x0, 0x0,
    0x0, 0x0, 0x0, 0x0, 0x5, 0xbf, 0xff, 0xff, 0xff, 0xc5, 0x0, 0x0, 0x0, 0x0, 0x0, 0x2b,
    0xff, 0xff, 0xff, 0xff, 0xff, 0xfc, 0x20, 0x0, 0x0, 0x0, 0x3e, 0xff, 0xff, 0xff, 0xff, 0xff,
    0xff, 0xfe, 0x40, 0x0, 0x0, 0x2e, 0xff, 0xff, 0xff, 0xff, 0xff, 0xff, 0xff, 0xfe, 0x30, 0x0,
    0x1d, 0xff, 0xff, 0xff, 0xf1, 0x1, 0xff, 0xff, 0xff, 0xfd, 0x10, 0x7, 0xff, 0xff, 0xff, 0xff,
    0x0, 0xe, 0xff, 0xff, 0xff, 0xf8, 0x1, 0xef, 0xff, 0xff, 0xff, 0xf0, 0x0, 0xef, 0xff, 0xff,
    0xff, 0xf1, 0x5f, 0xff, 0xff, 0xff, 0xff, 0x0, 0xe, 0xff, 0xff, 0xff, 0xff, 0x6a, 0xff, 0xff,
    0xff, 0xff, 0xf0, 0x0, 0xef, 0xff, 0xff, 0xff, 0xfa, 0xcf, 0xff, 0xff, 0xff, 0xff, 0x0, 0xe,
    0xff, 0xff, 0xff, 0xff, 0xdd, 0xff, 0xff, 0xff, 0xff, 0xf0, 0x0, 0xef, 0xff, 0xff, 0xff, 0xfe,
    0xef, 0xff, 0xff, 0xff, 0xff, 0x0, 0x5, 0xef, 0xff, 0xff, 0xff, 0xec, 0xff, 0xff, 0xff, 0xff,
    0xf1, 0x0, 0x2, 0xcf, 0xff, 0xff, 0xfd, 0xaf, 0xff, 0xff, 0xff, 0xff, 0xc2, 0x0, 0x0, 0xdf,
    0xff, 0xff, 0xb6, 0xff, 0xff, 0xff, 0xff, 0xff, 0xe5, 0x0, 0x3f, 0xff, 0xff, 0xf7, 0x2f, 0xff,
    0xff, 0xff, 0xff, 0xff, 0xf8, 0x1d, 0xff, 0xff, 0xff, 0x30, 0x9f, 0xff, 0xff, 0xff, 0xff, 0xff,
    0xff, 0xff, 0xff, 0xff, 0xa0, 0x2, 0xef, 0xff, 0xff, 0xff, 0xff, 0xff, 0xff, 0xff, 0xff, 0xe2,
    0x0, 0x5, 0xff, 0xff, 0xff, 0xff, 0xff, 0xff, 0xff, 0xff, 0xf5, 0x0, 0x0, 0x6, 0xff, 0xff,
    0xff, 0xff, 0xff, 0xff, 0xff, 0xf7, 0x0, 0x0, 0x0, 0x4, 0xef, 0xff, 0xff, 0xff, 0xff, 0xff,
    0xe5, 0x0, 0x0, 0x0, 0x0, 0x1, 0x9f, 0xff, 0xff, 0xff, 0xff, 0x91, 0x0, 0x0, 0x0, 0x0,
    0x0, 0x0, 0x15, 0x8a, 0xba, 0x95, 0x10, 0x0, 0x0, 0x0, 0x0, 0x0, 0x0, 0x0, 0x8, 0xcc,
    0xcc, 0x80, 0x0, 0x0, 0x0, 0x0, 0x0, 0x0, 0x0, 0x0, 0xf, 0xff, 0xff, 0xf0, 0x0, 0x0,
    0x0, 0x0, 0x0, 0x0, 0x0, 0x0, 0xf, 0xff, 0xff, 0xf0, 0x0, 0x0, 0x0, 0x0, 0x0, 0x0,
    0x0, 0x0, 0xf, 0xff, 0xff, 0xf0, 0x0, 0x0, 0x0, 0x0, 0x0, 0x0, 0x0, 0x0, 0xf, 0xff,
    0xff, 0xf0, 0x0, 0x0, 0x0, 0x0, 0x0, 0x0, 0x0, 0x0, 0xf, 0xff, 0xff, 0xf0, 0x0, 0x0,
    0x0, 0x0, 0x0, 0x0, 0x0, 0x0, 0xf, 0xff, 0xff, 0xf0, 0x0, 0x0, 0x0, 0x0, 0x0, 0x0,
    0x0, 0x0, 0xf, 0xff, 0xff, 0xf0, 0x0, 0x0, 0x0, 0x0, 0x0, 0x0, 0x0, 0x0, 0xf, 0xff,
    0xff, 0xf0, 0x0, 0x0, 0x0, 0x0, 0x0, 0x0, 0x9c, 0xcc, 0xcf, 0xff, 0xff, 0xfc, 0xcc, 0xc9,
    0x0, 0x0, 0x0, 0x0, 0xdf, 0xff, 0xff, 0xff, 0xff, 0xff, 0xff, 0xfd, 0x0, 0x0, 0x0, 0x0,
    0x2e, 0xff, 0xff, 0xff, 0xff, 0xff, 0xff, 0xe2, 0x0, 0x0, 0x0, 0x0, 0x2, 0xef, 0xff, 0xff,
    0xff, 0xff, 0xfe, 0x20, 0x0, 0x0, 0x0, 0x0, 0x0, 0x2e, 0xff, 0xff, 0xff, 0xff, 0xe2, 0x0,
    0x0, 0x0, 0x0, 0x0, 0x0, 0x2, 0xef, 0xff, 0xff, 0xfe, 0x20, 0x0, 0x0, 0x0, 0x0, 0x0,
    0x0, 0x0, 0x2e, 0xff, 0xff, 0xe2, 0x0, 0x0, 0x0, 0x0, 0x25, 0x55, 0x55, 0x55, 0x12, 0xef,
    0xfd, 0x21, 0x55, 0x55, 0x55, 0x52, 0xef, 0xff, 0xff, 0xff, 0xc1, 0x2d, 0xd2, 0x1c, 0xff, 0xff,
    0xff, 0xfe, 0xff, 0xff, 0xff, 0xff, 0xfc, 0x11, 0x11, 0xcf, 0xff, 0xff, 0xff, 0xff, 0xff, 0xff,
    0xff, 0xff, 0xff, 0xd7, 0x7d, 0xff, 0xff, 0xff, 0xff, 0xff, 0xff, 0xff, 0xff, 0xff, 0xff, 0xff,
    0xff, 0xff, 0xff, 0xff, 0xff, 0xff, 0xff, 0xff, 0xff, 0xff, 0xff, 0xff, 0xff, 0xff, 0x83, 0xf5,
    0x2e, 0xff, 0xff, 0xff, 0xff, 0xff, 0xff, 0xff, 0xff, 0xff, 0x95, 0xf7, 0x4f, 0xff, 0xbf, 0xff,
    0xff, 0xff, 0xff, 0xff, 0xff, 0xff, 0xff, 0xff, 0xff, 0xfb, 0x0, 0x0, 0x3, 0xcf, 0xff, 0xff,
    0xff, 0xff, 0xff, 0xff, 0xc3, 0x0, 0x0, 0x0, 0x0, 0x1, 0xef, 0xff, 0xff, 0xff, 0xff, 0xff,
    0xff, 0xff, 0xe1, 0x0, 0x0, 0x0, 0x0, 0xaf, 0xff, 0xff, 0xff, 0xff, 0xff, 0xff, 0xff, 0xff,
    0xa0, 0x0, 0x0, 0x0, 0x5f, 0xff, 0x40, 0x0, 0x0, 0x0, 0x0, 0x0, 0x4f, 0xff, 0x50, 0x0,
    0x0, 0x1e, 0xff, 0x90, 0x0, 0x0, 0x0, 0x0, 0x0, 0x0, 0x9f, 0xfe, 0x10, 0x0, 0xa, 0xff,
    0xd1, 0x0, 0x0, 0x0, 0x0, 0x0, 0x0, 0x1, 0xdf, 0xfa, 0x0, 0x5, 0xff, 0xf4, 0x0, 0x0,
    0x0, 0x0, 0x0, 0x0, 0x0, 0x4, 0xff, 0xf5, 0x1, 0xef, 0xf9, 0x0, 0x0, 0x0, 0x0, 0x0,
    0x0, 0x0, 0x0, 0x9, 0xff, 0xe1, 0xaf, 0xfd, 0x10, 0x0, 0x0, 0x0, 0x0, 0x0, 0x0, 0x0,
    0x0, 0x1d, 0xff, 0xaf, 0xff, 0xff, 0xff, 0xff, 0x90, 0x0, 0x0, 0x0, 0x9f, 0xff, 0xff, 0xff,
    0xff, 0xff, 0xff, 0xff, 0xff, 0xff, 0x20, 0x0, 0x0, 0x2f, 0xff, 0xff, 0xff, 0xff, 0xff, 0xff,
    0xff, 0xff, 0xff, 0xf9, 0x0, 0x0, 0x9, 0xff, 0xff, 0xff, 0xff, 0xff, 0xff, 0xff, 0xff, 0xff,
    0xff, 0xff, 0xff, 0xff, 0xff, 0xff, 0xff, 0xff, 0xff, 0xff, 0xff, 0xff, 0xff, 0xff, 0xff, 0xff,
    0xff, 0xff, 0xff, 0xff, 0xff, 0xff, 0xff, 0xff, 0xff, 0xff, 0xff, 0xff, 0xff, 0xff, 0xff, 0xff,
    0xff, 0xff, 0xff, 0xff, 0xff, 0xff, 0xff, 0xff, 0xff, 0xff, 0xff, 0xff, 0xff, 0xff, 0xff, 0xff,
    0xff, 0xff, 0xcf, 0xff, 0xff, 0xff, 0xff, 0xff, 0xff, 0xff, 0xff, 0xff, 0xff, 0xff, 0xff, 0xc3,
    0xcf, 0xff, 0xff, 0xff, 0xff, 0xff, 0xff, 0xff, 0xff, 0xff, 0xff, 0xff, 0xc3, 0x0, 0x0, 0x0,
    0x0, 0x0, 0x0, 0x0, 0x0, 0x0, 0x0, 0x4, 0x54, 0x0, 0x0, 0x0, 0x0, 0x2, 0x45, 0x53,
    0x0, 0x0, 0x0, 0x5f, 0xff, 0x0, 0x0, 0x0, 0x18, 0xdf, 0xff, 0xff, 0xfb, 0x50, 0x0, 0x4f,
    0xff, 0x0, 0x0, 0x7, 0xef, 0xff, 0xff, 0xff, 0xff, 0xfd, 0x50, 0x4f, 0xff, 0x0, 0x1, 0xbf,
    0xff, 0xff, 0xff, 0xff, 0xff, 0xff, 0xf9, 0x3f, 0xff, 0x0, 0x1c, 0xff, 0xff, 0xc6, 0x21, 0x13,
    0x7c, 0xff, 0xff, 0xcf, 0xff, 0x0, 0xaf, 0xff, 0xe5, 0x0, 0x0, 0x0, 0x0, 0x5d, 0xff, 0xff,
    0xff, 0x4, 0xff, 0xfd, 0x20, 0x0, 0x0, 0x0, 0x21, 0x1, 0xbf, 0xff, 0xff, 0xc, 0xff, 0xe2,
    0x0, 0x0, 0x0, 0x7, 0xff, 0xff, 0xef, 0xff, 0xff, 0x2f, 0xff, 0x70, 0x0, 0x0, 0x0, 0x8,
    0xff, 0xff, 0xff, 0xff, 0xff, 0x6f, 0xff, 0x10, 0x0, 0x0, 0x0, 0x7, 0xff, 0xff, 0xff, 0xff,
    0xff, 0x3, 0x32, 0x0, 0x0, 0x0, 0x0, 0x0, 0x33, 0x33, 0x33, 0x33, 0x32, 0x0, 0x0, 0x0,
    0x0, 0x0, 0x0, 0x0, 0x0, 0x0, 0x0, 0x0, 0x0, 0x0, 0x0, 0x0, 0x0, 0x0, 0x0, 0x0,
    0x0, 0x0, 0x0, 0x0, 0x0, 0x24, 0x44, 0x44, 0x44, 0x43, 0x10, 0x0, 0x0, 0x0, 0x0, 0x34,
    0x30, 0xff, 0xff, 0xff, 0xff, 0xff, 0x70, 0x0, 0x0, 0x0, 0x2, 0xff, 0xf5, 0xff, 0xff, 0xff,
    0xff, 0xff, 0x80, 0x0, 0x0, 0x0, 0x8, 0xff, 0xf1, 0xff, 0xff, 0xfe, 0xef, 0xff, 0x70, 0x0,
    0x0, 0x0, 0x3f, 0xff, 0xb0, 0xff, 0xff, 0xfb, 0x10, 0x1, 0x0, 0x0, 0x0, 0x3, 0xdf, 0xff,
    0x40, 0xff, 0xff, 0xff, 0xd4, 0x0, 0x0, 0x0, 0x0, 0x6e, 0xff, 0xf9, 0x0, 0xff, 0xfc, 0xff,
    0xff, 0xc7, 0x31, 0x12, 0x6c, 0xff, 0xff, 0xc1, 0x0, 0xff, 0xf3, 0xaf, 0xff, 0xff, 0xff, 0xff,
    0xff, 0xff, 0xfb, 0x10, 0x0, 0xff, 0xf3, 0x5, 0xdf, 0xff, 0xff, 0xff, 0xff, 0xfe, 0x70, 0x0,
    0x0, 0xff, 0xf4, 0x0, 0x5, 0xbf, 0xff, 0xff, 0xfd, 0x81, 0x0, 0x0, 0x0, 0xff, 0xf4, 0x0,
    0x0, 0x1, 0x45, 0x54, 0x20, 0x0, 0x0, 0x0, 0x0, 0x34, 0x40, 0x0, 0x0, 0x0, 0x0, 0x0,
    0x0, 0x0, 0x0, 0x0, 0x0, 0x0, 0x0, 0x0, 0x0, 0x0, 0x54, 0x0, 0x0, 0x0, 0x0, 0x9,
    0xfe, 0x0, 0x0, 0x0, 0x0, 0x9f, 0xff, 0x0, 0x0, 0x0, 0x9, 0xff, 0xff, 0x0, 0x0, 0x0,
    0x9f, 0xff, 0xff, 0xbf, 0xff, 0xff, 0xff, 0xff, 0xff, 0xff, 0xff, 0xff, 0xff, 0xff, 0xff, 0xff,
    0xff, 0xff, 0xff, 0xff, 0xff, 0xff, 0xff, 0xff, 0xff, 0xff, 0xff, 0xff, 0xff, 0xff, 0xff, 0xff,
    0xff, 0xff, 0xff, 0xff, 0xff, 0xff, 0xff, 0xff, 0xff, 0xff, 0xff, 0xff, 0xff, 0xff, 0xff, 0xff,
    0xff, 0xff, 0xff, 0xbf, 0xff, 0xff, 0xff, 0xff, 0xff, 0x0, 0x0, 0x0, 0x9f, 0xff, 0xff, 0x0,
    0x0, 0x0, 0x9, 0xff, 0xff, 0x0, 0x0, 0x0, 0x0, 0x9f, 0xff, 0x0, 0x0, 0x0, 0x0, 0x9,
    0xfe, 0x0, 0x0, 0x0, 0x0, 0x0, 0x54, 0x0, 0x0, 0x0, 0x0, 0x0, 0x54, 0x0, 0x0, 0x0,
    0x0, 0x0, 0x0, 0x0, 0x9, 0xfe, 0x0, 0x0, 0x0, 0x0, 0x0, 0x0, 0x0, 0x9f, 0xff, 0x0,
    0x0, 0x0, 0x0, 0x0, 0x0, 0x9, 0xff, 0xff, 0x0, 0x0, 0x0, 0x0, 0x0, 0x0, 0x9f, 0xff,
    0xff, 0x0, 0x0, 0x0, 0xbf, 0xff, 0xff, 0xff, 0xff, 0xff, 0x0, 0x4a, 0x20, 0xff, 0xff, 0xff,
    0xff, 0xff, 0xff, 0x0, 0xaf, 0xe2, 0xff, 0xff, 0xff, 0xff, 0xff, 0xff, 0x0, 0x2d, 0xfa, 0xff,
    0xff, 0xff, 0xff, 0xff, 0xff, 0x0, 0x5, 0xfe, 0xff, 0xff, 0xff, 0xff, 0xff, 0xff, 0x0, 0x4,
    0xfe, 0xff, 0xff, 0xff, 0xff, 0xff, 0xff, 0x0, 0x2d, 0xfb, 0xff, 0xff, 0xff, 0xff, 0xff, 0xff,
    0x0, 0xaf, 0xf3, 0xff, 0xff, 0xff, 0xff, 0xff, 0xff, 0x0, 0x4b, 0x40, 0xbf, 0xff, 0xff, 0xff,
    0xff, 0xff, 0x0, 0x0, 0x0, 0x0, 0x0, 0x0, 0x9f, 0xff, 0xff, 0x0, 0x0, 0x0, 0x0, 0x0,
    0x0, 0x9, 0xff, 0xff, 0x0, 0x0, 0x0, 0x0, 0x0, 0x0, 0x0, 0x9f, 0xff, 0x0, 0x0, 0x0,
    0x0, 0x0, 0x0, 0x0, 0x9, 0xfe, 0x0, 0x0, 0x0, 0x0, 0x0, 0x0, 0x0, 0x0, 0x54, 0x0,
    0x0, 0x0, 0x0, 0x0, 0x0, 0x0, 0x0, 0x0, 0x0, 0x0, 0x0, 0x0, 0x30, 0x0, 0x0, 0x0,
    0x0, 0x0, 0x0, 0x0, 0x0, 0x0, 0x0, 0x0, 0x0, 0x8f, 0xb1, 0x0, 0x0, 0x0, 0x0, 0x0,
    0x0, 0x0, 0x0, 0x0, 0x0, 0x0, 0x6, 0xff, 0xd2, 0x0, 0x0, 0x0, 0x0, 0x0, 0x0, 0x5,
    0x40, 0x0, 0x0, 0x0, 0x5, 0xff, 0xd1, 0x0, 0x0, 0x0, 0x0, 0x0, 0x9, 0xfe, 0x0, 0x0,
    0x17, 0x20, 0x4, 0xef, 0xb0, 0x0, 0x0, 0x0, 0x0, 0x9, 0xff, 0xf0, 0x0, 0x7, 0xfe, 0x40,
    0x6, 0xff, 0x50, 0x0, 0x0, 0x0, 0x9, 0xff, 0xff, 0x0, 0x0, 0x2d, 0xff, 0x30, 0xb, 0xfc,
    0x0, 0x0, 0x0, 0x9, 0xff, 0xff, 0xf0, 0x0, 0x0, 0x1c, 0xfd, 0x10, 0x3f, 0xf3, 0xbf, 0xff,
    0xff, 0xff, 0xff, 0xff, 0x0, 0x4a, 0x30, 0x2e, 0xf7, 0x0, 0xbf, 0x8f, 0xff, 0xff, 0xff, 0xff,
    0xff, 0xf0, 0xa, 0xfe, 0x20, 0x8f, 0xc0, 0x7, 0xfb, 0xff, 0xff, 0xff, 0xff, 0xff, 0xff, 0x0,
    0x2d, 0xfa, 0x3, 0xff, 0x0, 0x4f, 0xef, 0xff, 0xff, 0xff, 0xff, 0xff, 0xf0, 0x0, 0x4f, 0xe0,
    0x1f, 0xf2, 0x3, 0xff, 0xff, 0xff, 0xff, 0xff, 0xff, 0xff, 0x0, 0x4, 0xfe, 0x1, 0xff, 0x20,
    0x3f, 0xff, 0xff, 0xff, 0xff, 0xff, 0xff, 0xf0, 0x2, 0xdf, 0xa0, 0x3f, 0xf0, 0x4, 0xfe, 0xff,
    0xff, 0xff, 0xff, 0xff, 0xff, 0x0, 0xaf, 0xe3, 0x8, 0xfc, 0x0, 0x7f, 0xbf, 0xff, 0xff, 0xff,
    0xff, 0xff, 0xf0, 0x4, 0xa3, 0x2, 0xef, 0x70, 0xc, 0xf8, 0xbf, 0xff, 0xff, 0xff, 0xff, 0xff,
    0x0, 0x0, 0x1, 0xcf, 0xd1, 0x3, 0xff, 0x30, 0x0, 0x0, 0x9, 0xff, 0xff, 0xf0, 0x0, 0x2,
    0xdf, 0xf4, 0x0, 0xaf, 0xc0, 0x0, 0x0, 0x0, 0x9, 0xff, 0xff, 0x0, 0x0, 0x7f, 0xe4, 0x0,
    0x5f, 0xf5, 0x0, 0x0, 0x0, 0x0, 0x9, 0xff, 0xf0, 0x0, 0x1, 0x72, 0x0, 0x3e, 0xfb, 0x0,
    0x0, 0x0, 0x0, 0x0, 0x9, 0xfe, 0x0, 0x0, 0x0, 0x0, 0x5e, 0xfd, 0x10, 0x0, 0x0, 0x0,
    0x0, 0x0, 0x5, 0x40, 0x0, 0x0, 0x0, 0x6f, 0xfd, 0x20, 0x0, 0x0, 0x0, 0x0, 0x0, 0x0,
    0x0, 0x0, 0x0, 0x0, 0x8, 0xfb, 0x10, 0x0, 0x0, 0x0, 0x0, 0x0, 0x0, 0x0, 0x0, 0x0,
    0x0, 0x0, 0x3, 0x0, 0x0, 0x0, 0x3c, 0xff, 0xff, 0xff, 0xff, 0xff, 0xff, 0xff, 0xff, 0xff,
    0xff, 0xc3, 0xcf, 0xff, 0xff, 0xff, 0xff, 0xff, 0xff, 0xff, 0xff, 0xff, 0xff, 0xfc, 0xff, 0xff,
    0xca, 0xef, 0xff, 0xff, 0xff, 0xff, 0xff, 0xff, 0xff, 0xff, 0xff, 0xf6, 0x0, 0x1c, 0xff, 0xff,
    0xff, 0xff, 0xff, 0xff, 0xff, 0xff, 0xff, 0xc0, 0x0, 0x4, 0xff, 0xff, 0xff, 0xff, 0xff, 0xff,
    0xff, 0xff, 0xff, 0xa0, 0x0, 0x3, 0xff, 0xff, 0xff, 0xff, 0x9f, 0xff, 0xff, 0xff, 0xff, 0xe1,
    0x0, 0x8, 0xff, 0xff, 0xff, 0xf4, 0x4, 0xff, 0xff, 0xff, 0xff, 0xfc, 0x43, 0x8f, 0xff, 0xff,
    0xff, 0x40, 0x0, 0x4f, 0xff, 0xff, 0xff, 0xff, 0xff, 0xff, 0xff, 0xff, 0xf4, 0x0, 0x0, 0x4,
    0xff, 0xff, 0xff, 0xff, 0xff, 0x6b, 0xff, 0xff, 0x40, 0x0, 0x0, 0x0, 0x4f, 0xff, 0xff, 0xff,
    0xf4, 0x0, 0xbf, 0xf4, 0x0, 0x0, 0x0, 0x0, 0xf, 0xff, 0xff, 0xff, 0x40, 0x0, 0xa, 0x40,
    0x0, 0x0, 0x0, 0x0, 0xf, 0xff, 0xff, 0xf4, 0x0, 0x0, 0x0, 0x0, 0x0, 0x0, 0x0, 0x0,
    0xf, 0xff, 0xff, 0xf0, 0x0, 0x0, 0x0, 0x0, 0x0, 0x0, 0x0, 0x0, 0xf, 0xff, 0xff, 0xf0,
    0x0, 0x0, 0x0, 0x0, 0x0, 0x0, 0x0, 0x0, 0xf, 0xff, 0xff, 0xff, 0xff, 0xff, 0xff, 0xff,
    0xff, 0xff, 0xff, 0xff, 0xff, 0xff, 0xcf, 0xff, 0xff, 0xff, 0xff, 0xff, 0xff, 0xff, 0xff, 0xff,
    0xff, 0xfc, 0x3c, 0xff, 0xff, 0xff, 0xff, 0xff, 0xff, 0xff, 0xff, 0xff, 0xff, 0xc3, 0x0, 0x0,
    0x0, 0x1d, 0xd1, 0x0, 0x0, 0x0, 0x0, 0x0, 0x0, 0x7f, 0xf7, 0x0, 0x0, 0x0, 0x0, 0x0,
    0x0, 0xdf, 0xfd, 0x0, 0x0, 0x0, 0x0, 0x0, 0x3, 0xff, 0xff, 0x30, 0x0, 0x0, 0x0, 0x0,
    0xa, 0xff, 0xff, 0xa0, 0x0, 0x0, 0x0, 0x0, 0x3f, 0xff, 0xff, 0xf3, 0x0, 0x0, 0x0, 0x0,
    0xbf, 0xff, 0xff, 0xfb, 0x0, 0x0, 0x0, 0x5, 0xff, 0xff, 0xff, 0xff, 0x50, 0x0, 0x0, 0x1e,
    0xff, 0xff, 0xff, 0xff, 0xe1, 0x0, 0x0, 0xaf, 0xff, 0xff, 0xff, 0xff, 0xfb, 0x0, 0x5, 0xff,
    0xff, 0xff, 0xff, 0xff, 0xff, 0x60, 0xd, 0xff, 0xff, 0xff, 0xff, 0xff, 0xff, 0xd0, 0x5f, 0xff,
    0xff, 0xff, 0xff, 0xff, 0xff, 0xf5, 0xaf, 0xff, 0xff, 0xff, 0xff, 0xff, 0xff, 0xfa, 0xdf, 0xff,
    0xff, 0xff, 0xff, 0xff, 0xff, 0xfd, 0xff, 0xf3, 0xff, 0xff, 0xff, 0xff, 0xff, 0xff, 0xef, 0xf1,
    0xef, 0xff, 0xff, 0xff, 0xff, 0xfe, 0xcf, 0xf4, 0x8f, 0xff, 0xff, 0xff, 0xff, 0xfc, 0x8f, 0xfb,
    0x1b, 0xff, 0xff, 0xff, 0xff, 0xf8, 0x2f, 0xff, 0x80, 0x47, 0xdf, 0xff, 0xff, 0xf2, 0x7, 0xff,
    0xfa, 0x31, 0xaf, 0xff, 0xff, 0x70, 0x0, 0xaf, 0xff, 0xff, 0xff, 0xff, 0xfa, 0x0, 0x0, 0x8,
    0xff, 0xff, 0xff, 0xff, 0x80, 0x0, 0x0, 0x0, 0x29, 0xde, 0xed, 0x92, 0x0, 0x0, 0x0, 0x0,
    0x0, 0x0, 0x0, 0x0, 0x0, 0xe, 0xff, 0x50, 0x0, 0x0, 0x0, 0x9, 0xf8, 0xff, 0xf6, 0x0,
    0x0, 0x0, 0xa, 0xff, 0xff, 0xff, 0x60, 0x0, 0x0, 0x1b, 0xff, 0xff, 0xff, 0xf6, 0x0, 0x0,
    0x1c, 0xff, 0xff, 0xff, 0xff, 0x60, 0x0, 0x2d, 0xff, 0xff, 0xff, 0xff, 0xf6, 0x0, 0x2d, 0xff,
    0xff, 0xff, 0xff, 0xff, 0x60, 0x3e, 0xff, 0xff, 0xff, 0xff, 0xff, 0xf6, 0x4e, 0xff, 0xff, 0xff,
    0xff, 0xff, 0xff, 0xaf, 0xff, 0xff, 0xff, 0xff, 0xff, 0xff, 0xff, 0xff, 0xff, 0xff, 0xff, 0xff,
    0xff, 0xff, 0xff, 0xff, 0xff, 0xff, 0xff, 0xff, 0xff, 0xff, 0xff, 0xff, 0xff, 0xff, 0xff, 0xff,
    0xff, 0xbf, 0xff, 0xff, 0xff, 0xff, 0xff, 0xff, 0xf6, 0x4e, 0xff, 0xff, 0xff, 0xff, 0xff, 0xff,
    0x60, 0x3e, 0xff, 0xff, 0xff, 0xff, 0xff, 0xf6, 0x0, 0x3d, 0xff, 0xff, 0xff, 0xff, 0xff, 0x60,
    0x0, 0x2d, 0xff, 0xff, 0xff, 0xff, 0xf6, 0x0, 0x0, 0x1c, 0xff, 0xff, 0xff, 0xff, 0x60, 0x0,
    0x0, 0x1b, 0xff, 0xff, 0xff, 0xf6, 0x0, 0x0, 0x0, 0xa, 0xff, 0xfe, 0xff, 0x50, 0x0, 0x0,
    0x0, 0x9, 0xf8, 0x0, 0x0, 0x0, 0x0, 0x0, 0x0, 0x0, 0x0, 0x3d, 0xf9, 0x10, 0x0, 0x0,
    0x0, 0x0, 0x0, 0x0, 0x0, 0xd, 0xff, 0xfe, 0x60, 0x0, 0x0, 0x0, 0x0, 0x0, 0x0, 0x0,
    0xff, 0xff, 0xff, 0xc4, 0x0, 0x0, 0x0, 0x0, 0x0, 0x0, 0xf, 0xff, 0xff, 0xff, 0xfa, 0x20,
    0x0, 0x0, 0x0, 0x0, 0x0, 0xff, 0xff, 0xff, 0xff, 0xfe, 0x70, 0x0, 0x0, 0x0, 0x0, 0xf,
    0xff, 0xff, 0xff, 0xff, 0xff, 0xd4, 0x0, 0x0, 0x0, 0x0, 0xff, 0xff, 0xff, 0xff, 0xff, 0xff,
    0xfa, 0x20, 0x0, 0x0, 0xf, 0xff, 0xff, 0xff, 0xff, 0xff, 0xff, 0xff, 0x81, 0x0, 0x0, 0xff,
    0xff, 0xff, 0xff, 0xff, 0xff, 0xff, 0xff, 0xd5, 0x0, 0xf, 0xff, 0xff, 0xff, 0xff, 0xff, 0xff,
    0xff, 0xff, 0xfb, 0x20, 0xff, 0xff, 0xff, 0xff, 0xff, 0xff, 0xff, 0xff, 0xff, 0xff, 0x6f, 0xff,
    0xff, 0xff, 0xff, 0xff, 0xff, 0xff, 0xff, 0xff, 0xfe, 0xff, 0xff, 0xff, 0xff, 0xff, 0xff, 0xff,
    0xff, 0xff, 0xff, 0xef, 0xff, 0xff, 0xff, 0xff, 0xff, 0xff, 0xff, 0xff, 0xff, 0xf6, 0xff, 0xff,
    0xff, 0xff, 0xff, 0xff, 0xff, 0xff, 0xff, 0xb2, 0xf, 0xff, 0xff, 0xff, 0xff, 0xff, 0xff, 0xff,
    0xfd, 0x50, 0x0, 0xff, 0xff, 0xff, 0xff, 0xff, 0xff, 0xff, 0xf8, 0x10, 0x0, 0xf, 0xff, 0xff,
    0xff, 0xff, 0xff, 0xff, 0xa2, 0x0, 0x0, 0x0, 0xff, 0xff, 0xff, 0xff, 0xff, 0xfd, 0x40, 0x0,
    0x0, 0x0, 0xf, 0xff, 0xff, 0xff, 0xff, 0xe7, 0x0, 0x0, 0x0, 0x0, 0x0, 0xff, 0xff, 0xff,
    0xff, 0xa2, 0x0, 0x0, 0x0, 0x0, 0x0, 0xf, 0xff, 0xff, 0xfc, 0x40, 0x0, 0x0, 0x0, 0x0,
    0x0, 0x0, 0xdf, 0xff, 0xe6, 0x0, 0x0, 0x0, 0x0, 0x0, 0x0, 0x0, 0x3, 0xde, 0x91, 0x0,
    0x0, 0x0, 0x0, 0x0, 0x0, 0x0, 0x0, 0x3c, 0xff, 0xff, 0xfc, 0x30, 0x0, 0x3c, 0xff, 0xff,
    0xfc, 0x3c, 0xff, 0xff, 0xff, 0xfc, 0x0, 0xc, 0xff, 0xff, 0xff, 0xfc, 0xff, 0xff, 0xff, 0xff,
    0xf0, 0x0, 0xff, 0xff, 0xff, 0xff, 0xff, 0xff, 0xff, 0xff, 0xff, 0x0, 0xf, 0xff, 0xff, 0xff,
    0xff, 0xff, 0xff, 0xff, 0xff, 0xf0, 0x0, 0xff, 0xff, 0xff, 0xff, 0xff, 0xff, 0xff, 0xff, 0xff,
    0x0, 0xf, 0xff, 0xff, 0xff, 0xff, 0xff, 0xff, 0xff, 0xff, 0xf0, 0x0, 0xff, 0xff, 0xff, 0xff,
    0xff, 0xff, 0xff, 0xff, 0xff, 0x0, 0xf, 0xff, 0xff, 0xff, 0xff, 0xff, 0xff, 0xff, 0xff, 0xf0,
    0x0, 0xff, 0xff, 0xff, 0xff, 0xff, 0xff, 0xff, 0xff, 0xff, 0x0, 0xf, 0xff, 0xff, 0xff, 0xff,
    0xff, 0xff, 0xff, 0xff, 0xf0, 0x0, 0xff, 0xff, 0xff, 0xff, 0xff, 0xff, 0xff, 0xff, 0xff, 0x0,
    0xf, 0xff, 0xff, 0xff, 0xff, 0xff, 0xff, 0xff, 0xff, 0xf0, 0x0, 0xff, 0xff, 0xff, 0xff, 0xff,
    0xff, 0xff, 0xff, 0xff, 0x0, 0xf, 0xff, 0xff, 0xff, 0xff, 0xff, 0xff, 0xff, 0xff, 0xf0, 0x0,
    0xff, 0xff, 0xff, 0xff, 0xff, 0xff, 0xff, 0xff, 0xff, 0x0, 0xf, 0xff, 0xff, 0xff, 0xff, 0xff,
    0xff, 0xff, 0xff, 0xf0, 0x0, 0xff, 0xff, 0xff, 0xff, 0xff, 0xff, 0xff, 0xff, 0xff, 0x0, 0xf,
    0xff, 0xff, 0xff, 0xff, 0xff, 0xff, 0xff, 0xff, 0xf0, 0x0, 0xff, 0xff, 0xff, 0xff, 0xfc, 0xff,
    0xff, 0xff, 0xfc, 0x0, 0xc, 0xff, 0xff, 0xff, 0xfc, 0x3c, 0xff, 0xff, 0xfc, 0x30, 0x0, 0x3c,
    0xff, 0xff, 0xfc, 0x30, 0x3c, 0xff, 0xff, 0xff, 0xff, 0xff, 0xff, 0xff, 0xff, 0xfc, 0x3c, 0xff,
    0xff, 0xff, 0xff, 0xff, 0xff, 0xff, 0xff, 0xff, 0xfc, 0xff, 0xff, 0xff, 0xff, 0xff, 0xff, 0xff,
    0xff, 0xff, 0xff, 0xff, 0xff, 0xff, 0xff, 0xff, 0xff, 0xff, 0xff, 0xff, 0xff, 0xff, 0xff, 0xff,
    0xff, 0xff, 0xff, 0xff, 0xff, 0xff, 0xff, 0xff, 0xff, 0xff, 0xff, 0xff, 0xff, 0xff, 0xff, 0xff,
    0xff, 0xff, 0xff, 0xff, 0xff, 0xff, 0xff, 0xff, 0xff, 0xff, 0xff, 0xff, 0xff, 0xff, 0xff, 0xff,
    0xff, 0xff, 0xff, 0xff, 0xff, 0xff, 0xff, 0xff, 0xff, 0xff, 0xff, 0xff, 0xff, 0xff, 0xff, 0xff,
    0xff, 0xff, 0xff, 0xff, 0xff, 0xff, 0xff, 0xff, 0xff, 0xff, 0xff, 0xff, 0xff, 0xff, 0xff, 0xff,
    0xff, 0xff, 0xff, 0xff, 0xff, 0xff, 0xff, 0xff, 0xff, 0xff, 0xff, 0xff, 0xff, 0xff, 0xff, 0xff,
    0xff, 0xff, 0xff, 0xff, 0xff, 0xff, 0xff, 0xff, 0xff, 0xff, 0xff, 0xff, 0xff, 0xff, 0xff, 0xff,
    0xff, 0xff, 0xff, 0xff, 0xff, 0xff, 0xff, 0xff, 0xff, 0xff, 0xff, 0xff, 0xff, 0xff, 0xff, 0xff,
    0xff, 0xff, 0xff, 0xff, 0xff, 0xff, 0xff, 0xff, 0xff, 0xff, 0xff, 0xff, 0xff, 0xff, 0xff, 0xff,
    0xff, 0xff, 0xff, 0xff, 0xff, 0xff, 0xff, 0xff, 0xff, 0xff, 0xff, 0xff, 0xff, 0xff, 0xff, 0xff,
    0xff, 0xff, 0xff, 0xff, 0xff, 0xff, 0xff, 0xff, 0xff, 0xff, 0xff, 0xfc, 0xff, 0xff, 0xff, 0xff,
    0xff, 0xff, 0xff, 0xff, 0xff, 0xfc, 0x3c, 0xff, 0xff, 0xff, 0xff, 0xff, 0xff, 0xff, 0xff, 0xfc,
    0x30, 0x0, 0x0, 0x0, 0x0, 0x0, 0x0, 0x0, 0x8, 0xf9, 0x0, 0x0, 0x0, 0x0, 0x5f, 0xfe,
    0xff, 0xfa, 0x0, 0x0, 0x0, 0x6, 0xff, 0xff, 0xff, 0xfb, 0x10, 0x0, 0x0, 0x6f, 0xff, 0xff,
    0xff, 0xfc, 0x10, 0x0, 0x6, 0xff, 0xff, 0xff, 0xff, 0xfd, 0x20, 0x0, 0x6f, 0xff, 0xff, 0xff,
    0xff, 0xfd, 0x30, 0x6, 0xff, 0xff, 0xff, 0xff, 0xff, 0xfe, 0x30, 0x6f, 0xff, 0xff, 0xff, 0xff,
    0xff, 0xfe, 0x46, 0xff, 0xff, 0xff, 0xff, 0xff, 0xff, 0xff, 0xbf, 0xff, 0xff, 0xff, 0xff, 0xff,
    0xff, 0xff, 0xff, 0xff, 0xff, 0xff, 0xff, 0xff, 0xff, 0xff, 0xff, 0xff, 0xff, 0xff, 0xff, 0xff,
    0xff, 0xff, 0xff, 0xff, 0xff, 0xff, 0xff, 0xff, 0xaf, 0xff, 0xff, 0xff, 0xff, 0xff, 0xfe, 0x46,
    0xff, 0xff, 0xff, 0xff, 0xff, 0xfe, 0x30, 0x6f, 0xff, 0xff, 0xff, 0xff, 0xfd, 0x20, 0x6, 0xff,
    0xff, 0xff, 0xff, 0xfd, 0x20, 0x0, 0x6f, 0xff, 0xff, 0xff, 0xfc, 0x10, 0x0, 0x6, 0xff, 0xff,
    0xff, 0xfb, 0x10, 0x0, 0x0, 0x6f, 0xff, 0xff, 0xfa, 0x0, 0x0, 0x0, 0x6, 0xff, 0xf8, 0xf9,
    0x0, 0x0, 0x0, 0x0, 0x5f, 0xfe, 0x0, 0x0, 0x0, 0x0, 0x0, 0x0, 0x0, 0x0, 0x0, 0x0,
    0x0, 0x0, 0x3, 0x73, 0x0, 0x0, 0x0, 0x0, 0x0, 0x0, 0x0, 0x0, 0x6, 0xff, 0xf6, 0x0,
    0x0, 0x0, 0x0, 0x0, 0x0, 0x0, 0x5, 0xff, 0xff, 0xf4, 0x0, 0x0, 0x0, 0x0, 0x0, 0x0,
    0x4, 0xef, 0xff, 0xff, 0xe4, 0x0, 0x0, 0x0, 0x0, 0x0, 0x3, 0xef, 0xff, 0xff, 0xff, 0xe3,
    0x0, 0x0, 0x0, 0x0, 0x2, 0xef, 0xff, 0xff, 0xff, 0xff, 0xe2, 0x0, 0x0, 0x0, 0x1, 0xdf,
    0xff, 0xff, 0xff, 0xff, 0xff, 0xd1, 0x0, 0x0, 0x1, 0xcf, 0xff, 0xff, 0xff, 0xff, 0xff, 0xff,
    0xc1, 0x0, 0x0, 0xbf, 0xff, 0xff, 0xff, 0xff, 0xff, 0xff, 0xff, 0xb0, 0x0, 0xaf, 0xff, 0xff,
    0xff, 0xff, 0xff, 0xff, 0xff, 0xff, 0xa0, 0x8f, 0xff, 0xff, 0xff, 0xff, 0xff, 0xff, 0xff, 0xff,
    0xff, 0x8e, 0xff, 0xff, 0xff, 0xff, 0xff, 0xff, 0xff, 0xff, 0xff, 0xfe, 0xcf, 0xff, 0xff, 0xff,
    0xff, 0xff, 0xff, 0xff, 0xff, 0xff, 0xc3, 0xdf, 0xff, 0xff, 0xff, 0xff, 0xff, 0xff, 0xff, 0xff,
    0xd3, 0x0, 0x0, 0x0, 0x0, 0x0, 0x0, 0x0, 0x0, 0x0, 0x0, 0x0, 0x0, 0x0, 0x0, 0x0,
    0x0, 0x0, 0x0, 0x0, 0x0, 0x0, 0x8f, 0xff, 0xff, 0xff, 0xff, 0xff, 0xff, 0xff, 0xff, 0xff,
    0x8f, 0xff, 0xff, 0xff, 0xff, 0xff, 0xff, 0xff, 0xff, 0xff, 0xff, 0xff, 0xff, 0xff, 0xff, 0xff,
    0xff, 0xff, 0xff, 0xff, 0xff, 0xff, 0xff, 0xff, 0xff, 0xff, 0xff, 0xff, 0xff, 0xff, 0xff, 0xff,
    0xff, 0xff, 0xff, 0xff, 0xff, 0xff, 0xff, 0xff, 0xff, 0xff, 0xf8, 0xff, 0xff, 0xff, 0xff, 0xff,
    0xff, 0xff, 0xff, 0xff, 0xf8, 0x0, 0x0, 0x0, 0x0, 0x0, 0x30, 0x0, 0x0, 0x0, 0x0, 0x0,
    0xaf, 0xa0, 0x0, 0x0, 0x0, 0x0, 0xaf, 0xff, 0x80, 0x0, 0x0, 0x0, 0xaf, 0xff, 0xf8, 0x0,
    0x0, 0x0, 0xaf, 0xff, 0xf9, 0x0, 0x0, 0x0, 0xaf, 0xff, 0xf9, 0x0, 0x0, 0x0, 0xaf, 0xff,
    0xf9, 0x0, 0x0, 0x0, 0xaf, 0xff, 0xf9, 0x0, 0x0, 0x0, 0xaf, 0xff, 0xf9, 0x0, 0x0, 0x0,
    0xaf, 0xff, 0xf9, 0x0, 0x0, 0x0, 0x8f, 0xff, 0xf9, 0x0, 0x0, 0x0, 0x8, 0xff, 0xff, 0x90,
    0x0, 0x0, 0x0, 0xa, 0xff, 0xff, 0x90, 0x0, 0x0, 0x0, 0xa, 0xff, 0xff, 0x90, 0x0, 0x0,
    0x0, 0xa, 0xff, 0xff, 0x90, 0x0, 0x0, 0x0, 0xa, 0xff, 0xff, 0x90, 0x0, 0x0, 0x0, 0xa,
    0xff, 0xff, 0x90, 0x0, 0x0, 0x0, 0xa, 0xff, 0xff, 0x90, 0x0, 0x0, 0x0, 0xa, 0xff, 0xff,
    0x80, 0x0, 0x0, 0x0, 0xa, 0xff, 0xf8, 0x0, 0x0, 0x0, 0x0, 0xa, 0xfa, 0x0, 0x0, 0x0,
    0x0, 0x0, 0x3, 0x0, 0x0, 0x30, 0x0, 0x0, 0x0, 0x0, 0x0, 0xaf, 0xa0, 0x0, 0x0, 0x0,
    0x0, 0x8f, 0xff, 0xa0, 0x0, 0x0, 0x0, 0x8, 0xff, 0xff, 0xa0, 0x0, 0x0, 0x0, 0xa, 0xff,
    0xff, 0xa0, 0x0, 0x0, 0x0, 0xa, 0xff, 0xff, 0xa0, 0x0, 0x0, 0x0, 0xa, 0xff, 0xff, 0xa0,
    0x0, 0x0, 0x0, 0xa, 0xff, 0xff, 0xa0, 0x0, 0x0, 0x0, 0xa, 0xff, 0xff, 0xa0, 0x0, 0x0,
    0x0, 0xa, 0xff, 0xff, 0xa0, 0x0, 0x0, 0x0, 0x9, 0xff, 0xff, 0x80, 0x0, 0x0, 0x0, 0x9f,
    0xff, 0xf8, 0x0, 0x0, 0x0, 0x9f, 0xff, 0xfa, 0x0, 0x0, 0x0, 0x9f, 0xff, 0xfa, 0x0, 0x0,
    0x0, 0x9f, 0xff, 0xfa, 0x0, 0x0, 0x0, 0x9f, 0xff, 0xfa, 0x0, 0x0, 0x0, 0x9f, 0xff, 0xfa,
    0x0, 0x0, 0x0, 0x9f, 0xff, 0xfa, 0x0, 0x0, 0x0, 0x8f, 0xff, 0xfa, 0x0, 0x0, 0x0, 0x8,
    0xff, 0xfa, 0x0, 0x0, 0x0, 0x0, 0xa, 0xfa, 0x0, 0x0, 0x0, 0x0, 0x0, 0x3, 0x0, 0x0,
    0x0, 0x0, 0x0, 0x0, 0x0, 0x0, 0x4, 0x8c, 0xef, 0xec, 0x94, 0x0, 0x0, 0x0, 0x0, 0x0,
    0x0, 0x4, 0xcf, 0xff, 0xff, 0xff, 0xff, 0xd5, 0x0, 0x0, 0x0, 0x0, 0x0, 0x7f, 0xff, 0xff,
    0xff, 0xff, 0xff, 0xff, 0x90, 0x0, 0x0, 0x0, 0x9, 0xff, 0xff, 0xff, 0xff, 0xff, 0xff, 0xff,
    0xfb, 0x0, 0x0, 0x0, 0x7f, 0xff, 0xff, 0xff, 0xff, 0xff, 0xff, 0xff, 0xff, 0x90, 0x0, 0x3,
    0xff, 0xff, 0xff, 0xff, 0x83, 0x7f, 0xff, 0xff, 0xff, 0xf5, 0x0, 0xb, 0xff, 0xff, 0xff, 0xfc,
    0x0, 0xa, 0xff, 0xff, 0xff, 0xfd, 0x0, 0x3f, 0xff, 0xff, 0xff, 0xfb, 0x0, 0x9, 0xff, 0xff,
    0xff, 0xff, 0x50, 0x8f, 0xff, 0xff, 0xff, 0xff, 0x61, 0x5f, 0xff, 0xff, 0xff, 0xff, 0xa0, 0xcf,
    0xff, 0xff, 0xff, 0xff, 0xff, 0xff, 0xff, 0xff, 0xff, 0xff, 0xd0, 0xdf, 0xff, 0xff, 0xff, 0xf2,
    0x0, 0x2f, 0xff, 0xff, 0xff, 0xff, 0xf0, 0xff, 0xff, 0xff, 0xff, 0xf0, 0x0, 0xf, 0xff, 0xff,
    0xff, 0xff, 0xf1, 0xef, 0xff, 0xff, 0xff, 0xf2, 0x0, 0xf, 0xff, 0xff, 0xff, 0xff, 0xf1, 0xdf,
    0xff, 0xff, 0xff, 0xff, 0x20, 0xf, 0xff, 0xff, 0xff, 0xff, 0xf0, 0xaf, 0xff, 0xff, 0xff, 0xff,
    0x20, 0xf, 0xff, 0xff, 0xff, 0xff, 0xc0, 0x6f, 0xff, 0xff, 0xff, 0xff, 0x20, 0xf, 0xff, 0xff,
    0xff, 0xff, 0x80, 0x1f, 0xff, 0xff, 0xff, 0xf1, 0x0, 0x0, 0xef, 0xff, 0xff, 0xff, 0x30, 0x8,
    0xff, 0xff, 0xff, 0xf1, 0x0, 0x0, 0xef, 0xff, 0xff, 0xfa, 0x0, 0x1, 0xdf, 0xff, 0xff, 0xff,
    0xff, 0xff, 0xff, 0xff, 0xff, 0xe2, 0x0, 0x0, 0x3f, 0xff, 0xff, 0xff, 0xff, 0xff, 0xff, 0xff,
    0xff, 0x40, 0x0, 0x0, 0x4, 0xef, 0xff, 0xff, 0xff, 0xff, 0xff, 0xff, 0xf6, 0x0, 0x0, 0x0,
    0x0, 0x3d, 0xff, 0xff, 0xff, 0xff, 0xff, 0xfd, 0x40, 0x0, 0x0, 0x0, 0x0, 0x0, 0x6d, 0xff,
    0xff, 0xff, 0xfe, 0x71, 0x0, 0x0, 0x0, 0x0, 0x0, 0x0, 0x0, 0x36, 0x89, 0x87, 0x30, 0x0,
    0x0, 0x0, 0x0, 0x0, 0x0, 0x0, 0x0, 0x0, 0x10, 0x0, 0x0, 0x0, 0x0, 0x0, 0x0, 0x0,
    0x0, 0x1, 0xce, 0x50, 0x0, 0x0, 0x0, 0x0, 0x0, 0x0, 0x0, 0x1, 0xcf, 0xff, 0x30, 0x0,
    0x0, 0x0, 0x0, 0x0, 0x0, 0x1, 0xcf, 0xff, 0xf4, 0x0, 0x0, 0x0, 0x0, 0x0, 0x0, 0x1,
    0xcf, 0xff, 0xf6, 0x0, 0x0, 0x0, 0x0, 0x0, 0x0, 0x1, 0xcf, 0xff, 0xf5, 0x0, 0x0, 0x0,
    0x0, 0x0, 0x0, 0x1, 0xcf, 0xff, 0xf5, 0x0, 0x0, 0x0, 0x0, 0x0, 0x0, 0x1, 0xcf, 0xff,
    0xe4, 0x0, 0x0, 0x0, 0x0, 0x0, 0x0, 0x1, 0xcf, 0xff, 0xe4, 0x0, 0x0, 0x0, 0x0, 0x0,
    0x0, 0x1, 0xcf, 0xff, 0xfd, 0xbb, 0xbb, 0xbb, 0xbb, 0xbb, 0xbb, 0xb7, 0xbf, 0xff, 0xff, 0xff,
    0xff, 0xff, 0xff, 0xff, 0xff, 0xff, 0xfd, 0xff, 0xff, 0xff, 0xff, 0xff, 0xff, 0xff, 0xff, 0xff,
    0xff, 0x3e, 0xff, 0xff, 0xff, 0xff, 0xff, 0xff, 0xff, 0xff, 0xff, 0xb0, 0x3e, 0xff, 0xfd, 0x20,
    0x0, 0x0, 0x0, 0x0, 0x0, 0x0, 0x0, 0x3e, 0xff, 0xfd, 0x20, 0x0, 0x0, 0x0, 0x0, 0x0,
    0x0, 0x0, 0x3e, 0xff, 0xfd, 0x20, 0x0, 0x0, 0x0, 0x0, 0x0, 0x0, 0x0, 0x3e, 0xff, 0xfe,
    0x30, 0x0, 0x0, 0x0, 0x0, 0x0, 0x0, 0x0, 0x3e, 0xff, 0xfe, 0x30, 0x0, 0x0, 0x0, 0x0,
    0x0, 0x0, 0x0, 0x3e, 0xff, 0xfe, 0x20, 0x0, 0x0, 0x0, 0x0, 0x0, 0x0, 0x0, 0x3e, 0xff,
    0xf5, 0x0, 0x0, 0x0, 0x0, 0x0, 0x0, 0x0, 0x0, 0x3e, 0xf8, 0x0, 0x0, 0x0, 0x0, 0x0,
    0x0, 0x0, 0x0, 0x0, 0x24, 0x0, 0x0, 0x0, 0x0, 0x0, 0x0, 0x0, 0x0, 0x0, 0x0, 0x10,
    0x0, 0x0, 0x0, 0x0, 0x0, 0x0, 0x0, 0x0, 0x0, 0x5e, 0xc1, 0x0, 0x0, 0x0, 0x0, 0x0,
    0x0, 0x0, 0x0, 0x3f, 0xff, 0xc1, 0x0, 0x0, 0x0, 0x0, 0x0, 0x0, 0x0, 0x4, 0xff, 0xff,
    0xc1, 0x0, 0x0, 0x0, 0x0, 0x0, 0x0, 0x0, 0x6, 0xff, 0xff, 0xc1, 0x0, 0x0, 0x0, 0x0,
    0x0, 0x0, 0x0, 0x5, 0xff, 0xff, 0xc1, 0x0, 0x0, 0x0, 0x0, 0x0, 0x0, 0x0, 0x5, 0xff,
    0xff, 0xc1, 0x0, 0x0, 0x0, 0x0, 0x0, 0x0, 0x0, 0x4, 0xef, 0xff, 0xc1, 0x0, 0x0, 0x0,
    0x0, 0x0, 0x0, 0x0, 0x4, 0xef, 0xff, 0xc1, 0x7, 0xbb, 0xbb, 0xbb, 0xbb, 0xbb, 0xbb, 0xbd,
    0xff, 0xff, 0xc1, 0xff, 0xff, 0xff, 0xff, 0xff, 0xff, 0xff, 0xff, 0xff, 0xff, 0xbf, 0xff, 0xff,
    0xff, 0xff, 0xff, 0xff, 0xff, 0xff, 0xff, 0xfd, 0xbf, 0xff, 0xff, 0xff, 0xff, 0xff, 0xff, 0xff,
    0xff, 0xfe, 0x30, 0x0, 0x0, 0x0, 0x0, 0x0, 0x0, 0x2d, 0xff, 0xfe, 0x30, 0x0, 0x0, 0x0,
    0x0, 0x0, 0x0, 0x2d, 0xff, 0xfe, 0x30, 0x0, 0x0, 0x0, 0x0, 0x0, 0x0, 0x2d, 0xff, 0xfe,
    0x30, 0x0, 0x0, 0x0, 0x0, 0x0, 0x0, 0x3e, 0xff, 0xfe, 0x30, 0x0, 0x0, 0x0, 0x0, 0x0,
    0x0, 0x3e, 0xff, 0xfe, 0x30, 0x0, 0x0, 0x0, 0x0, 0x0, 0x0, 0x2e, 0xff, 0xfe, 0x30, 0x0,
    0x0, 0x0, 0x0, 0x0, 0x0, 0x5, 0xff, 0xfe, 0x30, 0x0, 0x0, 0x0, 0x0, 0x0, 0x0, 0x0,
    0x8, 0xfe, 0x30, 0x0, 0x0, 0x0, 0x0, 0x0, 0x0, 0x0, 0x0, 0x4, 0x20, 0x0, 0x0, 0x0,
    0x0, 0x0, 0x0, 0x0, 0x0, 0x3, 0xdb, 0x10, 0x0, 0x0, 0x0, 0x0, 0x0, 0x0, 0x0, 0x0,
    0x3e, 0xff, 0xc1, 0x0, 0x0, 0x0, 0x0, 0x0, 0x0, 0x0, 0x3, 0xef, 0xff, 0xfc, 0x10, 0x0,
    0x0, 0x0, 0x0, 0x0, 0x0, 0x3e, 0xff, 0xff, 0xff, 0xc1, 0x0, 0x0, 0x0, 0x0, 0x0, 0x3,
    0xef, 0xff, 0xff, 0xff, 0xfc, 0x10, 0x0, 0x0, 0x0, 0x0, 0x3e, 0xff, 0xff, 0xff, 0xff, 0xff,
    0xc1, 0x0, 0x0, 0x0, 0x3, 0xef, 0xff, 0xdf, 0xff, 0xde, 0xff, 0xfc, 0x10, 0x0, 0x0, 0x3e,
    0xff, 0xfd, 0x2f, 0xff, 0xb4, 0xef, 0xff, 0xc1, 0x0, 0x3, 0xef, 0xff, 0xd2, 0xf, 0xff, 0xb0,
    0x4f, 0xff, 0xfc, 0x10, 0x2e, 0xff, 0xfe, 0x20, 0xf, 0xff, 0xb0, 0x5, 0xff, 0xff, 0xc0, 0x4f,
    0xff, 0xe3, 0x0, 0xf, 0xff, 0xb0, 0x0, 0x5f, 0xff, 0xe1, 0x8, 0xfe, 0x30, 0x0, 0xf, 0xff,
    0xb0, 0x0, 0x6, 0xff, 0x50, 0x0, 0x52, 0x0, 0x0, 0xf, 0xff, 0xb0, 0x0, 0x0, 0x43, 0x0,
    0x0, 0x0, 0x0, 0x0, 0xf, 0xff, 0xb0, 0x0, 0x0, 0x0, 0x0, 0x0, 0x0, 0x0, 0x0, 0xf,
    0xff, 0xb0, 0x0, 0x0, 0x0, 0x0, 0x0, 0x0, 0x0, 0x0, 0xf, 0xff, 0xb0, 0x0, 0x0, 0x0,
    0x0, 0x0, 0x0, 0x0, 0x0, 0xf, 0xff, 0xb0, 0x0, 0x0, 0x0, 0x0, 0x0, 0x0, 0x0, 0x0,
    0xf, 0xff, 0xb0, 0x0, 0x0, 0x0, 0x0, 0x0, 0x0, 0x0, 0x0, 0xf, 0xff, 0xb0, 0x0, 0x0,
    0x0, 0x0, 0x0, 0x0, 0x0, 0x0, 0xf, 0xff, 0xb0, 0x0, 0x0, 0x0, 0x0, 0x0, 0x0, 0x0,
    0x0, 0xb, 0xff, 0x70, 0x0, 0x0, 0x0, 0x0, 0x0, 0x0, 0x0, 0x0, 0xb, 0xff, 0x70, 0x0,
    0x0, 0x0, 0x0, 0x0, 0x0, 0x0, 0x0, 0xf, 0xff, 0xb0, 0x0, 0x0, 0x0, 0x0, 0x0, 0x0,
    0x0, 0x0, 0xf, 0xff, 0xb0, 0x0, 0x0, 0x0, 0x0, 0x0, 0x0, 0x0, 0x0, 0xf, 0xff, 0xb0,
    0x0, 0x0, 0x0, 0x0, 0x0, 0x0, 0x0, 0x0, 0xf, 0xff, 0xb0, 0x0, 0x0, 0x0, 0x0, 0x0,
    0x0, 0x0, 0x0, 0xf, 0xff, 0xb0, 0x0, 0x0, 0x0, 0x0, 0x0, 0x0, 0x0, 0x0, 0xf, 0xff,
    0xb0, 0x0, 0x0, 0x0, 0x0, 0x0, 0x0, 0x0, 0x0, 0xf, 0xff, 0xb0, 0x0, 0x0, 0x0, 0x0,
    0x0, 0x52, 0x0, 0x0, 0xf, 0xff, 0xb0, 0x0, 0x0, 0x43, 0x0, 0x8, 0xfe, 0x30, 0x0, 0xf,
    0xff, 0xb0, 0x0, 0x6, 0xff, 0x50, 0x4f, 0xff, 0xe3, 0x0, 0xf, 0xff, 0xb0, 0x0, 0x5f, 0xff,
    0xe1, 0x2e, 0xff, 0xfe, 0x20, 0xf, 0xff, 0xb0, 0x5, 0xff, 0xff, 0xc0, 0x3, 0xef, 0xff, 0xd2,
    0xf, 0xff, 0xb0, 0x4f, 0xff, 0xfc, 0x10, 0x0, 0x3e, 0xff, 0xfd, 0x2f, 0xff, 0xb4, 0xef, 0xff,
    0xc1, 0x0, 0x0, 0x3, 0xef, 0xff, 0xdf, 0xff, 0xde, 0xff, 0xfc, 0x10, 0x0, 0x0, 0x0, 0x3e,
    0xff, 0xff, 0xff, 0xff, 0xff, 0xc1, 0x0, 0x0, 0x0, 0x0, 0x3, 0xef, 0xff, 0xff, 0xff, 0xfc,
    0x10, 0x0, 0x0, 0x0, 0x0, 0x0, 0x3e, 0xff, 0xff, 0xff, 0xc1, 0x0, 0x0, 0x0, 0x0, 0x0,
    0x0, 0x3, 0xef, 0xff, 0xfc, 0x10, 0x0, 0x0, 0x0, 0x0, 0x0, 0x0, 0x0, 0x3e, 0xff, 0xc1,
    0x0, 0x0, 0x0, 0x0, 0x0, 0x0, 0x0, 0x0, 0x3, 0xdb, 0x10, 0x0, 0x0, 0x0, 0x0, 0x0,
    0x0, 0x0, 0x0, 0x5e, 0xfe, 0x40, 0x0, 0x0, 0x0, 0x0, 0x0, 0x0, 0x0, 0xb, 0xff, 0xfb,
    0x0, 0x0, 0x0, 0x0, 0x0, 0x0, 0x0, 0x0, 0xbf, 0xff, 0xb0, 0x0, 0x0, 0x0, 0x0, 0x0,
    0x0, 0x0, 0xb, 0xff, 0xfb, 0x0, 0x0, 0x0, 0x0, 0x0, 0x0, 0x0, 0x0, 0xbf, 0xff, 0xb0,
    0x0, 0x0, 0x0, 0x0, 0x0, 0x0, 0x0, 0xb, 0xff, 0xfb, 0x0, 0x0, 0x0, 0x0, 0x0, 0x0,
    0x0, 0x0, 0xbf, 0xff, 0xb0, 0x0, 0x0, 0x0, 0x0, 0x0, 0x0, 0x0, 0xb, 0xff, 0xfb, 0x0,
    0x0, 0x0, 0x0, 0x5b, 0xbb, 0xbb, 0xbb, 0xef, 0xff, 0xeb, 0xbb, 0xbb, 0xbb, 0x4e, 0xff, 0xff,
    0xff, 0xff, 0xff, 0xff, 0xff, 0xff, 0xff, 0xfe, 0xff, 0xff, 0xff, 0xff, 0xff, 0xff, 0xff, 0xff,
    0xff, 0xff, 0xfe, 0xff, 0xff, 0xff, 0xff, 0xff, 0xff, 0xff, 0xff, 0xff, 0xfe, 0x5b, 0xbb, 0xbb,
    0xbb, 0xef, 0xff, 0xeb, 0xbb, 0xbb, 0xbb, 0x50, 0x0, 0x0, 0x0, 0xb, 0xff, 0xfb, 0x0, 0x0,
    0x0, 0x0, 0x0, 0x0, 0x0, 0x0, 0xbf, 0xff, 0xb0, 0x0, 0x0, 0x0, 0x0, 0x0, 0x0, 0x0,
    0xb, 0xff, 0xfb, 0x0, 0x0, 0x0, 0x0, 0x0, 0x0, 0x0, 0x0, 0xbf, 0xff, 0xb0, 0x0, 0x0,
    0x0, 0x0, 0x0, 0x0, 0x0, 0xb, 0xff, 0xfb, 0x0, 0x0, 0x0, 0x0, 0x0, 0x0, 0x0, 0x0,
    0xbf, 0xff, 0xb0, 0x0, 0x0, 0x0, 0x0, 0x0, 0x0, 0x0, 0xb, 0xff, 0xfb, 0x0, 0x0, 0x0,
    0x0, 0x0, 0x0, 0x0, 0x0, 0x5e, 0xfe, 0x50, 0x0, 0x0, 0x0, 0x0, 0x27, 0x88, 0x88, 0x88,
    0x88, 0x88, 0x88, 0x88, 0x88, 0x87, 0x2d, 0xff, 0xff, 0xff, 0xff, 0xff, 0xff, 0xff, 0xff, 0xff,
    0xfd, 0xff, 0xff, 0xff, 0xff, 0xff, 0xff, 0xff, 0xff, 0xff, 0xff, 0xff, 0xff, 0xff, 0xff, 0xff,
    0xff, 0xff, 0xff, 0xff, 0xff, 0xff, 0x8f, 0xff, 0xff, 0xff, 0xff, 0xff, 0xff, 0xff, 0xff, 0xff,
    0x80, 0x0, 0x0, 0x0, 0x0, 0x0, 0x0, 0x0, 0x0, 0x0, 0x0, 0x0, 0x0, 0x43, 0x0, 0x0,
    0x0, 0x0, 0x0, 0x0, 0x0, 0x0, 0x0, 0x0, 0x0, 0x0, 0x3f, 0xc0, 0x0, 0x0, 0x0, 0x0,
    0x0, 0x0, 0x0, 0x0, 0x0, 0x0, 0x0, 0x2d, 0xff, 0x30, 0x0, 0x0, 0x0, 0x0, 0x0, 0x0,
    0x0, 0x0, 0x0, 0x0, 0x4e, 0xff, 0xf7, 0x0, 0x0, 0x0, 0x0, 0x0, 0x0, 0x0, 0x0, 0x0,
    0x25, 0xaf, 0xff, 0xff, 0xa0, 0x0, 0x0, 0x0, 0x0, 0x17, 0xce, 0xff, 0xff, 0xff, 0xff, 0xff,
    0xff, 0xfd, 0x0, 0x0, 0x0, 0x0, 0x7e, 0xff, 0xff, 0xff, 0xff, 0xff, 0xff, 0xff, 0xff, 0xe0,
    0x0, 0x0, 0x0, 0xaf, 0xff, 0xff, 0xff, 0xff, 0xff, 0xff, 0xff, 0xff, 0xff, 0x0, 0x0, 0x0,
    0x9f, 0xff, 0xff, 0xff, 0xff, 0xff, 0xff, 0xff, 0xff, 0xff, 0xe0, 0x0, 0x0, 0x4f, 0xff, 0xff,
    0xff, 0xff, 0xff, 0xff, 0xff, 0xff, 0xff, 0xfd, 0x0, 0x0, 0xc, 0xff, 0xff, 0xff, 0xff, 0xff,
    0xff, 0xff, 0xff, 0xff, 0xff, 0xc0, 0x0, 0x2, 0xff, 0xff, 0xff, 0xc9, 0x63, 0x21, 0x6, 0xff,
    0xff, 0xff, 0xf9, 0x0, 0x0, 0x5f, 0xff, 0xc7, 0x10, 0x1, 0x45, 0x67, 0xcf, 0xff, 0xff, 0xff,
    0x50, 0x0, 0x7, 0xfc, 0x40, 0x15, 0x9d, 0xff, 0xff, 0xff, 0xff, 0xff, 0xff, 0xf1, 0x0, 0x0,
    0x66, 0x2, 0x9e, 0xff, 0xff, 0xff, 0xff, 0xff, 0xff, 0xff, 0xf9, 0x0, 0x0, 0x0, 0x8, 0xff,
    0xff, 0xff, 0xff, 0xff, 0xff, 0xff, 0xff, 0xff, 0x30, 0x0, 0x0, 0x2c, 0xff, 0xff, 0xff, 0xff,
    0xff, 0xff, 0xff, 0xff, 0xff, 0x90, 0x0, 0x0, 0x3e, 0xff, 0xff, 0xff, 0xff, 0xff, 0xff, 0xff,
    0xff, 0xff, 0xd1, 0x0, 0x0, 0x3e, 0xff, 0xff, 0xff, 0xff, 0xff, 0xff, 0xff, 0xff, 0xff, 0xe3,
    0x0, 0x0, 0x2e, 0xff, 0xea, 0xff, 0xff, 0xff, 0xff, 0xff, 0xff, 0xff, 0xe3, 0x0, 0x0, 0xc,
    0xff, 0xe2, 0x9, 0xff, 0xff, 0xff, 0xff, 0xff, 0xff, 0xc3, 0x0, 0x0, 0x6, 0xff, 0xf3, 0x0,
    0x6, 0xef, 0xff, 0xff, 0xff, 0xfe, 0x70, 0x0, 0x0, 0x0, 0xdf, 0xf7, 0x0, 0x0, 0x1, 0x7c,
    0xef, 0xec, 0x95, 0x0, 0x0, 0x0, 0x0, 0xd, 0xfd, 0x10, 0x0, 0x0, 0x0, 0x0, 0x0, 0x0,
    0x0, 0x0, 0x0, 0x0, 0x0, 0x27, 0x20, 0x0, 0x0, 0x0, 0x0, 0x0, 0x0, 0x0, 0x0, 0x0,
    0x0, 0x0, 0x0, 0x0, 0x0, 0x0, 0x0, 0x17, 0xad, 0xef, 0xed, 0xa7, 0x10, 0x0, 0x0, 0x0,
    0x0, 0x0, 0x0, 0x3, 0xaf, 0xff, 0xff, 0xff, 0xff, 0xff, 0xa3, 0x0, 0x0, 0x0, 0x0, 0x0,
    0x19, 0xff, 0xff, 0xd7, 0x43, 0x47, 0xdf, 0xff, 0xf9, 0x0, 0x0, 0x0, 0x0, 0x2c, 0xff, 0xff,
    0x80, 0x0, 0x0, 0x0, 0x8f, 0xff, 0xfc, 0x20, 0x0, 0x0, 0x2d, 0xff, 0xff, 0x70, 0x0, 0x0,
    0x0, 0x0, 0x7f, 0xff, 0xfd, 0x20, 0x0, 0x1d, 0xff, 0xff, 0xb0, 0x0, 0x6, 0xfd, 0x81, 0x0,
    0xbf, 0xff, 0xfd, 0x10, 0xb, 0xff, 0xff, 0xf3, 0x0, 0x0, 0x5f, 0xff, 0xc1, 0x3, 0xff, 0xff,
    0xfb, 0x6, 0xff, 0xff, 0xfe, 0x0, 0x0, 0xb, 0xff, 0xff, 0x80, 0xe, 0xff, 0xff, 0xf6, 0xdf,
    0xff, 0xff, 0xc0, 0xc, 0xad, 0xff, 0xff, 0xfd, 0x0, 0xcf, 0xff, 0xff, 0xdd, 0xff, 0xff, 0xfc,
    0x0, 0xff, 0xff, 0xff, 0xff, 0xf0, 0xc, 0xff, 0xff, 0xfd, 0x5f, 0xff, 0xff, 0xe0, 0xc, 0xff,
    0xff, 0xff, 0xfd, 0x0, 0xef, 0xff, 0xff, 0x60, 0xbf, 0xff, 0xff, 0x30, 0x6f, 0xff, 0xff, 0xff,
    0x80, 0x3f, 0xff, 0xff, 0xb0, 0x1, 0xdf, 0xff, 0xfa, 0x0, 0xaf, 0xff, 0xff, 0xc0, 0xb, 0xff,
    0xff, 0xd1, 0x0, 0x2, 0xef, 0xff, 0xf6, 0x0, 0x7d, 0xfd, 0x81, 0x6, 0xff, 0xff, 0xd2, 0x0,
    0x0, 0x2, 0xcf, 0xff, 0xf7, 0x0, 0x0, 0x0, 0x7, 0xff, 0xff, 0xd2, 0x0, 0x0, 0x0, 0x0,
    0x9f, 0xff, 0xfd, 0x74, 0x34, 0x7d, 0xff, 0xff, 0x91, 0x0, 0x0, 0x0, 0x0, 0x0, 0x2a, 0xff,
    0xff, 0xff, 0xff, 0xff, 0xfb, 0x30, 0x0, 0x0, 0x0, 0x0, 0x0, 0x0, 0x2, 0x6a, 0xde, 0xfe,
    0xda, 0x72, 0x0, 0x0, 0x0, 0x0, 0x9, 0xd3, 0x0, 0x0, 0x0, 0x0, 0x0, 0x0, 0x0, 0x0,
    0x0, 0x0, 0x0, 0x0, 0x0, 0x5, 0xff, 0xf6, 0x0, 0x0, 0x0, 0x0, 0x0, 0x0, 0x0, 0x0,
    0x0, 0x0, 0x0, 0x0, 0x0, 0x3e, 0xff, 0xfa, 0x10, 0x0, 0x0, 0x0, 0x0, 0x0, 0x0, 0x0,
    0x0, 0x0, 0x0, 0x0, 0x0, 0x2c, 0xff, 0xfd, 0x30, 0x2, 0x59, 0xce, 0xfe, 0xda, 0x61, 0x0,
    0x0, 0x0, 0x0, 0x0, 0x0, 0x19, 0xff, 0xfe, 0x7b, 0xff, 0xff, 0xff, 0xff, 0xff, 0xfa, 0x30,
    0x0, 0x0, 0x0, 0x0, 0x0, 0x6, 0xff, 0xff, 0xff, 0xfe, 0x94, 0x34, 0x7d, 0xff, 0xff, 0x80,
    0x0, 0x0, 0x0, 0x0, 0x0, 0x3, 0xdf, 0xff, 0xfa, 0x10, 0x0, 0x0, 0x8, 0xff, 0xff, 0xc2,
    0x0, 0x0, 0x0, 0x0, 0x0, 0x1, 0xbf, 0xff, 0xd3, 0x3, 0x64, 0x0, 0x7, 0xff, 0xff, 0xd2,
    0x0, 0x0, 0x0, 0x0, 0x0, 0x0, 0x7f, 0xff, 0xe5, 0x6f, 0xfd, 0x40, 0xb, 0xff, 0xff, 0xd1,
    0x0, 0x0, 0x0, 0xaa, 0x10, 0x0, 0x4e, 0xff, 0xfc, 0xff, 0xff, 0x30, 0x4f, 0xff, 0xff, 0xb0,
    0x0, 0x0, 0x5f, 0xfd, 0x30, 0x0, 0x2c, 0xff, 0xff, 0xff, 0xfb, 0x0, 0xef, 0xff, 0xff, 0x50,
    0x0, 0xd, 0xff, 0xff, 0x60, 0x0, 0x9, 0xff, 0xff, 0xff, 0xe0, 0xc, 0xff, 0xff, 0xfd, 0x0,
    0x0, 0xef, 0xff, 0xff, 0x90, 0x0, 0x5, 0xef, 0xff, 0xfe, 0x0, 0xcf, 0xff, 0xff, 0xe0, 0x0,
    0x6, 0xff, 0xff, 0xfe, 0x0, 0x0, 0x3, 0xdf, 0xff, 0xd1, 0xe, 0xff, 0xff, 0xf6, 0x0, 0x0,
    0xc, 0xff, 0xff, 0xf4, 0x0, 0x0, 0x1, 0xaf, 0xff, 0xd7, 0xff, 0xff, 0xfb, 0x0, 0x0, 0x0,
    0x1d, 0xff, 0xff, 0xb0, 0x0, 0x0, 0x0, 0x7f, 0xff, 0xff, 0xff, 0xfd, 0x10, 0x0, 0x0, 0x0,
    0x3e, 0xff, 0xff, 0x70, 0x0, 0x0, 0x0, 0x4e, 0xff, 0xff, 0xfe, 0x30, 0x0, 0x0, 0x0, 0x0,
    0x2d, 0xff, 0xff, 0x80, 0x0, 0x0, 0x0, 0x1b, 0xff, 0xff, 0x50, 0x0, 0x0, 0x0, 0x0, 0x0,
    0x19, 0xff, 0xff, 0xd7, 0x43, 0x40, 0x0, 0x8, 0xff, 0xfe, 0x50, 0x0, 0x0, 0x0, 0x0, 0x0,
    0x3, 0xbf, 0xff, 0xff, 0xff, 0xa1, 0x0, 0x5, 0xef, 0xff, 0x80, 0x0, 0x0, 0x0, 0x0, 0x0,
    0x0, 0x27, 0xad, 0xef, 0xed, 0x80, 0x0, 0x2, 0xcf, 0xff, 0xc2, 0x0, 0x0, 0x0, 0x0, 0x0,
    0x0, 0x0, 0x0, 0x0, 0x0, 0x0, 0x0, 0x1, 0x9f, 0xff, 0xe3, 0x0, 0x0, 0x0, 0x0, 0x0,
    0x0, 0x0, 0x0, 0x0, 0x0, 0x0, 0x0, 0x0, 0x6f, 0xff, 0x50, 0x0, 0x0, 0x0, 0x0, 0x0,
    0x0, 0x0, 0x0, 0x0, 0x0, 0x0, 0x0, 0x0, 0x3d, 0x90, 0x0, 0x0, 0x0, 0x0, 0x0, 0x1,
    0xbf, 0xb1, 0x0, 0x0, 0x0, 0x0, 0x0, 0x0, 0x0, 0x0, 0x0, 0x0, 0x0, 0xaf, 0xff, 0xa0,
    0x0, 0x0, 0x0, 0x0, 0x0, 0x0, 0x0, 0x0, 0x0, 0x0, 0x4f, 0xff, 0xff, 0x40, 0x0, 0x0,
    0x0, 0x0, 0x0, 0x0, 0x0, 0x0, 0x0, 0xc, 0xff, 0xff, 0xfc, 0x0, 0x0, 0x0, 0x0, 0x0,
    0x0, 0x0, 0x0, 0x0, 0x6, 0xff, 0xff, 0xff, 0xf6, 0x0, 0x0, 0x0, 0x0, 0x0, 0x0, 0x0,
    0x0, 0x1, 0xef, 0xff, 0xff, 0xff, 0xe1, 0x0, 0x0, 0x0, 0x0, 0x0, 0x0, 0x0, 0x0, 0x9f,
    0xff, 0xff, 0xff, 0xff, 0x90, 0x0, 0x0, 0x0, 0x0, 0x0, 0x0, 0x0, 0x2f, 0xff, 0xff, 0xff,
    0xff, 0xff, 0x20, 0x0, 0x0, 0x0, 0x0, 0x0, 0x0, 0xb, 0xff, 0xfa, 0x44, 0x4a, 0xff, 0xfb,
    0x0, 0x0, 0x0, 0x0, 0x0, 0x0, 0x5, 0xff, 0xff, 0x70, 0x0, 0x7f, 0xff, 0xf4, 0x0, 0x0,
    0x0, 0x0, 0x0, 0x0, 0xdf, 0xff, 0xf8, 0x0, 0x8, 0xff, 0xff, 0xd0, 0x0, 0x0, 0x0, 0x0,
    0x0, 0x7f, 0xff, 0xff, 0x90, 0x0, 0x9f, 0xff, 0xff, 0x70, 0x0, 0x0, 0x0, 0x0, 0x1e, 0xff,
    0xff, 0xfa, 0x0, 0xa, 0xff, 0xff, 0xfe, 0x10, 0x0, 0x0, 0x0, 0x9, 0xff, 0xff, 0xff, 0xb0,
    0x0, 0xbf, 0xff, 0xff, 0xf9, 0x0, 0x0, 0x0, 0x3, 0xff, 0xff, 0xff, 0xfb, 0x0, 0xb, 0xff,
    0xff, 0xff, 0xf3, 0x0, 0x0, 0x0, 0xbf, 0xff, 0xff, 0xff, 0xd0, 0x0, 0xdf, 0xff, 0xff, 0xff,
    0xb0, 0x0, 0x0, 0x5f, 0xff, 0xff, 0xff, 0xff, 0xfd, 0xff, 0xff, 0xff, 0xff, 0xff, 0x50, 0x0,
    0x1d, 0xff, 0xff, 0xff, 0xff, 0xd2, 0x2, 0xdf, 0xff, 0xff, 0xff, 0xfd, 0x10, 0x7, 0xff, 0xff,
    0xff, 0xff, 0xf6, 0x0, 0x6, 0xff, 0xff, 0xff, 0xff, 0xf7, 0x2, 0xef, 0xff, 0xff, 0xff, 0xff,
    0x70, 0x0, 0x8f, 0xff, 0xff, 0xff, 0xff, 0xe2, 0xaf, 0xff, 0xff, 0xff, 0xff, 0xfe, 0x62, 0x6e,
    0xff, 0xff, 0xff, 0xff, 0xff, 0xaf, 0xff, 0xff, 0xff, 0xff, 0xff, 0xff, 0xff, 0xff, 0xff, 0xff,
    0xff, 0xff, 0xff, 0xdf, 0xff, 0xff, 0xff, 0xff, 0xff, 0xff, 0xff, 0xff, 0xff, 0xff, 0xff, 0xff,
    0xd3, 0xdf, 0xff, 0xff, 0xff, 0xff, 0xff, 0xff, 0xff, 0xff, 0xff, 0xff, 0xff, 0xd3, 0x0, 0x0,
    0x0, 0x0, 0x0, 0x0, 0x0, 0x0, 0x0, 0x79, 0x10, 0x0, 0x0, 0x0, 0x0, 0x0, 0x0, 0x0,
    0x0, 0x0, 0x0, 0xff, 0xc1, 0x0, 0x0, 0x0, 0x0, 0x0, 0x0, 0x0, 0x0, 0x0, 0x0, 0xff,
    0xfc, 0x10, 0xab, 0xbb, 0xbb, 0x40, 0x0, 0x0, 0x0, 0x4b, 0xbb, 0xff, 0xff, 0xc1, 0xff, 0xff,
    0xff, 0xe3, 0x0, 0x0, 0x3, 0xef, 0xff, 0xff, 0xff, 0xfb, 0xff, 0xff, 0xff, 0xfe, 0x30, 0x0,
    0x2d, 0xff, 0xff, 0xff, 0xff, 0xfd, 0xef, 0xff, 0xff, 0xff, 0xe2, 0x1, 0xdf, 0xff, 0xff, 0xff,
    0xff, 0xe3, 0x0, 0x0, 0x2e, 0xff, 0xd2, 0xc, 0xff, 0xfe, 0x20, 0xff, 0xfe, 0x30, 0x0, 0x0,
    0x3, 0xfe, 0x30, 0xaf, 0xff, 0xe3, 0x0, 0xff, 0xe3, 0x0, 0x0, 0x0, 0x0, 0x54, 0x9, 0xff,
    0xff, 0x40, 0x0, 0xad, 0x30, 0x0, 0x0, 0x0, 0x0, 0x0, 0x7f, 0xff, 0xf6, 0x0, 0x0, 0x0,
    0x0, 0x0, 0x0, 0x0, 0x0, 0x6, 0xff, 0xff, 0x70, 0x0, 0x0, 0x0, 0x0, 0x0, 0x0, 0x0,
    0x0, 0x4f, 0xff, 0xf9, 0x4, 0x50, 0x0, 0xad, 0x30, 0x0, 0x0, 0x0, 0x3, 0xef, 0xff, 0xa0,
    0x3e, 0xe3, 0x0, 0xff, 0xe3, 0x0, 0x0, 0x0, 0x2e, 0xff, 0xfc, 0x2, 0xdf, 0xfe, 0x20, 0xff,
    0xfe, 0x30, 0xef, 0xff, 0xff, 0xff, 0xd1, 0x2, 0xef, 0xff, 0xff, 0xff, 0xff, 0xe3, 0xff, 0xff,
    0xff, 0xfd, 0x20, 0x0, 0x3e, 0xff, 0xff, 0xff, 0xff, 0xfd, 0xff, 0xff, 0xff, 0xe3, 0x0, 0x0,
    0x3, 0xef, 0xff, 0xff, 0xff, 0xfb, 0xab, 0xbb, 0xbb, 0x40, 0x0, 0x0, 0x0, 0x4b, 0xbb, 0xff,
    0xff, 0xc1, 0x0, 0x0, 0x0, 0x0, 0x0, 0x0, 0x0, 0x0, 0x0, 0xff, 0xfc, 0x10, 0x0, 0x0,
    0x0, 0x0, 0x0, 0x0, 0x0, 0x0, 0x0, 0xff, 0xc1, 0x0, 0x0, 0x0, 0x0, 0x0, 0x0, 0x0,
    0x0, 0x0, 0x0, 0x79, 0x10, 0x0, 0x0, 0x0, 0x0, 0x0, 0x1, 0x20, 0x0, 0x0, 0x0, 0x0,
    0x0, 0x0, 0x0, 0x0, 0x1, 0xdf, 0x60, 0x0, 0x0, 0x0, 0x0, 0x0, 0x0, 0x0, 0x1, 0xdf,
    0xff, 0x60, 0x0, 0x0, 0x0, 0x0, 0x0, 0x0, 0x1, 0xdf, 0xff, 0xff, 0x60, 0x0, 0x0, 0x0,
    0x0, 0x0, 0x1, 0xdf, 0xff, 0xff, 0xff, 0x60, 0x0, 0x0, 0x0, 0x0, 0x1, 0xdf, 0xff, 0xfd,
    0xff, 0xff, 0x60, 0x0, 0x0, 0x0, 0x1, 0xdf, 0xff, 0xf6, 0x1d, 0xff, 0xff, 0x60, 0x0, 0x0,
    0x1, 0xdf, 0xff, 0xf6, 0x0, 0x1d, 0xff, 0xff, 0x60, 0x0, 0x1, 0xdf, 0xff, 0xf6, 0x0, 0x0,
    0x1d, 0xff, 0xff, 0x60, 0x1, 0xdf, 0xff, 0xf6, 0x0, 0x0, 0x0, 0x1d, 0xff, 0xff, 0x60, 0xcf,
    0xff, 0xf6, 0x0, 0x0, 0x0, 0x0, 0x1d, 0xff, 0xff, 0x4d, 0xff, 0xf6, 0x0, 0x0, 0x0, 0x0,
    0x0, 0x1d, 0xff, 0xf4, 0x2d, 0xf6, 0x0, 0x0, 0x0, 0x0, 0x0, 0x0, 0x1c, 0xf7, 0x0, 0x12,
    0x0, 0x0, 0x0, 0x0, 0x0, 0x0, 0x0, 0x12, 0x0, 0x1, 0x20, 0x0, 0x0, 0x0, 0x0, 0x0,
    0x0, 0x1, 0x20, 0x2, 0xdf, 0x50, 0x0, 0x0, 0x0, 0x0, 0x0, 0x1, 0xcf, 0x70, 0xdf, 0xff,
    0x50, 0x0, 0x0, 0x0, 0x0, 0x1, 0xdf, 0xff, 0x4c, 0xff, 0xff, 0x50, 0x0, 0x0, 0x0, 0x1,
    0xdf, 0xff, 0xf4, 0x1d, 0xff, 0xff, 0x50, 0x0, 0x0, 0x1, 0xdf, 0xff, 0xf6, 0x0, 0x1d, 0xff,
    0xff, 0x50, 0x0, 0x1, 0xdf, 0xff, 0xf6, 0x0, 0x0, 0x1d, 0xff, 0xff, 0x50, 0x1, 0xdf, 0xff,
    0xf6, 0x0, 0x0, 0x0, 0x1d, 0xff, 0xff, 0x51, 0xdf, 0xff, 0xf6, 0x0, 0x0, 0x0, 0x0, 0x1d,
    0xff, 0xff, 0xdf, 0xff, 0xf6, 0x0, 0x0, 0x0, 0x0, 0x0, 0x1d, 0xff, 0xff, 0xff, 0xf6, 0x0,
    0x0, 0x0, 0x0, 0x0, 0x0, 0x1d, 0xff, 0xff, 0xf6, 0x0, 0x0, 0x0, 0x0, 0x0, 0x0, 0x0,
    0x1d, 0xff, 0xf6, 0x0, 0x0, 0x0, 0x0, 0x0, 0x0, 0x0, 0x0, 0x1d, 0xf6, 0x0, 0x0, 0x0,
    0x0, 0x0, 0x0, 0x0, 0x0, 0x0, 0x12, 0x0, 0x0, 0x0, 0x0, 0x0, 0x0, 0x0, 0x3, 0x93,
    0x0, 0x0, 0x0, 0x0, 0x0, 0x0, 0x0, 0x0, 0x0, 0x0, 0x0, 0x0, 0x0, 0x3, 0xef, 0xe3,
    0x0, 0x0, 0x0, 0x0, 0x0, 0x0, 0x0, 0x0, 0x0, 0x0, 0x0, 0x0, 0x3, 0xef, 0xff, 0xe3,
    0x0, 0x6f, 0xff, 0xff, 0xff, 0xff, 0xff, 0xfb, 0x0, 0x0, 0x0, 0x3, 0xef, 0xff, 0xff, 0xe3,
    0x8, 0xff, 0xff, 0xff, 0xff, 0xff, 0xff, 0xf0, 0x0, 0x0, 0x3, 0xef, 0xff, 0xff, 0xff, 0xe3,
    0x1b, 0xff, 0xff, 0xff, 0xff, 0xff, 0xff, 0x0, 0x0, 0x2, 0xef, 0xfd, 0xff, 0xfd, 0xff, 0xe2,
    0x0, 0x0, 0x0, 0x0, 0x0, 0xff, 0xf0, 0x0, 0x0, 0x4f, 0xfe, 0x2f, 0xff, 0x2e, 0xff, 0x40,
    0x0, 0x0, 0x0, 0x0, 0xf, 0xff, 0x0, 0x0, 0x0, 0x7b, 0x30, 0xff, 0xf0, 0x3b, 0x70, 0x0,
    0x0, 0x0, 0x0, 0x0, 0xff, 0xf0, 0x0, 0x0, 0x0, 0x0, 0xf, 0xff, 0x0, 0x0, 0x0, 0x0,
    0x0, 0x0, 0x0, 0xf, 0xff, 0x0, 0x0, 0x0, 0x0, 0x0, 0xff, 0xf0, 0x0, 0x0, 0x0, 0x0,
    0x0, 0x0, 0x0, 0xff, 0xf0, 0x0, 0x0, 0x0, 0x0, 0xf, 0xff, 0x0, 0x0, 0x0, 0x0, 0x0,
    0x0, 0x0, 0xf, 0xff, 0x0, 0x0, 0x0, 0x0, 0x0, 0xff, 0xf0, 0x0, 0x0, 0x0, 0x0, 0x0,
    0x7b, 0x30, 0xff, 0xf0, 0x3b, 0x70, 0x0, 0x0, 0xf, 0xff, 0x0, 0x0, 0x0, 0x0, 0x0, 0x4f,
    0xfe, 0x2f, 0xff, 0x2e, 0xff, 0x40, 0x0, 0x0, 0xff, 0xf0, 0x0, 0x0, 0x0, 0x0, 0x2, 0xef,
    0xfd, 0xff, 0xfd, 0xff, 0xe2, 0x0, 0x0, 0xf, 0xff, 0xff, 0xff, 0xff, 0xff, 0xfb, 0x13, 0xef,
    0xff, 0xff, 0xff, 0xe3, 0x0, 0x0, 0x0, 0xff, 0xff, 0xff, 0xff, 0xff, 0xff, 0xf8, 0x3, 0xef,
    0xff, 0xff, 0xe3, 0x0, 0x0, 0x0, 0xb, 0xff, 0xff, 0xff, 0xff, 0xff, 0xff, 0x60, 0x3, 0xef,
    0xff, 0xe3, 0x0, 0x0, 0x0, 0x0, 0x0, 0x0, 0x0, 0x0, 0x0, 0x0, 0x0, 0x0, 0x3, 0xef,
    0xe3, 0x0, 0x0, 0x0, 0x0, 0x0, 0x0, 0x0, 0x0, 0x0, 0x0, 0x0, 0x0, 0x0, 0x3, 0x93,
    0x0, 0x0, 0x0, 0x3c, 0xff, 0xff, 0xff, 0xff, 0x40, 0x0, 0x0, 0x0, 0x0, 0x0, 0x0, 0xcf,
    0xff, 0xff, 0xff, 0xff, 0xf4, 0x0, 0x0, 0x0, 0x0, 0x0, 0x0, 0xff, 0xff, 0xff, 0xff, 0xff,
    0xff, 0x40, 0x0, 0x0, 0x0, 0x0, 0x0, 0xff, 0xff, 0xff, 0xff, 0xff, 0xff, 0xff, 0xff, 0xff,
    0xff, 0xff, 0xc3, 0xff, 0xff, 0xff, 0xff, 0xff, 0xff, 0xff, 0xff, 0xff, 0xff, 0xff, 0xfc, 0xff,
    0xff, 0xff, 0xff, 0xff, 0xff, 0xff, 0xff, 0xff, 0xff, 0xff, 0xff, 0xff, 0xff, 0xff, 0xff, 0xff,
    0xff, 0xff, 0xff, 0xff, 0xff, 0xff, 0xff, 0xff, 0xff, 0xff, 0xff, 0xff, 0xff, 0xff, 0xff, 0xff,
    0xff, 0xff, 0xff, 0xff, 0xff, 0xff, 0xff, 0xff, 0xff, 0xff, 0xff, 0xff, 0xff, 0xff, 0xff, 0xff,
    0xff, 0xff, 0xff, 0xff, 0xff, 0xff, 0xff, 0xff, 0xff, 0xff, 0xff, 0xff, 0xff, 0xff, 0xff, 0xff,
    0xff, 0xff, 0xff, 0xff, 0xff, 0xff, 0xff, 0xff, 0xff, 0xff, 0xff, 0xff, 0xff, 0xff, 0xff, 0xff,
    0xff, 0xff, 0xff, 0xff, 0xff, 0xff, 0xff, 0xff, 0xff, 0xff, 0xff, 0xff, 0xff, 0xff, 0xff, 0xff,
    0xff, 0xff, 0xff, 0xff, 0xff, 0xff, 0xff, 0xff, 0xff, 0xff, 0xff, 0xff, 0xff, 0xff, 0xff, 0xff,
    0xff, 0xff, 0xff, 0xff, 0xff, 0xff, 0xff, 0xff, 0xff, 0xff, 0xff, 0xff, 0xff, 0xff, 0xff, 0xff,
    0xff, 0xff, 0xff, 0xcf, 0xff, 0xff, 0xff, 0xff, 0xff, 0xff, 0xff, 0xff, 0xff, 0xff, 0xfc, 0x3c,
    0xff, 0xff, 0xff, 0xff, 0xff, 0xff, 0xff, 0xff, 0xff, 0xff, 0xc3, 0x0, 0x0, 0x0, 0x0, 0x0,
    0x9, 0x90, 0x0, 0x0, 0x0, 0x0, 0x0, 0x0, 0x0, 0x0, 0x0, 0x0, 0xaf, 0xfa, 0x0, 0x0,
    0x0, 0x0, 0x0, 0x0, 0x0, 0x0, 0x0, 0xa, 0xff, 0xff, 0xa0, 0x0, 0x0, 0x0, 0x0, 0x0,
    0x0, 0x0, 0x0, 0xaf, 0xff, 0xff, 0xfa, 0x0, 0x0, 0x0, 0x0, 0x0, 0x0, 0x0, 0xa, 0xff,
    0xff, 0xff, 0xff, 0xa0, 0x0, 0x0, 0x0, 0x0, 0x0, 0x0, 0xaf, 0xff, 0xff, 0xff, 0xff, 0xfa,
    0x0, 0x0, 0x0, 0x0, 0x0, 0xa, 0xff, 0xff, 0xff, 0xff, 0xff, 0xff, 0xa0, 0x0, 0x0, 0x0,
    0x0, 0xaf, 0xff, 0xff, 0xff, 0xff, 0xff, 0xff, 0xfa, 0x0, 0x0, 0x0, 0x0, 0xef, 0xff, 0xff,
    0xff, 0xff, 0xff, 0xff, 0xfe, 0x0, 0x0, 0x0, 0x0, 0x13, 0x33, 0x3f, 0xff, 0xff, 0xf3, 0x33,
    0x31, 0x0, 0x0, 0x0, 0x0, 0x0, 0x0, 0xf, 0xff, 0xff, 0xf0, 0x0, 0x0, 0x0, 0x0, 0x0,
    0x0, 0x0, 0x0, 0xf, 0xff, 0xff, 0xf0, 0x0, 0x0, 0x0, 0x0, 0x0, 0x0, 0x0, 0x0, 0xf,
    0xff, 0xff, 0xf0, 0x0, 0x0, 0x0, 0x0, 0x0, 0x0, 0x0, 0x0, 0xf, 0xff, 0xff, 0xf0, 0x0,
    0x0, 0x0, 0x0, 0x0, 0x0, 0x0, 0x0, 0xf, 0xff, 0xff, 0xf0, 0x0, 0x0, 0x0, 0x0, 0x0,
    0x0, 0x0, 0x0, 0xf, 0xff, 0xff, 0xf0, 0x0, 0x0, 0x0, 0x0, 0x25, 0x55, 0x55, 0x52, 0xf,
    0xff, 0xff, 0xf0, 0x25, 0x55, 0x55, 0x52, 0xef, 0xff, 0xff, 0xf9, 0xd, 0xff, 0xff, 0xd0, 0x9f,
    0xff, 0xff, 0xfe, 0xff, 0xff, 0xff, 0xfe, 0x11, 0x33, 0x33, 0x12, 0xef, 0xff, 0xff, 0xff, 0xff,
    0xff, 0xff, 0xff, 0xd7, 0x55, 0x55, 0x7e, 0xff, 0xff, 0xff, 0xff, 0xff, 0xff, 0xff, 0xff, 0xff,
    0xff, 0xff, 0xff, 0xff, 0xff, 0xff, 0xff, 0xff, 0xff, 0xff, 0xff, 0xff, 0xff, 0xff, 0xff, 0x83,
    0xf5, 0x2e, 0xff, 0xff, 0xff, 0xff, 0xff, 0xff, 0xff, 0xff, 0xff, 0x95, 0xf7, 0x4f, 0xff, 0xbf,
    0xff, 0xff, 0xff, 0xff, 0xff, 0xff, 0xff, 0xff, 0xff, 0xff, 0xfb, 0x0, 0x0, 0x0, 0x0, 0x0,
    0x0, 0x0, 0x0, 0x1d, 0xda, 0x63, 0x0, 0x0, 0x0, 0x0, 0x0, 0x0, 0x0, 0x0, 0x0, 0x6f,
    0xff, 0xff, 0xe8, 0x0, 0x0, 0x0, 0x0, 0x0, 0x0, 0x0, 0x0, 0xcf, 0xff, 0xff, 0xff, 0x0,
    0x0, 0x0, 0x0, 0x0, 0x0, 0x0, 0x4, 0xff, 0xff, 0xff, 0xfe, 0x0, 0x0, 0x0, 0x0, 0x0,
    0x0, 0x0, 0xa, 0xff, 0xff, 0xff, 0xfd, 0x0, 0x0, 0x0, 0x0, 0x0, 0x0, 0x0, 0x2f, 0xff,
    0xff, 0xff, 0xfb, 0x0, 0x0, 0x0, 0x0, 0x0, 0x0, 0x0, 0x4f, 0xff, 0xff, 0xff, 0xf9, 0x0,
    0x0, 0x0, 0x0, 0x0, 0x0, 0x0, 0x9, 0xff, 0xff, 0xff, 0xf6, 0x0, 0x0, 0x0, 0x0, 0x0,
    0x0, 0x0, 0x0, 0x6f, 0xff, 0xff, 0xf2, 0x0, 0x0, 0x0, 0x0, 0x0, 0x0, 0x0, 0x0, 0x6,
    0xff, 0xff, 0xc0, 0x0, 0x0, 0x0, 0x0, 0x0, 0x0, 0x0, 0x0, 0xa, 0xff, 0xff, 0x60, 0x0,
    0x0, 0x0, 0x0, 0x0, 0x0, 0x0, 0x0, 0x4f, 0xff, 0xfe, 0x10, 0x0, 0x0, 0x0, 0x0, 0x0,
    0x0, 0x0, 0x1, 0xdf, 0xff, 0xf7, 0x0, 0x0, 0x0, 0x0, 0x0, 0x0, 0x0, 0x0, 0xb, 0xff,
    0xff, 0xd0, 0x0, 0x0, 0x0, 0x2, 0x40, 0x0, 0x0, 0x0, 0xaf, 0xff, 0xff, 0x40, 0x0, 0x0,
    0x3, 0xaf, 0xf9, 0x0, 0x0, 0x1b, 0xff, 0xff, 0xf7, 0x0, 0x0, 0x6, 0xcf, 0xff, 0xff, 0x70,
    0x4, 0xdf, 0xff, 0xff, 0xa0, 0x0, 0x0, 0xcf, 0xff, 0xff, 0xff, 0xf6, 0xaf, 0xff, 0xff, 0xfb,
    0x0, 0x0, 0x0, 0xdf, 0xff, 0xff, 0xff, 0xff, 0xff, 0xff, 0xff, 0xa0, 0x0, 0x0, 0x0, 0xaf,
    0xff, 0xff, 0xff, 0xff, 0xff, 0xff, 0xf7, 0x0, 0x0, 0x0, 0x0, 0x6f, 0xff, 0xff, 0xff, 0xff,
    0xff, 0xfd, 0x40, 0x0, 0x0, 0x0, 0x0, 0x3f, 0xff, 0xff, 0xff, 0xff, 0xfe, 0x70, 0x0, 0x0,
    0x0, 0x0, 0x0, 0xe, 0xff, 0xff, 0xff, 0xfc, 0x61, 0x0, 0x0, 0x0, 0x0, 0x0, 0x0, 0x8,
    0xfe, 0xdb, 0x96, 0x20, 0x0, 0x0, 0x0, 0x0, 0x0, 0x0, 0x0, 0x1, 0x8d, 0xfd, 0x81, 0x0,
    0x0, 0x0, 0x0, 0x3, 0x30, 0x1, 0xcf, 0xff, 0xff, 0xc1, 0x0, 0x0, 0x0, 0x4d, 0xff, 0xe5,
    0x8f, 0xff, 0xff, 0xff, 0x80, 0x0, 0x0, 0x5f, 0xff, 0xff, 0xdd, 0xff, 0x71, 0x7f, 0xfd, 0x0,
    0x0, 0x5f, 0xff, 0xff, 0xd2, 0xff, 0xf1, 0x1, 0xff, 0xf0, 0x0, 0x5f, 0xff, 0xff, 0xd2, 0xd,
    0xff, 0x71, 0x7f, 0xfd, 0x0, 0x5f, 0xff, 0xff, 0xd2, 0x0, 0x8f, 0xff, 0xff, 0xff, 0xe2, 0x5f,
    0xff, 0xff, 0xd2, 0x0, 0x1, 0xcf, 0xff, 0xff, 0xff, 0xef, 0xff, 0xff, 0xd2, 0x0, 0x0, 0x1,
    0x8d, 0xff, 0xff, 0xff, 0xff, 0xff, 0xd2, 0x0, 0x0, 0x0, 0x0, 0x0, 0x5f, 0xff, 0xff, 0xff,
    0xd2, 0x0, 0x0, 0x0, 0x0, 0x0, 0x0, 0x9f, 0xff, 0xff, 0xf4, 0x0, 0x0, 0x0, 0x0, 0x0,
    0x0, 0x5f, 0xff, 0xff, 0xff, 0xd2, 0x0, 0x0, 0x0, 0x1, 0x8d, 0xff, 0xff, 0xff, 0xff, 0xff,
    0xd2, 0x0, 0x0, 0x1, 0xcf, 0xff, 0xff, 0xff, 0xef, 0xff, 0xff, 0xd2, 0x0, 0x0, 0x8f, 0xff,
    0xff, 0xff, 0xe2, 0x5f, 0xff, 0xff, 0xd2, 0x0, 0xd, 0xff, 0x71, 0x7f, 0xfd, 0x0, 0x5f, 0xff,
    0xff, 0xd2, 0x0, 0xff, 0xf1, 0x1, 0xff, 0xf0, 0x0, 0x5f, 0xff, 0xff, 0xd2, 0xd, 0xff, 0x71,
    0x7f, 0xfd, 0x0, 0x0, 0x5f, 0xff, 0xff, 0xd2, 0x8f, 0xff, 0xff, 0xff, 0x80, 0x0, 0x0, 0x5f,
    0xff, 0xff, 0xd1, 0xcf, 0xff, 0xff, 0xc1, 0x0, 0x0, 0x0, 0x4d, 0xff, 0xe5, 0x1, 0x8d, 0xfd,
    0x81, 0x0, 0x0, 0x0, 0x0, 0x3, 0x30, 0x0, 0x0, 0x0, 0x0, 0xbf, 0xff, 0xff, 0xff, 0xf0,
    0x7a, 0x0, 0x0, 0x0, 0x0, 0xf, 0xff, 0xff, 0xff, 0xff, 0x8, 0xfb, 0x0, 0x0, 0x0, 0x0,
    0xff, 0xff, 0xff, 0xff, 0xf0, 0x8f, 0xfb, 0x0, 0x0, 0x0, 0xf, 0xff, 0xff, 0xff, 0xff, 0x8,
    0xff, 0xfa, 0x47, 0x88, 0x40, 0xff, 0xff, 0xff, 0xff, 0xf0, 0x48, 0x88, 0x7e, 0xff, 0xf8, 0xf,
    0xff, 0xff, 0xff, 0xff, 0x40, 0x0, 0x0, 0xff, 0xff, 0x80, 0xff, 0xff, 0xff, 0xff, 0xff, 0xff,
    0xff, 0xff, 0xff, 0xf8, 0xf, 0xff, 0xff, 0xff, 0xff, 0xff, 0xff, 0xff, 0xff, 0xff, 0x80, 0xff,
    0xff, 0xff, 0xff, 0xff, 0xff, 0xff, 0xff, 0xff, 0xf8, 0xf, 0xff, 0xff, 0xff, 0xff, 0xff, 0xff,
    0xff, 0xff, 0xff, 0x80, 0xff, 0xff, 0xff, 0xff, 0xff, 0xff, 0xff, 0xff, 0xff, 0xf8, 0xf, 0xff,
    0xff, 0xff, 0xff, 0xff, 0xff, 0xff, 0xff, 0xff, 0x80, 0xff, 0xff, 0xff, 0xff, 0xff, 0xff, 0xff,
    0xff, 0xff, 0xf8, 0xf, 0xff, 0xff, 0xff, 0xff, 0xff, 0xff, 0xff, 0xff, 0xff, 0x80, 0xff, 0xff,
    0xff, 0xff, 0xff, 0xff, 0xff, 0xff, 0xff, 0xf8, 0xf, 0xff, 0xff, 0xff, 0xff, 0xff, 0xff, 0xff,
    0xff, 0xff, 0x80, 0xff, 0xff, 0xff, 0xff, 0xff, 0xff, 0xff, 0xff, 0xff, 0xf8, 0xf, 0xff, 0xff,
    0xff, 0xff, 0xff, 0xff, 0xff, 0xff, 0xff, 0x80, 0xef, 0xff, 0xff, 0xff, 0xff, 0xff, 0xff, 0xef,
    0xff, 0xfc, 0x4, 0x78, 0x88, 0x88, 0x88, 0x88, 0x88, 0x74, 0xff, 0xff, 0xf9, 0x20, 0x0, 0x0,
    0x0, 0x0, 0x0, 0x0, 0xf, 0xff, 0xff, 0xff, 0xff, 0xff, 0xff, 0xff, 0x0, 0x0, 0x0, 0xff,
    0xff, 0xff, 0xff, 0xff, 0xff, 0xff, 0xf0, 0x0, 0x0, 0xb, 0xff, 0xff, 0xff, 0xff, 0xff, 0xff,
    0xfb, 0x0, 0x0, 0x0, 0x3c, 0xff, 0xff, 0xff, 0xff, 0xff, 0xff, 0xfd, 0x40, 0x0, 0xc, 0xff,
    0xff, 0xff, 0xff, 0xff, 0xff, 0xff, 0xff, 0x40, 0x0, 0xff, 0xff, 0xff, 0xff, 0xff, 0xff, 0xff,
    0xff, 0xff, 0x40, 0xf, 0xff, 0x10, 0x0, 0x0, 0x0, 0x0, 0x3, 0xff, 0xff, 0x40, 0xff, 0xf0,
    0x0, 0x0, 0x0, 0x0, 0x0, 0xf, 0xff, 0xff, 0x4f, 0xff, 0x0, 0x0, 0x0, 0x0, 0x0, 0x0,
    0xff, 0xff, 0xfd, 0xff, 0xf0, 0x0, 0x0, 0x0, 0x0, 0x0, 0xf, 0xff, 0xff, 0xff, 0xff, 0x0,
    0x0, 0x0, 0x0, 0x0, 0x0, 0xff, 0xff, 0xff, 0xff, 0xf1, 0x0, 0x0, 0x0, 0x0, 0x0, 0x1f,
    0xff, 0xff, 0xff, 0xff, 0xff, 0xff, 0xff, 0xff, 0xff, 0xff, 0xff, 0xff, 0xff, 0xff, 0xff, 0xff,
    0xff, 0xff, 0xff, 0xff, 0xff, 0xff, 0xff, 0xff, 0xff, 0xff, 0xff, 0xff, 0xff, 0xff, 0xff, 0xff,
    0xff, 0xff, 0xff, 0xff, 0xff, 0xff, 0xc3, 0x13, 0xcf, 0xff, 0xff, 0xff, 0xff, 0xff, 0xff, 0xff,
    0xd1, 0x0, 0x1, 0xdf, 0xff, 0xff, 0xff, 0xff, 0xff, 0xff, 0xf9, 0x0, 0x0, 0x9, 0xff, 0xff,
    0xff, 0xff, 0xff, 0xff, 0xff, 0x90, 0x0, 0x0, 0x9f, 0xff, 0xff, 0xff, 0xff, 0xff, 0xff, 0xfd,
    0x10, 0x0, 0x1d, 0xff, 0xff, 0xff, 0xff, 0xff, 0xff, 0xff, 0xfc, 0x31, 0x3c, 0xff, 0xff, 0xff,
    0xff, 0xff, 0xff, 0xff, 0xff, 0xff, 0xff, 0xff, 0xff, 0xff, 0xff, 0xfc, 0xff, 0xff, 0xff, 0xff,
    0xff, 0xff, 0xff, 0xff, 0xff, 0xfc, 0x3c, 0xff, 0xff, 0xff, 0xff, 0xff, 0xff, 0xff, 0xff, 0xfc,
    0x30, 0x13, 0x33, 0x33, 0x33, 0x33, 0x33, 0x33, 0x33, 0x33, 0x33, 0x1e, 0xff, 0xff, 0xff, 0xff,
    0xff, 0xff, 0xff, 0xff, 0xff, 0xfe, 0xff, 0xff, 0xff, 0xff, 0xff, 0xff, 0xff, 0xff, 0xff, 0xff,
    0xfe, 0xff, 0xff, 0xff, 0xff, 0xff, 0xff, 0xff, 0xff, 0xff, 0xfe, 0x13, 0x33, 0x33, 0x33, 0x33,
    0x33, 0x33, 0x33, 0x33, 0x33, 0x10, 0x0, 0x0, 0x0, 0x0, 0x0, 0x0, 0x0, 0x0, 0x0, 0x0,
    0x0, 0x0, 0x0, 0x0, 0x0, 0x0, 0x0, 0x0, 0x0, 0x0, 0x0, 0x0, 0x0, 0x0, 0x0, 0x0,
    0x0, 0x0, 0x0, 0x0, 0x0, 0x46, 0x66, 0x66, 0x66, 0x66, 0x66, 0x66, 0x66, 0x66, 0x66, 0x4f,
    0xff, 0xff, 0xff, 0xff, 0xff, 0xff, 0xff, 0xff, 0xff, 0xff, 0xff, 0xff, 0xff, 0xff, 0xff, 0xff,
    0xff, 0xff, 0xff, 0xff, 0xfd, 0xff, 0xff, 0xff, 0xff, 0xff, 0xff, 0xff, 0xff, 0xff, 0xfd, 0x0,
    0x0, 0x0, 0x0, 0x0, 0x0, 0x0, 0x0, 0x0, 0x0, 0x0, 0x0, 0x0, 0x0, 0x0, 0x0, 0x0,
    0x0, 0x0, 0x0, 0x0, 0x0, 0x0, 0x0, 0x0, 0x0, 0x0, 0x0, 0x0, 0x0, 0x0, 0x1, 0x33,
    0x33, 0x33, 0x33, 0x33, 0x33, 0x33, 0x33, 0x33, 0x31, 0xef, 0xff, 0xff, 0xff, 0xff, 0xff, 0xff,
    0xff, 0xff, 0xff, 0xef, 0xff, 0xff, 0xff, 0xff, 0xff, 0xff, 0xff, 0xff, 0xff, 0xff, 0xef, 0xff,
    0xff, 0xff, 0xff, 0xff, 0xff, 0xff, 0xff, 0xff, 0xe1, 0x33, 0x33, 0x33, 0x33, 0x33, 0x33, 0x33,
    0x33, 0x33, 0x31, 0x3c, 0xff, 0xff, 0xff, 0xff, 0xff, 0xff, 0xff, 0xff, 0xff, 0xff, 0xc3, 0xcf,
    0xff, 0xff, 0xff, 0xff, 0xff, 0xff, 0xff, 0xff, 0xff, 0xff, 0xfc, 0xff, 0xff, 0xff, 0xff, 0xff,
    0xff, 0xff, 0xff, 0xff, 0xff, 0xff, 0xff, 0xdf, 0xff, 0xff, 0xff, 0xff, 0xff, 0xff, 0xff, 0xff,
    0xff, 0xff, 0xfd, 0x2c, 0xff, 0xff, 0xff, 0xff, 0xff, 0xff, 0xff, 0xff, 0xff, 0xff, 0xc2, 0x1,
    0x9f, 0xff, 0xff, 0xff, 0xff, 0xff, 0xff, 0xff, 0xff, 0xf9, 0x10, 0xe4, 0x5, 0xef, 0xff, 0xff,
    0xff, 0xff, 0xff, 0xff, 0xfe, 0x50, 0x4e, 0xff, 0x80, 0x2c, 0xff, 0xff, 0xff, 0xff, 0xff, 0xff,
    0xc2, 0x8, 0xff, 0xff, 0xfc, 0x20, 0x8f, 0xff, 0xff, 0xff, 0xff, 0xf8, 0x2, 0xcf, 0xff, 0xff,
    0xff, 0xe5, 0x4, 0xef, 0xff, 0xff, 0xfe, 0x40, 0x5e, 0xff, 0xff, 0xff, 0xff, 0xff, 0x91, 0x1b,
    0xff, 0xff, 0xb1, 0x19, 0xff, 0xff, 0xff, 0xff, 0xff, 0xff, 0xfd, 0x20, 0x6d, 0xd6, 0x2, 0xdf,
    0xff, 0xff, 0xff, 0xff, 0xff, 0xff, 0xff, 0xe6, 0x0, 0x0, 0x6e, 0xff, 0xff, 0xff, 0xff, 0xff,
    0xff, 0xff, 0xff, 0xff, 0xd9, 0x9d, 0xff, 0xff, 0xff, 0xff, 0xff, 0xff, 0xff, 0xff, 0xff, 0xff,
    0xff, 0xff, 0xff, 0xff, 0xff, 0xff, 0xff, 0xff, 0xff, 0xff, 0xff, 0xff, 0xff, 0xff, 0xff, 0xff,
    0xff, 0xff, 0xff, 0xcf, 0xff, 0xff, 0xff, 0xff, 0xff, 0xff, 0xff, 0xff, 0xff, 0xff, 0xfc, 0x3c,
    0xff, 0xff, 0xff, 0xff, 0xff, 0xff, 0xff, 0xff, 0xff, 0xff, 0xc3, 0x4, 0xef, 0xff, 0xff, 0xfe,
    0x40, 0x0, 0x0, 0x9f, 0xff, 0xff, 0xff, 0xf6, 0x0, 0x0, 0xb, 0xff, 0xff, 0xff, 0xff, 0x20,
    0x0, 0x0, 0xdf, 0xff, 0xff, 0xff, 0xc0, 0x0, 0x0, 0xe, 0xff, 0xff, 0xff, 0xf7, 0x0, 0x0,
    0x2, 0xff, 0xff, 0xff, 0xff, 0x20, 0x0, 0x0, 0x4f, 0xff, 0xff, 0xff, 0xc0, 0x0, 0x0, 0x6,
    0xff, 0xff, 0xff, 0xfc, 0x88, 0x88, 0x74, 0x8f, 0xff, 0xff, 0xff, 0xff, 0xff, 0xff, 0xea, 0xff,
    0xff, 0xff, 0xff, 0xff, 0xff, 0xfa, 0xcf, 0xff, 0xff, 0xff, 0xff, 0xff, 0xff, 0x2e, 0xff, 0xff,
    0xff, 0xff, 0xff, 0xff, 0x80, 0xef, 0xff, 0xff, 0xff, 0xff, 0xff, 0xd1, 0x3, 0x78, 0x88, 0x8a,
    0xff, 0xff, 0xf5, 0x0, 0x0, 0x0, 0x0, 0x8f, 0xff, 0xfc, 0x0, 0x0, 0x0, 0x0, 0xc, 0xff,
    0xff, 0x30, 0x0, 0x0, 0x0, 0x0, 0xff, 0xff, 0x90, 0x0, 0x0, 0x0, 0x0, 0x4f, 0xff, 0xe1,
    0x0, 0x0, 0x0, 0x0, 0x7, 0xff, 0xf7, 0x0, 0x0, 0x0, 0x0, 0x0, 0xbf, 0xfd, 0x0, 0x0,
    0x0, 0x0, 0x0, 0xe, 0xff, 0x50, 0x0, 0x0, 0x0, 0x0, 0x3, 0xff, 0xb0, 0x0, 0x0, 0x0,
    0x0, 0x0, 0x6f, 0xf3, 0x0, 0x0, 0x0, 0x0, 0x0, 0x4, 0xe7, 0x0, 0x0, 0x0, 0x0, 0x0,
    0x0, 0x4, 0xcf, 0xc4, 0x0, 0x0, 0x0, 0x0, 0x0, 0x4, 0x78, 0x88, 0xef, 0xef, 0xe8, 0x88,
    0x74, 0x0, 0x0, 0x0, 0xef, 0xff, 0xff, 0x80, 0x8f, 0xff, 0xff, 0xe0, 0x0, 0x0, 0xf, 0xff,
    0xff, 0xf8, 0x8, 0xff, 0xff, 0xff, 0x0, 0x0, 0x0, 0xff, 0xff, 0xff, 0xfe, 0xff, 0xff, 0xff,
    0xf0, 0x0, 0x0, 0xf, 0xff, 0xff, 0xff, 0xff, 0xff, 0xff, 0xff, 0x0, 0x0, 0x0, 0xff, 0xff,
    0xff, 0xe5, 0x10, 0x0, 0x0, 0x0, 0x0, 0x0, 0xf, 0xff, 0xff, 0xf5, 0x17, 0x88, 0x88, 0x88,
    0x4, 0x30, 0x0, 0xff, 0xff, 0xff, 0x17, 0xff, 0xff, 0xff, 0xf0, 0x8f, 0x40, 0xf, 0xff, 0xff,
    0xf0, 0x8f, 0xff, 0xff, 0xff, 0x8, 0xff, 0x40, 0xff, 0xff, 0xff, 0x8, 0xff, 0xff, 0xff, 0xf0,
    0x8f, 0xff, 0x4f, 0xff, 0xff, 0xf0, 0x8f, 0xff, 0xff, 0xff, 0x8, 0xff, 0xfe, 0xff, 0xff, 0xff,
    0x8, 0xff, 0xff, 0xff, 0xf1, 0x0, 0x0, 0xf, 0xff, 0xff, 0xf0, 0x8f, 0xff, 0xff, 0xff, 0xb8,
    0x88, 0x88, 0xff, 0xff, 0xff, 0x8, 0xff, 0xff, 0xff, 0xff, 0xff, 0xff, 0xff, 0xff, 0xff, 0xf0,
    0x8f, 0xff, 0xff, 0xff, 0xff, 0xff, 0xff, 0xff, 0xff, 0xff, 0x8, 0xff, 0xff, 0xff, 0xff, 0xff,
    0xff, 0xff, 0xff, 0xff, 0xf0, 0x8f, 0xff, 0xff, 0xff, 0xff, 0xff, 0xff, 0xef, 0xff, 0xff, 0x8,
    0xff, 0xff, 0xff, 0xff, 0xff, 0xff, 0xf4, 0x78, 0x88, 0x80, 0x8f, 0xff, 0xff, 0xff, 0xff, 0xff,
    0xff, 0x0, 0x0, 0x0, 0x8, 0xff, 0xff, 0xff, 0xff, 0xff, 0xff, 0xf0, 0x0, 0x0, 0x0, 0x8f,
    0xff, 0xff, 0xff, 0xff, 0xff, 0xff, 0x0, 0x0, 0x0, 0x7, 0xff, 0xff, 0xff, 0xff, 0xff, 0xff,
    0xf0, 0x0, 0x0, 0x0, 0x4e, 0xff, 0xff, 0xff, 0xff, 0xff, 0xfb, 0x0, 0x0, 0x0, 0x0, 0x8,
    0xe8, 0x0, 0x0, 0x0, 0x0, 0x0, 0x0, 0x0, 0x0, 0x0, 0xff, 0xf0, 0x0, 0x0, 0x0, 0x0,
    0x0, 0x0, 0x0, 0x1, 0x6f, 0xff, 0x51, 0x0, 0x0, 0x0, 0x0, 0x0, 0x0, 0x8, 0xef, 0xff,
    0xff, 0xf8, 0x0, 0x0, 0x0, 0x0, 0x0, 0x1b, 0xff, 0xff, 0xff, 0xff, 0xfb, 0x10, 0x0, 0x0,
    0x0, 0xa, 0xff, 0xff, 0xff, 0xff, 0xff, 0xf9, 0x0, 0x0, 0x0, 0x4, 0xff, 0xff, 0xff, 0xff,
    0xff, 0xff, 0xf3, 0x0, 0x0, 0x0, 0xaf, 0xff, 0xff, 0xff, 0xff, 0xff, 0xff, 0x90, 0x0, 0x0,
    0xd, 0xff, 0xff, 0xff, 0xff, 0xff, 0xff, 0xfd, 0x0, 0x0, 0x0, 0xff, 0xff, 0xff, 0xff, 0xff,
    0xff, 0xff, 0xf0, 0x0, 0x0, 0x1f, 0xff, 0xff, 0xff, 0xff, 0xff, 0xff, 0xff, 0x10, 0x0, 0x2,
    0xff, 0xff, 0xff, 0xff, 0xff, 0xff, 0xff, 0xf2, 0x0, 0x0, 0x4f, 0xff, 0xff, 0xff, 0xff, 0xff,
    0xff, 0xff, 0x40, 0x0, 0x8, 0xff, 0xff, 0xff, 0xff, 0xff, 0xff, 0xff, 0xf8, 0x0, 0x0, 0xdf,
    0xff, 0xff, 0xff, 0xff, 0xff, 0xff, 0xff, 0xd0, 0x0, 0x6f, 0xff, 0xff, 0xff, 0xff, 0xff, 0xff,
    0xff, 0xff, 0x50, 0x3e, 0xff, 0xff, 0xff, 0xff, 0xff, 0xff, 0xff, 0xff, 0xfe, 0x3d, 0xff, 0xff,
    0xff, 0xff, 0xff, 0xff, 0xff, 0xff, 0xff, 0xfd, 0xdf, 0xff, 0xff, 0xff, 0xff, 0xff, 0xff, 0xff,
    0xff, 0xff, 0xd2, 0x78, 0x88, 0x88, 0x88, 0x88, 0x88, 0x88, 0x88, 0x88, 0x72, 0x0, 0x0, 0x0,
    0x0, 0x0, 0x0, 0x0, 0x0, 0x0, 0x0, 0x0, 0x0, 0x0, 0x0, 0x6f, 0xff, 0xff, 0x60, 0x0,
    0x0, 0x0, 0x0, 0x0, 0x0, 0x2, 0xef, 0xff, 0xe2, 0x0, 0x0, 0x0, 0x0, 0x0, 0x0, 0x0,
    0x3, 0xce, 0xc3, 0x0, 0x0, 0x0, 0x0, 0x3c, 0xff, 0xff, 0xff, 0xff, 0xff, 0xff, 0xff, 0xff,
    0xff, 0xff, 0xff, 0xfc, 0x3c, 0xff, 0xff, 0xff, 0xff, 0xff, 0xff, 0xff, 0xff, 0xff, 0xff, 0xff,
    0xff, 0xfc, 0xff, 0xff, 0xff, 0xff, 0xff, 0xff, 0xff, 0xff, 0xff, 0xff, 0xff, 0xff, 0xff, 0xff,
    0xff, 0x10, 0x1f, 0x90, 0x9, 0xf1, 0x1, 0xf9, 0x0, 0x9f, 0x10, 0x1f, 0xff, 0xff, 0xf0, 0x0,
    0xf8, 0x0, 0x8f, 0x0, 0xf, 0x80, 0x8, 0xf0, 0x0, 0xff, 0xff, 0xff, 0x10, 0x1f, 0x90, 0x9,
    0xf1, 0x1, 0xf9, 0x0, 0x9f, 0x10, 0x1f, 0xff, 0xff, 0xff, 0xff, 0xff, 0xff, 0xff, 0xff, 0xff,
    0xff, 0xff, 0xff, 0xff, 0xff, 0xff, 0xff, 0xff, 0xb8, 0x8e, 0xe8, 0x8b, 0xfb, 0x88, 0xee, 0x88,
    0xbf, 0xff, 0xff, 0xff, 0xff, 0xf4, 0x0, 0xbb, 0x0, 0x4f, 0x40, 0xb, 0xb0, 0x4, 0xff, 0xff,
    0xff, 0xff, 0xff, 0x40, 0xb, 0xb0, 0x4, 0xf4, 0x0, 0xbb, 0x0, 0x4f, 0xff, 0xff, 0xff, 0xff,
    0xfb, 0x88, 0xee, 0x88, 0xbf, 0xb8, 0x8e, 0xe8, 0x8b, 0xff, 0xff, 0xff, 0xff, 0xff, 0xff, 0xff,
    0xff, 0xff, 0xff, 0xff, 0xff, 0xff, 0xff, 0xff, 0xff, 0xff, 0xf1, 0x1, 0xf9, 0x0, 0x0, 0x0,
    0x0, 0x0, 0x9, 0xf1, 0x1, 0xff, 0xff, 0xff, 0x0, 0xf, 0x80, 0x0, 0x0, 0x0, 0x0, 0x0,
    0x8f, 0x0, 0xf, 0xff, 0xff, 0xf1, 0x1, 0xf9, 0x0, 0x0, 0x0, 0x0, 0x0, 0x9, 0xf1, 0x1,
    0xff, 0xff, 0xff, 0xff, 0xff, 0xff, 0xff, 0xff, 0xff, 0xff, 0xff, 0xff, 0xff, 0xff, 0xff, 0xcf,
    0xff, 0xff, 0xff, 0xff, 0xff, 0xff, 0xff, 0xff, 0xff, 0xff, 0xff, 0xff, 0xc3, 0xcf, 0xff, 0xff,
    0xff, 0xff, 0xff, 0xff, 0xff, 0xff, 0xff, 0xff, 0xff, 0xc3, 0x0, 0x0, 0x0, 0x0, 0x0, 0x0,
    0x0, 0x0, 0x0, 0x3, 0xae, 0xc2, 0x0, 0x0, 0x0, 0x0, 0x0, 0x0, 0x0, 0x0, 0x4, 0xbf,
    0xff, 0xfc, 0x0, 0x0, 0x0, 0x0, 0x0, 0x0, 0x0, 0x5, 0xcf, 0xff, 0xff, 0xfe, 0x0, 0x0,
    0x0, 0x0, 0x0, 0x0, 0x16, 0xdf, 0xff, 0xff, 0xff, 0xfa, 0x0, 0x0, 0x0, 0x0, 0x0, 0x18,
    0xef, 0xff, 0xff, 0xff, 0xff, 0xf3, 0x0, 0x0, 0x0, 0x0, 0x29, 0xff, 0xff, 0xff, 0xff, 0xff,
    0xff, 0xb0, 0x0, 0x0, 0x0, 0x3a, 0xff, 0xff, 0xff, 0xff, 0xff, 0xff, 0xff, 0x40, 0x0, 0x0,
    0x4b, 0xff, 0xff, 0xff, 0xff, 0xff, 0xff, 0xff, 0xfc, 0x0, 0x0, 0x6d, 0xff, 0xff, 0xff, 0xff,
    0xff, 0xff, 0xff, 0xff, 0xf5, 0x0, 0x3d, 0xff, 0xff, 0xff, 0xff, 0xff, 0xff, 0xff, 0xff, 0xff,
    0xd0, 0x0, 0xcf, 0xff, 0xff, 0xff, 0xff, 0xff, 0xff, 0xff, 0xff, 0xff, 0x60, 0x0, 0xef, 0xff,
    0xff, 0xff, 0xff, 0xff, 0xff, 0xff, 0xff, 0xfe, 0x10, 0x0, 0x9f, 0xff, 0xff, 0xff, 0xff, 0xff,
    0xff, 0xff, 0xff, 0xf8, 0x0, 0x0, 0x5, 0x78, 0x88, 0x88, 0x88, 0xbf, 0xff, 0xff, 0xff, 0xf1,
    0x0, 0x0, 0x0, 0x0, 0x0, 0x0, 0x0, 0x8f, 0xff, 0xff, 0xff, 0x90, 0x0, 0x0, 0x0, 0x0,
    0x0, 0x0, 0x0, 0x8f, 0xff, 0xff, 0xff, 0x20, 0x0, 0x0, 0x0, 0x0, 0x0, 0x0, 0x0, 0x8f,
    0xff, 0xff, 0xfa, 0x0, 0x0, 0x0, 0x0, 0x0, 0x0, 0x0, 0x0, 0x8f, 0xff, 0xff, 0xf3, 0x0,
    0x0, 0x0, 0x0, 0x0, 0x0, 0x0, 0x0, 0x8f, 0xff, 0xff, 0xb0, 0x0, 0x0, 0x0, 0x0, 0x0,
    0x0, 0x0, 0x0, 0x8f, 0xff, 0xff, 0x40, 0x0, 0x0, 0x0, 0x0, 0x0, 0x0, 0x0, 0x0, 0x8f,
    0xff, 0xfd, 0x0, 0x0, 0x0, 0x0, 0x0, 0x0, 0x0, 0x0, 0x0, 0x7f, 0xff, 0xf6, 0x0, 0x0,
    0x0, 0x0, 0x0, 0x0, 0x0, 0x0, 0x0, 0x5f, 0xff, 0xd0, 0x0, 0x0, 0x0, 0x0, 0x0, 0x0,
    0x0, 0x0, 0x0, 0x8, 0xec, 0x30, 0x0, 0x0, 0x0, 0x0, 0x0, 0x0, 0x6f, 0xf6, 0x0, 0x0,
    0x6, 0xff, 0x60, 0x0, 0x0, 0x0, 0x8, 0xff, 0x80, 0x0, 0x0, 0x8f, 0xf8, 0x0, 0x0, 0x0,
    0x0, 0x8f, 0xf8, 0x0, 0x0, 0x8, 0xff, 0x80, 0x0, 0x3, 0xcf, 0xff, 0xff, 0xff, 0xff, 0xff,
    0xff, 0xff, 0xff, 0xc3, 0xcf, 0xff, 0xff, 0xff, 0xff, 0xff, 0xff, 0xff, 0xff, 0xff, 0xcf, 0xff,
    0xff, 0xff, 0xff, 0xff, 0xff, 0xff, 0xff, 0xff, 0xff, 0xff, 0xff, 0xff, 0xff, 0xff, 0xff, 0xff,
    0xff, 0xff, 0xff, 0xf6, 0x88, 0x88, 0x88, 0x88, 0x88, 0x88, 0x88, 0x88, 0x88, 0x86, 0x0, 0x0,
    0x0, 0x0, 0x0, 0x0, 0x0, 0x0, 0x0, 0x0, 0xe, 0xff, 0xff, 0xff, 0xff, 0xff, 0xff, 0xff,
    0xff, 0xff, 0xfe, 0xff, 0xff, 0xff, 0xff, 0xff, 0xff, 0xff, 0xff, 0xff, 0xff, 0xff, 0xff, 0xff,
    0xff, 0xff, 0xff, 0xff, 0xff, 0xff, 0xff, 0xff, 0xff, 0xff, 0xff, 0xff, 0xff, 0xff, 0xff, 0xff,
    0xff, 0xff, 0xff, 0xff, 0xff, 0xff, 0xff, 0xff, 0xff, 0xff, 0xff, 0xff, 0xff, 0xff, 0xff, 0xff,
    0xff, 0xff, 0xff, 0xff, 0xff, 0xff, 0xff, 0xff, 0xff, 0xff, 0xff, 0xff, 0xff, 0xff, 0xff, 0xff,
    0xff, 0xff, 0xff, 0xff, 0xff, 0xff, 0xff, 0xff, 0xff, 0xff, 0xff, 0xff, 0xff, 0xff, 0xff, 0xff,
    0xff, 0xff, 0xff, 0xff, 0xff, 0xff, 0xff, 0xff, 0xff, 0xff, 0xff, 0xff, 0xff, 0xff, 0xff, 0xff,
    0xff, 0xff, 0xff, 0xff, 0xff, 0xff, 0xff, 0xff, 0xff, 0xff, 0xff, 0xff, 0xff, 0xff, 0xff, 0xff,
    0xff, 0xff, 0xff, 0xff, 0xff, 0xff, 0xff, 0xff, 0xff, 0xff, 0xff, 0xff, 0xff, 0xff, 0xff, 0xff,
    0xff, 0xcf, 0xff, 0xff, 0xff, 0xff, 0xff, 0xff, 0xff, 0xff, 0xff, 0xc3, 0xcf, 0xff, 0xff, 0xff,
    0xff, 0xff, 0xff, 0xff, 0xff, 0xc3, 0xbf, 0xff, 0xff, 0xff, 0xff, 0x80, 0xe4, 0x0, 0x0, 0xff,
    0xff, 0xff, 0xff, 0xff, 0x80, 0xff, 0x40, 0x0, 0xff, 0xff, 0xff, 0xff, 0xff, 0x80, 0xff, 0xf4,
    0x0, 0xff, 0xff, 0xff, 0xff, 0xff, 0x80, 0xff, 0xff, 0x40, 0xff, 0xff, 0xff, 0xff, 0xff, 0x80,
    0xff, 0xff, 0xf4, 0xff, 0xff, 0xff, 0xff, 0xff, 0x80, 0xff, 0xff, 0xfe, 0xff, 0xff, 0xff, 0xff,
    0xff, 0x80, 0x0, 0x0, 0x0, 0xff, 0xff, 0xff, 0xff, 0xff, 0xe8, 0x88, 0x88, 0x88, 0xff, 0xff,
    0xff, 0xff, 0xff, 0xff, 0xff, 0xff, 0xff, 0xff, 0xff, 0xff, 0xff, 0xff, 0xff, 0xff, 0xff, 0xff,
    0xff, 0xff, 0xff, 0xff, 0xff, 0xff, 0xff, 0xff, 0xff, 0xff, 0xff, 0xff, 0xff, 0xff, 0xff, 0xff,
    0xff, 0xff, 0xff, 0xff, 0xff, 0xff, 0xff, 0xff, 0xff, 0xff, 0xff, 0xff, 0xff, 0xff, 0xff, 0xff,
    0xff, 0xff, 0xff, 0xff, 0xff, 0xff, 0xff, 0xff, 0xff, 0xff, 0xff, 0xff, 0xff, 0xff, 0xff, 0xff,
    0xff, 0xff, 0xff, 0xff, 0xff, 0xff, 0xff, 0xff, 0xff, 0xff, 0xff, 0xff, 0xff, 0xff, 0xff, 0xff,
    0xff, 0xff, 0xff, 0xff, 0xff, 0xff, 0xff, 0xff, 0xff, 0xff, 0xff, 0xff, 0xff, 0xff, 0xff, 0xff,
    0xff, 0xff, 0xff, 0xff, 0xff, 0xff, 0xff, 0xff, 0xff, 0xff, 0xff, 0xff, 0xff, 0xff, 0xff, 0xff,
    0xff, 0xff, 0xff, 0xff, 0xff, 0xff, 0xff, 0xff, 0xff, 0xff, 0xff, 0xff, 0xff, 0xff, 0xff, 0xff,
    0xff, 0xff, 0xff, 0xff, 0xff, 0xbf, 0xff, 0xff, 0xff, 0xff, 0xff, 0xff, 0xff, 0xfb, 0x0, 0x0,
    0x0, 0x0, 0x0, 0x4e, 0x40, 0x0, 0x0, 0x0, 0x0, 0x0, 0x0, 0x0, 0x0, 0x0, 0x0, 0xcf,
    0xb0, 0x0, 0x0, 0x0, 0x0, 0x0, 0x0, 0x0, 0x0, 0x0, 0x4, 0xff, 0xf4, 0x0, 0x0, 0x0,
    0x0, 0x0, 0x0, 0x6, 0x94, 0x0, 0xc, 0xff, 0xfb, 0x0, 0x1, 0x59, 0x60, 0x0, 0x0, 0x9,
    0xff, 0xd8, 0x6f, 0xff, 0xff, 0x67, 0xbf, 0xff, 0x90, 0x0, 0x0, 0x5, 0xff, 0xff, 0xff, 0xff,
    0xff, 0xff, 0xff, 0xff, 0x50, 0x0, 0x0, 0x1, 0xff, 0xff, 0xf8, 0x31, 0x13, 0x8f, 0xff, 0xff,
    0x10, 0x0, 0x0, 0x0, 0xbf, 0xfd, 0x30, 0x0, 0x0, 0x3, 0xef, 0xfb, 0x0, 0x0, 0x0, 0x0,
    0x7f, 0xf3, 0x18, 0xdf, 0xd8, 0x10, 0x3f, 0xf7, 0x0, 0x0, 0x0, 0x0, 0x6f, 0x81, 0xcf, 0xff,
    0xff, 0xc1, 0x8, 0xf6, 0x0, 0x0, 0x0, 0x4b, 0xff, 0x38, 0xff, 0xff, 0xff, 0xf8, 0x3, 0xff,
    0xb4, 0x0, 0x4b, 0xff, 0xff, 0x1d, 0xff, 0xff, 0xff, 0xfd, 0x1, 0xff, 0xff, 0xb4, 0xef, 0xff,
    0xff, 0x1f, 0xff, 0xff, 0xff, 0xff, 0x1, 0xff, 0xff, 0xfe, 0x4c, 0xff, 0xff, 0x3d, 0xff, 0xff,
    0xff, 0xfd, 0x3, 0xff, 0xff, 0xc4, 0x0, 0x4c, 0xff, 0x88, 0xff, 0xff, 0xff, 0xf8, 0x8, 0xff,
    0xc4, 0x0, 0x0, 0x0, 0x6f, 0xf3, 0xcf, 0xff, 0xff, 0xc1, 0x3f, 0xf6, 0x0, 0x0, 0x0, 0x0,
    0x8f, 0xfd, 0x38, 0xdf, 0xd8, 0x13, 0xdf, 0xf8, 0x0, 0x0, 0x0, 0x0, 0xdf, 0xff, 0xf8, 0x31,
    0x13, 0x8f, 0xff, 0xfd, 0x0, 0x0, 0x0, 0x4, 0xff, 0xff, 0xff, 0xff, 0xff, 0xff, 0xff, 0xff,
    0x40, 0x0, 0x0, 0x9, 0xff, 0xd8, 0x6f, 0xff, 0xff, 0x67, 0xbf, 0xff, 0x90, 0x0, 0x0, 0x6,
    0x94, 0x0, 0xc, 0xff, 0xfb, 0x0, 0x1, 0x59, 0x50, 0x0, 0x0, 0x0, 0x0, 0x0, 0x4, 0xff,
    0xf4, 0x0, 0x0, 0x0, 0x0, 0x0, 0x0, 0x0, 0x0, 0x0, 0x0, 0xcf, 0xb0, 0x0, 0x0, 0x0,
    0x0, 0x0, 0x0, 0x0, 0x0, 0x0, 0x0, 0x4e, 0x30, 0x0, 0x0, 0x0, 0x0, 0x0, 0x0, 0x0,
    0x0, 0x5b, 0xef, 0xff, 0xff, 0xfe, 0xb5, 0x0, 0x0, 0x0, 0x0, 0x0, 0x9, 0xff, 0xff, 0xff,
    0xff, 0xff, 0xff, 0xa0, 0x0, 0x0, 0x0, 0x0, 0x6f, 0xff, 0xff, 0xff, 0xff, 0xff, 0xff, 0xf7,
    0x0, 0x0, 0x0, 0x0, 0xef, 0xfb, 0x20, 0x0, 0x0, 0x1, 0x7f, 0xfe, 0x10, 0x0, 0x0, 0x6,
    0xff, 0xf1, 0x0, 0x0, 0x0, 0x0, 0xa, 0xff, 0x70, 0x0, 0xdf, 0xff, 0xff, 0x90, 0x0, 0x0,
    0x0, 0x0, 0x3, 0xff, 0xff, 0xfd, 0xbf, 0xff, 0xff, 0xa8, 0x88, 0x88, 0x88, 0x88, 0x88, 0xef,
    0xff, 0xfb, 0x18, 0xff, 0xff, 0xff, 0xff, 0xff, 0xff, 0xff, 0xff, 0xff, 0xff, 0x81, 0xe, 0xff,
    0xcf, 0xff, 0xff, 0xff, 0xff, 0xff, 0xff, 0xfc, 0xff, 0xe0, 0x2f, 0xf5, 0x2, 0xdf, 0xff, 0xff,
    0xff, 0xff, 0xff, 0x60, 0x4f, 0xf2, 0x2f, 0xf1, 0x0, 0x4f, 0xff, 0xff, 0xff, 0xff, 0xfa, 0x0,
    0x1f, 0xf2, 0x2f, 0xf8, 0x0, 0x3f, 0xff, 0xff, 0xff, 0xff, 0xfa, 0x0, 0x7f, 0xf2, 0x1f, 0xff,
    0xff, 0xff, 0xff, 0xff, 0xff, 0xff, 0xff, 0xff, 0xff, 0xf1, 0xb, 0xff, 0xff, 0xff, 0xff, 0xff,
    0xff, 0xff, 0xff, 0xff, 0xff, 0xb0, 0x7, 0xff, 0xff, 0xff, 0xff, 0xff, 0xff, 0xff, 0xff, 0xff,
    0xff, 0x70, 0x7, 0xff, 0xff, 0x30, 0x0, 0x0, 0x0, 0x0, 0x0, 0xcf, 0xff, 0x70, 0x6, 0xff,
    0xff, 0x30, 0x0, 0x0, 0x0, 0x0, 0x0, 0xcf, 0xff, 0x60, 0x1, 0xcf, 0xfa, 0x0, 0x0, 0x0,
    0x0, 0x0, 0x0, 0x5e, 0xfd, 0x20, 0x0, 0x8, 0xe8, 0x0, 0x0, 0x0, 0x8e, 0x80, 0x0, 0x0,
    0xf, 0xff, 0x0, 0x0, 0x0, 0xff, 0xf0, 0x0, 0x0, 0xf, 0xff, 0x0, 0x0, 0x0, 0xff, 0xf0,
    0x0, 0x0, 0xf, 0xff, 0x0, 0x0, 0x0, 0xff, 0xf0, 0x0, 0x0, 0xf, 0xff, 0x0, 0x0, 0x0,
    0xff, 0xf0, 0x0, 0x0, 0xf, 0xff, 0x0, 0x0, 0x0, 0xff, 0xf0, 0x0, 0x0, 0xb, 0xbb, 0x0,
    0x0, 0x0, 0xbb, 0xb0, 0x0, 0x0, 0x0, 0x0, 0x0, 0x0, 0x0, 0x0, 0x0, 0x0, 0xdf, 0xff,
    0xff, 0xff, 0xff, 0xff, 0xff, 0xff, 0xfd, 0xff, 0xff, 0xff, 0xff, 0xff, 0xff, 0xff, 0xff, 0xff,
    0xdf, 0xff, 0xff, 0xff, 0xff, 0xff, 0xff, 0xff, 0xfd, 0x8, 0xff, 0xff, 0xff, 0xff, 0xff, 0xff,
    0xff, 0x80, 0x7, 0xff, 0xff, 0xff, 0xff, 0xff, 0xff, 0xff, 0x70, 0x6, 0xff, 0xff, 0xff, 0xff,
    0xff, 0xff, 0xff, 0x60, 0x3, 0xff, 0xff, 0xff, 0xff, 0xff, 0xff, 0xff, 0x30, 0x0, 0xdf, 0xff,
    0xff, 0xff, 0xff, 0xff, 0xfd, 0x0, 0x0, 0x5f, 0xff, 0xff, 0xff, 0xff, 0xff, 0xf5, 0x0, 0x0,
    0x9, 0xff, 0xff, 0xff, 0xff, 0xff, 0x80, 0x0, 0x0, 0x0, 0x7f, 0xff, 0xff, 0xff, 0xf7, 0x0,
    0x0, 0x0, 0x0, 0x2, 0x9d, 0xff, 0xd9, 0x20, 0x0, 0x0, 0x0, 0x0, 0x0, 0x8, 0xff, 0x80,
    0x0, 0x0, 0x0, 0x0, 0x0, 0x0, 0x8, 0xff, 0x80, 0x0, 0x0, 0x0, 0x0, 0x0, 0x0, 0x8,
    0xff, 0x80, 0x0, 0x0, 0x0, 0x0, 0x0, 0x0, 0x8, 0xff, 0x80, 0x0, 0x0, 0x0, 0x0, 0x0,
    0x0, 0x4, 0x88, 0x40, 0x0, 0x0, 0x0, 0x0, 0x0, 0x0, 0x0, 0x0, 0x3, 0x57, 0x77, 0x75,
    0x30, 0x0, 0x0, 0x0, 0x0, 0x0, 0x0, 0x0, 0x0, 0x3, 0x7c, 0xff, 0xff, 0xff, 0xff, 0xff,
    0xc7, 0x30, 0x0, 0x0, 0x0, 0x0, 0x0, 0x5, 0xcf, 0xff, 0xff, 0xff, 0xff, 0xff, 0xff, 0xff,
    0xfc, 0x50, 0x0, 0x0, 0x0, 0x3, 0xcf, 0xff, 0xff, 0xff, 0xff, 0xff, 0xff, 0xff, 0xff, 0xff,
    0xfc, 0x30, 0x0, 0x0, 0x8f, 0xff, 0xff, 0xff, 0xc9, 0x65, 0x44, 0x56, 0x9c, 0xff, 0xff, 0xff,
    0xf8, 0x0, 0x1b, 0xff, 0xff, 0xfd, 0x61, 0x0, 0x0, 0x0, 0x0, 0x0, 0x16, 0xdf, 0xff, 0xff,
    0xb1, 0xcf, 0xff, 0xfd, 0x50, 0x0, 0x0, 0x0, 0x0, 0x0, 0x0, 0x0, 0x5, 0xdf, 0xff, 0xfc,
    0x9f, 0xff, 0x91, 0x0, 0x0, 0x0, 0x0, 0x0, 0x0, 0x0, 0x0, 0x0, 0x19, 0xff, 0xf9, 0x9,
    0xf6, 0x0, 0x0, 0x0, 0x48, 0xcd, 0xee, 0xdc, 0x84, 0x0, 0x0, 0x0, 0x6f, 0x90, 0x0, 0x20,
    0x0, 0x1, 0x6d, 0xff, 0xff, 0xff, 0xff, 0xff, 0xd6, 0x0, 0x0, 0x2, 0x0, 0x0, 0x0, 0x0,
    0x3d, 0xff, 0xff, 0xff, 0xff, 0xff, 0xff, 0xff, 0xd3, 0x0, 0x0, 0x0, 0x0, 0x0, 0x5, 0xff,
    0xff, 0xff, 0xfd, 0xcc, 0xdf, 0xff, 0xff, 0xff, 0x50, 0x0, 0x0, 0x0, 0x0, 0x8, 0xff, 0xff,
    0xc5, 0x10, 0x0, 0x1, 0x5c, 0xff, 0xff, 0x80, 0x0, 0x0, 0x0, 0x0, 0x0, 0xaf, 0xe4, 0x0,
    0x0, 0x0, 0x0, 0x0, 0x4e, 0xfa, 0x0, 0x0, 0x0, 0x0, 0x0, 0x0, 0x6, 0x10, 0x0, 0x0,
    0x0, 0x0, 0x0, 0x1, 0x60, 0x0, 0x0, 0x0, 0x0, 0x0, 0x0, 0x0, 0x0, 0x0, 0x0, 0x0,
    0x0, 0x0, 0x0, 0x0, 0x0, 0x0, 0x0, 0x0, 0x0, 0x0, 0x0, 0x0, 0x0, 0x8, 0xee, 0x80,
    0x0, 0x0, 0x0, 0x0, 0x0, 0x0, 0x0, 0x0, 0x0, 0x0, 0x0, 0x0, 0x8f, 0xff, 0xf8, 0x0,
    0x0, 0x0, 0x0, 0x0, 0x0, 0x0, 0x0, 0x0, 0x0, 0x0, 0x0, 0xef, 0xff, 0xfe, 0x0, 0x0,
    0x0, 0x0, 0x0, 0x0, 0x0, 0x0, 0x0, 0x0, 0x0, 0x0, 0xef, 0xff, 0xfe, 0x0, 0x0, 0x0,
    0x0, 0x0, 0x0, 0x0, 0x0, 0x0, 0x0, 0x0, 0x0, 0x8f, 0xff, 0xf8, 0x0, 0x0, 0x0, 0x0,
    0x0, 0x0, 0x0, 0x0, 0x0, 0x0, 0x0, 0x0, 0x8, 0xee, 0x80, 0x0, 0x0, 0x0, 0x0, 0x0,
    0x0, 0xdf, 0xd0, 0x0, 0x0, 0x0, 0x0, 0x0, 0x0, 0x0, 0x0, 0x0, 0x0, 0xff, 0xf0, 0x0,
    0x0, 0x0, 0x0, 0x0, 0x3, 0x78, 0x88, 0x87, 0x20, 0xff, 0xf0, 0x0, 0x0, 0x0, 0x0, 0x0,
    0xc, 0xff, 0xff, 0xff, 0x70, 0xff, 0xf0, 0x0, 0x0, 0x0, 0x0, 0x0, 0x7, 0xff, 0xff, 0xff,
    0x80, 0xff, 0xf0, 0x0, 0x0, 0x56, 0x0, 0x0, 0x0, 0x8f, 0xff, 0xff, 0x80, 0xff, 0xf0, 0x0,
    0xa, 0xff, 0xa0, 0x0, 0x0, 0xaf, 0xff, 0xff, 0x80, 0xff, 0xf0, 0x0, 0x9f, 0xff, 0xf9, 0x0,
    0x9, 0xff, 0xff, 0xff, 0x80, 0xff, 0xf0, 0x9, 0xff, 0xff, 0xff, 0x90, 0x9f, 0xff, 0xa8, 0xff,
    0x70, 0xff, 0xf0, 0x6f, 0xff, 0x99, 0xff, 0xfd, 0xff, 0xfa, 0x0, 0x7c, 0x30, 0xff, 0xf0, 0x2d,
    0xf9, 0x0, 0x9f, 0xff, 0xff, 0xa0, 0x0, 0x0, 0x0, 0xff, 0xf0, 0x2, 0x60, 0x0, 0xa, 0xff,
    0xfa, 0x0, 0x0, 0x0, 0x0, 0xff, 0xf0, 0x0, 0x0, 0x0, 0x0, 0x9e, 0x90, 0x0, 0x0, 0x0,
    0x0, 0xff, 0xf0, 0x0, 0x0, 0x0, 0x0, 0x0, 0x0, 0x0, 0x0, 0x0, 0x0, 0xff, 0xf0, 0x0,
    0x0, 0x0, 0x0, 0x0, 0x0, 0x0, 0x0, 0x0, 0x0, 0xff, 0xf0, 0x0, 0x0, 0x0, 0x0, 0x0,
    0x0, 0x0, 0x0, 0x0, 0x0, 0xff, 0xff, 0xff, 0xff, 0xff, 0xff, 0xff, 0xff, 0xff, 0xff, 0xff,
    0xfd, 0xff, 0xff, 0xff, 0xff, 0xff, 0xff, 0xff, 0xff, 0xff, 0xff, 0xff, 0xff, 0x8f, 0xff, 0xff,
    0xff, 0xff, 0xff, 0xff, 0xff, 0xff, 0xff, 0xff, 0xfd, 0x3c, 0xff, 0xff, 0xff, 0xff, 0xff, 0xff,
    0xff, 0xff, 0xff, 0xff, 0xff, 0xff, 0xe8, 0x0, 0xcf, 0xff, 0xff, 0xff, 0xff, 0xff, 0xff, 0xff,
    0xff, 0xff, 0xff, 0xff, 0xff, 0xff, 0x50, 0xff, 0xff, 0xff, 0xff, 0xff, 0xff, 0xff, 0xff, 0xff,
    0xff, 0xff, 0xff, 0xff, 0xff, 0x70, 0xff, 0xf0, 0x0, 0x0, 0x0, 0x0, 0x0, 0x0, 0x0, 0x0,
    0x0, 0x0, 0x8, 0xff, 0xfb, 0xff, 0xf0, 0x8f, 0xff, 0xff, 0xff, 0xff, 0xff, 0xff, 0xff, 0xff,
    0xff, 0x8, 0xff, 0xff, 0xff, 0xf0, 0x8f, 0xff, 0xff, 0xff, 0xff, 0xff, 0xff, 0xff, 0xff, 0xff,
    0x8, 0xff, 0xff, 0xff, 0xf0, 0x8f, 0xff, 0xff, 0xff, 0xff, 0xff, 0xff, 0xff, 0xff, 0xff, 0x0,
    0xf, 0xff, 0xff, 0xf0, 0x8f, 0xff, 0xff, 0xff, 0xff, 0xff, 0xff, 0xff, 0xff, 0xff, 0x0, 0xf,
    0xff, 0xff, 0xf0, 0x8f, 0xff, 0xff, 0xff, 0xff, 0xff, 0xff, 0xff, 0xff, 0xff, 0x0, 0xf, 0xff,
    0xff, 0xf0, 0x8f, 0xff, 0xff, 0xff, 0xff, 0xff, 0xff, 0xff, 0xff, 0xff, 0x8, 0xff, 0xff, 0xff,
    0xf0, 0x0, 0x0, 0x0, 0x0, 0x0, 0x0, 0x0, 0x0, 0x0, 0x0, 0x8, 0xff, 0xff, 0xff, 0xf0,
    0x0, 0x0, 0x0, 0x0, 0x0, 0x0, 0x0, 0x0, 0x0, 0x0, 0x8, 0xff, 0xfb, 0xff, 0xff, 0xff,
    0xff, 0xff, 0xff, 0xff, 0xff, 0xff, 0xff, 0xff, 0xff, 0xff, 0xff, 0x70, 0xcf, 0xff, 0xff, 0xff,
    0xff, 0xff, 0xff, 0xff, 0xff, 0xff, 0xff, 0xff, 0xff, 0xff, 0x50, 0x3c, 0xff, 0xff, 0xff, 0xff,
    0xff, 0xff, 0xff, 0xff, 0xff, 0xff, 0xff, 0xff, 0xe8, 0x0, 0x3c, 0xff, 0xff, 0xff, 0xff, 0xff,
    0xff, 0xff, 0xff, 0xff, 0xff, 0xff, 0xff, 0xe8, 0x0, 0xcf, 0xff, 0xff, 0xff, 0xff, 0xff, 0xff,
    0xff, 0xff, 0xff, 0xff, 0xff, 0xff, 0xff, 0x50, 0xff, 0xff, 0xff, 0xff, 0xff, 0xff, 0xff, 0xff,
    0xff, 0xff, 0xff, 0xff, 0xff, 0xff, 0x70, 0xff, 0xf0, 0x0, 0x0, 0x0, 0x0, 0x0, 0x0, 0x0,
    0x0, 0x0, 0x0, 0x8, 0xff, 0xfb, 0xff, 0xf0, 0xff, 0xff, 0xff, 0xff, 0xff, 0xff, 0xff, 0xf0,
    0x0, 0x0, 0x8, 0xff, 0xff, 0xff, 0xf0, 0xff, 0xff, 0xff, 0xff, 0xff, 0xff, 0xff, 0xf0, 0x0,
    0x0, 0x8, 0xff, 0xff, 0xff, 0xf0, 0xff, 0xff, 0xff, 0xff, 0xff, 0xff, 0xff, 0xf0, 0x0, 0x0,
    0x0, 0xf, 0xff, 0xff, 0xf0, 0xff, 0xff, 0xff, 0xff, 0xff, 0xff, 0xff, 0xf0, 0x0, 0x0, 0x0,
    0xf, 0xff, 0xff, 0xf0, 0xff, 0xff, 0xff, 0xff, 0xff, 0xff, 0xff, 0xf0, 0x0, 0x0, 0x0, 0xf,
    0xff, 0xff, 0xf0, 0xff, 0xff, 0xff, 0xff, 0xff, 0xff, 0xff, 0xf0, 0x0, 0x0, 0x8, 0xff, 0xff,
    0xff, 0xf0, 0x0, 0x0, 0x0, 0x0, 0x0, 0x0, 0x0, 0x0, 0x0, 0x0, 0x8, 0xff, 0xff, 0xff,
    0xf0, 0x0, 0x0, 0x0, 0x0, 0x0, 0x0, 0x0, 0x0, 0x0, 0x0, 0x8, 0xff, 0xfb, 0xff, 0xff,
    0xff, 0xff, 0xff, 0xff, 0xff, 0xff, 0xff, 0xff, 0xff, 0xff, 0xff, 0xff, 0x70, 0xcf, 0xff, 0xff,
    0xff, 0xff, 0xff, 0xff, 0xff, 0xff, 0xff, 0xff, 0xff, 0xff, 0xff, 0x50, 0x3c, 0xff, 0xff, 0xff,
    0xff, 0xff, 0xff, 0xff, 0xff, 0xff, 0xff, 0xff, 0xff, 0xe8, 0x0, 0x3c, 0xff, 0xff, 0xff, 0xff,
    0xff, 0xff, 0xff, 0xff, 0xff, 0xff, 0xff, 0xff, 0xe8, 0x0, 0xcf, 0xff, 0xff, 0xff, 0xff, 0xff,
    0xff, 0xff, 0xff, 0xff, 0xff, 0xff, 0xff, 0xff, 0x50, 0xff, 0xff, 0xff, 0xff, 0xff, 0xff, 0xff,
    0xff, 0xff, 0xff, 0xff, 0xff, 0xff, 0xff, 0x70, 0xff, 0xf0, 0x0, 0x0, 0x0, 0x0, 0x0, 0x0,
    0x0, 0x0, 0x0, 0x0, 0x8, 0xff, 0xfb, 0xff, 0xf0, 0x8f, 0xff, 0xff, 0xff, 0xff, 0xf0, 0x0,
    0x0, 0x0, 0x0, 0x8, 0xff, 0xff, 0xff, 0xf0, 0x8f, 0xff, 0xff, 0xff, 0xff, 0xf0, 0x0, 0x0,
    0x0, 0x0, 0x8, 0xff, 0xff, 0xff, 0xf0, 0x8f, 0xff, 0xff, 0xff, 0xff, 0xf0, 0x0, 0x0, 0x0,
    0x0, 0x0, 0xf, 0xff, 0xff, 0xf0, 0x8f, 0xff, 0xff, 0xff, 0xff, 0xf0, 0x0, 0x0, 0x0, 0x0,
    0x0, 0xf, 0xff, 0xff, 0xf0, 0x8f, 0xff, 0xff, 0xff, 0xff, 0xf0, 0x0, 0x0, 0x0, 0x0, 0x0,
    0xf, 0xff, 0xff, 0xf0, 0x8f, 0xff, 0xff, 0xff, 0xff, 0xf0, 0x0, 0x0, 0x0, 0x0, 0x8, 0xff,
    0xff, 0xff, 0xf0, 0x0, 0x0, 0x0, 0x0, 0x0, 0x0, 0x0, 0x0, 0x0, 0x0, 0x8, 0xff, 0xff,
    0xff, 0xf0, 0x0, 0x0, 0x0, 0x0, 0x0, 0x0, 0x0, 0x0, 0x0, 0x0, 0x8, 0xff, 0xfb, 0xff,
    0xff, 0xff, 0xff, 0xff, 0xff, 0xff, 0xff, 0xff, 0xff, 0xff, 0xff, 0xff, 0xff, 0x70, 0xcf, 0xff,
    0xff, 0xff, 0xff, 0xff, 0xff, 0xff, 0xff, 0xff, 0xff, 0xff, 0xff, 0xff, 0x50, 0x3c, 0xff, 0xff,
    0xff, 0xff, 0xff, 0xff, 0xff, 0xff, 0xff, 0xff, 0xff, 0xff, 0xe8, 0x0, 0x3c, 0xff, 0xff, 0xff,
    0xff, 0xff, 0xff, 0xff, 0xff, 0xff, 0xff, 0xff, 0xff, 0xe8, 0x0, 0xcf, 0xff, 0xff, 0xff, 0xff,
    0xff, 0xff, 0xff, 0xff, 0xff, 0xff, 0xff, 0xff, 0xff, 0x50, 0xff, 0xff, 0xff, 0xff, 0xff, 0xff,
    0xff, 0xff, 0xff, 0xff, 0xff, 0xff, 0xff, 0xff, 0x70, 0xff, 0xf0, 0x0, 0x0, 0x0, 0x0, 0x0,
    0x0, 0x0, 0x0, 0x0, 0x0, 0x8, 0xff, 0xfb, 0xff, 0xf0, 0xff, 0xff, 0xff, 0x0, 0x0, 0x0,
    0x0, 0x0, 0x0, 0x0, 0x8, 0xff, 0xff, 0xff, 0xf0, 0xff, 0xff, 0xff, 0x0, 0x0, 0x0, 0x0,
    0x0, 0x0, 0x0, 0x8, 0xff, 0xff, 0xff, 0xf0, 0xff, 0xff, 0xff, 0x0, 0x0, 0x0, 0x0, 0x0,
    0x0, 0x0, 0x0, 0xf, 0xff, 0xff, 0xf0, 0xff, 0xff, 0xff, 0x0, 0x0, 0x0, 0x0, 0x0, 0x0,
    0x0, 0x0, 0xf, 0xff, 0xff, 0xf0, 0xff, 0xff, 0xff, 0x0, 0x0, 0x0, 0x0, 0x0, 0x0, 0x0,
    0x0, 0xf, 0xff, 0xff, 0xf0, 0xff, 0xff, 0xff, 0x0, 0x0, 0x0, 0x0, 0x0, 0x0, 0x0, 0x8,
    0xff, 0xff, 0xff, 0xf0, 0x0, 0x0, 0x0, 0x0, 0x0, 0x0, 0x0, 0x0, 0x0, 0x0, 0x8, 0xff,
    0xff, 0xff, 0xf0, 0x0, 0x0, 0x0, 0x0, 0x0, 0x0, 0x0, 0x0, 0x0, 0x0, 0x8, 0xff, 0xfb,
    0xff, 0xff, 0xff, 0xff, 0xff, 0xff, 0xff, 0xff, 0xff, 0xff, 0xff, 0xff, 0xff, 0xff, 0x70, 0xcf,
    0xff, 0xff, 0xff, 0xff, 0xff, 0xff, 0xff, 0xff, 0xff, 0xff, 0xff, 0xff, 0xff, 0x50, 0x3c, 0xff,
    0xff, 0xff, 0xff, 0xff, 0xff, 0xff, 0xff, 0xff, 0xff, 0xff, 0xff, 0xe8, 0x0, 0x3c, 0xff, 0xff,
    0xff, 0xff, 0xff, 0xff, 0xff, 0xff, 0xff, 0xff, 0xff, 0xff, 0xe8, 0x0, 0xcf, 0xff, 0xff, 0xff,
    0xff, 0xff, 0xff, 0xff, 0xff, 0xff, 0xff, 0xff, 0xff, 0xff, 0x50, 0xff, 0xff, 0xff, 0xff, 0xff,
    0xff, 0xff, 0xff, 0xff, 0xff, 0xff, 0xff, 0xff, 0xff, 0x70, 0xff, 0xf0, 0x0, 0x0, 0x0, 0x0,
    0x0, 0x0, 0x0, 0x0, 0x0, 0x0, 0x8, 0xff, 0xfb, 0xff, 0xf0, 0x0, 0x0, 0x0, 0x0, 0x0,
    0x0, 0x0, 0x0, 0x0, 0x0, 0x8, 0xff, 0xff, 0xff, 0xf0, 0x0, 0x0, 0x0, 0x0, 0x0, 0x0,
    0x0, 0x0, 0x0, 0x0, 0x8, 0xff, 0xff, 0xff, 0xf0, 0x0, 0x0, 0x0, 0x0, 0x0, 0x0, 0x0,
    0x0, 0x0, 0x0, 0x0, 0xf, 0xff, 0xff, 0xf0, 0x0, 0x0, 0x0, 0x0, 0x0, 0x0, 0x0, 0x0,
    0x0, 0x0, 0x0, 0xf, 0xff, 0xff, 0xf0, 0x0, 0x0, 0x0, 0x0, 0x0, 0x0, 0x0, 0x0, 0x0,
    0x0, 0x0, 0xf, 0xff, 0xff, 0xf0, 0x0, 0x0, 0x0, 0x0, 0x0, 0x0, 0x0, 0x0, 0x0, 0x0,
    0x8, 0xff, 0xff, 0xff, 0xf0, 0x0, 0x0, 0x0, 0x0, 0x0, 0x0, 0x0, 0x0, 0x0, 0x0, 0x8,
    0xff, 0xff, 0xff, 0xf0, 0x0, 0x0, 0x0, 0x0, 0x0, 0x0, 0x0, 0x0, 0x0, 0x0, 0x8, 0xff,
    0xfb, 0xff, 0xff, 0xff, 0xff, 0xff, 0xff, 0xff, 0xff, 0xff, 0xff, 0xff, 0xff, 0xff, 0xff, 0x70,
    0xcf, 0xff, 0xff, 0xff, 0xff, 0xff, 0xff, 0xff, 0xff, 0xff, 0xff, 0xff, 0xff, 0xff, 0x50, 0x3c,
    0xff, 0xff, 0xff, 0xff, 0xff, 0xff, 0xff, 0xff, 0xff, 0xff, 0xff, 0xff, 0xe8, 0x0, 0xbf, 0xff,
    0xff, 0xe4, 0x0, 0x0, 0x0, 0x0, 0x0, 0x0, 0x0, 0x0, 0xff, 0xff, 0xff, 0xf7, 0x0, 0x0,
    0x0, 0x0, 0x0, 0x0, 0x0, 0x0, 0xff, 0xff, 0xff, 0xf8, 0x0, 0x0, 0x0, 0x0, 0x0, 0x0,
    0x0, 0x0, 0xff, 0xff, 0xff, 0xf8, 0x0, 0x0, 0x0, 0x0, 0x0, 0x0, 0x0, 0x0, 0xff, 0xff,
    0xff, 0xf8, 0x0, 0x0, 0x0, 0x0, 0x0, 0x0, 0x0, 0x0, 0xff, 0xff, 0xff, 0xf8, 0x0, 0x0,
    0x0, 0x0, 0x0, 0x0, 0x0, 0x0, 0xff, 0xff, 0xff, 0xf8, 0x0, 0x0, 0x7, 0xe7, 0x0, 0x0,
    0x5, 0xda, 0xff, 0xff, 0xff, 0xf8, 0x0, 0x3, 0xcf, 0xfb, 0x0, 0x2, 0xaf, 0xff, 0xff, 0xff,
    0xff, 0xf8, 0x1, 0x9f, 0xff, 0xfb, 0x0, 0x6e, 0xff, 0xff, 0xff, 0xff, 0xff, 0xf8, 0x5d, 0xff,
    0xff, 0xfb, 0x3c, 0xff, 0xff, 0xff, 0xff, 0xff, 0xff, 0xfe, 0xff, 0xff, 0xff, 0xfe, 0xff, 0xff,
    0xff, 0xff, 0xff, 0xff, 0xff, 0xff, 0xff, 0xff, 0xff, 0xff, 0xff, 0xff, 0xff, 0xff, 0xff, 0xff,
    0xff, 0xff, 0xff, 0xff, 0xff, 0xff, 0xff, 0xff, 0xff, 0xff, 0xff, 0xff, 0xff, 0xff, 0xff, 0xff,
    0xff, 0xff, 0xff, 0xff, 0xff, 0xff, 0xff, 0xff, 0xff, 0xff, 0xff, 0xff, 0xff, 0xff, 0xff, 0xff,
    0xff, 0xff, 0xff, 0xff, 0xff, 0xff, 0xff, 0xff, 0xff, 0xff, 0xff, 0xff, 0xff, 0xff, 0xff, 0xff,
    0xff, 0xff, 0xff, 0xff, 0xff, 0xff, 0xff, 0xff, 0xff, 0xff, 0xff, 0xff, 0xff, 0xff, 0xff, 0xff,
    0xff, 0xff, 0xff, 0xff, 0xff, 0xff, 0xff, 0xff, 0xff, 0xff, 0xff, 0xff, 0xff, 0xff, 0xff, 0xff,
    0xff, 0xff, 0xff, 0xff, 0xff, 0xff, 0xff, 0xff, 0xff, 0xff, 0xff, 0xff, 0xff, 0xff, 0xbf, 0xff,
    0xff, 0xff, 0xff, 0xff, 0xff, 0xff, 0xff, 0xff, 0xff, 0xfb, 0x0, 0x0, 0x0, 0x0, 0x0, 0x0,
    0x0, 0x0, 0x7e, 0xe8, 0x0, 0x0, 0x0, 0x0, 0x0, 0x0, 0x0, 0x0, 0x0, 0x0, 0x0, 0x1,
    0x69, 0xaf, 0xff, 0xf6, 0x0, 0x0, 0x0, 0x0, 0x0, 0x0, 0x0, 0x0, 0x0, 0x0, 0x0, 0xcf,
    0xff, 0xff, 0xff, 0xa0, 0x0, 0x0, 0x0, 0x0, 0x0, 0x0, 0x0, 0x0, 0x0, 0x0, 0x8f, 0x80,
    0x1e, 0xff, 0xf6, 0x0, 0x0, 0x0, 0x0, 0x0, 0x0, 0x0, 0x0, 0x0, 0x0, 0x1e, 0xc0, 0x0,
    0x4d, 0xe8, 0x0, 0x0, 0x0, 0x0, 0x0, 0x0, 0x1a, 0xed, 0x60, 0x0, 0x8, 0xf5, 0x0, 0x0,
    0x0, 0x0, 0x0, 0x0, 0x0, 0x0, 0x0, 0xc, 0xff, 0xff, 0x60, 0x1, 0xed, 0x0, 0x0, 0x0,
    0x0, 0x0, 0x0, 0x7, 0xc3, 0x0, 0x5, 0xff, 0xff, 0xfe, 0x1, 0xaf, 0x50, 0x0, 0x0, 0x0,
    0x0, 0x0, 0x0, 0x8f, 0xf9, 0x10, 0x7f, 0xff, 0xff, 0xff, 0xff, 0xff, 0xff, 0xff, 0xff, 0xff,
    0xff, 0xff, 0xff, 0xff, 0xfe, 0x45, 0xff, 0xff, 0xff, 0xaa, 0xaa, 0xad, 0xfd, 0xaa, 0xaa, 0xaa,
    0xaa, 0xaa, 0xcf, 0xff, 0xa2, 0xc, 0xff, 0xff, 0xa0, 0x0, 0x0, 0x1e, 0xe1, 0x0, 0x0, 0x0,
    0x0, 0x8, 0xfd, 0x40, 0x0, 0x1a, 0xee, 0x80, 0x0, 0x0, 0x0, 0x6f, 0x60, 0x0, 0x0, 0x0,
    0x0, 0x47, 0x0, 0x0, 0x0, 0x0, 0x0, 0x0, 0x0, 0x0, 0x0, 0xde, 0x10, 0x0, 0x0, 0x0,
    0x0, 0x0, 0x0, 0x0, 0x0, 0x0, 0x0, 0x0, 0x0, 0x0, 0x6, 0xf8, 0x0, 0xef, 0xff, 0xe0,
    0x0, 0x0, 0x0, 0x0, 0x0, 0x0, 0x0, 0x0, 0x0, 0x0, 0xb, 0xfb, 0xaf, 0xff, 0xff, 0x0,
    0x0, 0x0, 0x0, 0x0, 0x0, 0x0, 0x0, 0x0, 0x0, 0x0, 0x1a, 0xef, 0xff, 0xff, 0xf0, 0x0,
    0x0, 0x0, 0x0, 0x0, 0x0, 0x0, 0x0, 0x0, 0x0, 0x0, 0x0, 0xf, 0xff, 0xff, 0x0, 0x0,
    0x0, 0x0, 0x0, 0x0, 0x0, 0x0, 0x0, 0x0, 0x0, 0x0, 0x0, 0xef, 0xff, 0xe0, 0x0, 0x0,
    0x0, 0x0, 0x0, 0x6, 0xad, 0xef, 0xec, 0x82, 0x0, 0x0, 0x0, 0x4, 0xdf, 0xff, 0xef, 0xff,
    0xff, 0x70, 0x0, 0x0, 0x6f, 0xff, 0xff, 0x4e, 0xff, 0xff, 0xf8, 0x0, 0x3, 0xff, 0xff, 0xff,
    0x4, 0xef, 0xff, 0xff, 0x50, 0xb, 0xff, 0xff, 0xff, 0x0, 0x4f, 0xff, 0xff, 0xc0, 0x1f, 0xff,
    0xff, 0xff, 0x0, 0x4, 0xff, 0xff, 0xf3, 0x6f, 0xff, 0xcf, 0xff, 0x0, 0x80, 0x4f, 0xff, 0xf7,
    0x9f, 0xfc, 0x16, 0xff, 0x0, 0xf8, 0x5, 0xff, 0xfa, 0xcf, 0xfe, 0x30, 0x6f, 0x0, 0xf8, 0x4,
    0xff, 0xfc, 0xdf, 0xff, 0xe3, 0x7, 0x0, 0x80, 0x3e, 0xff, 0xfd, 0xef, 0xff, 0xfe, 0x20, 0x0,
    0x2, 0xdf, 0xff, 0xfe, 0xff, 0xff, 0xff, 0xd2, 0x0, 0x1d, 0xff, 0xff, 0xff, 0xff, 0xff, 0xff,
    0xf5, 0x0, 0x3e, 0xff, 0xff, 0xff, 0xff, 0xff, 0xff, 0x60, 0x0, 0x4, 0xff, 0xff, 0xfe, 0xef,
    0xff, 0xf6, 0x3, 0x0, 0x40, 0x5f, 0xff, 0xfe, 0xcf, 0xff, 0x70, 0x3e, 0x0, 0xe4, 0x5, 0xff,
    0xfc, 0xaf, 0xfb, 0x2, 0xef, 0x0, 0xfc, 0x1, 0xdf, 0xfb, 0x7f, 0xff, 0x8d, 0xff, 0x0, 0xc1,
    0x1c, 0xff, 0xf8, 0x3f, 0xff, 0xff, 0xff, 0x0, 0x11, 0xcf, 0xff, 0xf4, 0xc, 0xff, 0xff, 0xff,
    0x0, 0x2d, 0xff, 0xff, 0xe0, 0x4, 0xff, 0xff, 0xff, 0x3, 0xdf, 0xff, 0xff, 0x60, 0x0, 0x7f,
    0xff, 0xff, 0x3e, 0xff, 0xff, 0xfc, 0x0, 0x0, 0x5, 0xef, 0xff, 0xef, 0xff, 0xff, 0xb1, 0x0,
    0x0, 0x0, 0x16, 0xad, 0xef, 0xed, 0x94, 0x0, 0x0, 0x0, 0x5, 0xcf, 0xe9, 0x20, 0x0, 0x0,
    0x6f, 0xff, 0xff, 0xd2, 0x0, 0x2, 0xff, 0x83, 0x5d, 0xfa, 0x0, 0x7, 0xfa, 0x0, 0x4, 0xff,
    0x10, 0x8, 0xf6, 0x0, 0x0, 0xff, 0x20, 0x8, 0xf6, 0x0, 0x0, 0xff, 0x20, 0x8, 0xf6, 0x0,
    0x0, 0xff, 0x20, 0x8, 0xf6, 0x0, 0x0, 0xff, 0x20, 0x8, 0xf6, 0x0, 0x0, 0xff, 0x20, 0x8,
    0xf6, 0x8f, 0x80, 0xff, 0x20, 0x8, 0xf6, 0xff, 0xf0, 0xff, 0x20, 0x8, 0xf6, 0xff, 0xf0, 0xff,
    0x20, 0x8, 0xf6, 0xff, 0xf0, 0xff, 0x20, 0x8, 0xf6, 0xff, 0xf0, 0xff, 0x20, 0x1d, 0xf6, 0xff,
    0xf0, 0xff, 0x70, 0x7f, 0xe4, 0xff, 0xf3, 0x8f, 0xf2, 0xcf, 0x7d, 0xff, 0xff, 0x4d, 0xf7, 0xef,
    0x6f, 0xff, 0xff, 0x99, 0xf9, 0xef, 0x5f, 0xff, 0xff, 0xa9, 0xf9, 0xcf, 0x7c, 0xff, 0xff, 0x5d,
    0xf7, 0x7f, 0xe4, 0xcf, 0xe7, 0x7f, 0xf2, 0x1d, 0xfe, 0x64, 0x49, 0xff, 0x80, 0x2, 0xdf, 0xff,
    0xff, 0xf9, 0x0, 0x0, 0x17, 0xdf, 0xeb, 0x50, 0x0, 0x0, 0x0, 0x3, 0xcf, 0xff, 0xff, 0xff,
    0xff, 0xff, 0xc3, 0x0, 0x0, 0x0, 0x0, 0x0, 0xc, 0xff, 0xff, 0xff, 0xff, 0xff, 0xff, 0xfc,
    0x0, 0x0, 0x0, 0x0, 0x0, 0xf, 0xff, 0xff, 0xff, 0xff, 0xff, 0xff, 0xff, 0x0, 0x0, 0x0,
    0x0, 0x0, 0xf, 0xff, 0xff, 0xff, 0xff, 0xff, 0xff, 0xff, 0x0, 0x0, 0x0, 0x5, 0xdd, 0x2f,
    0xff, 0xff, 0xff, 0xff, 0xff, 0xff, 0xff, 0x2, 0xdd, 0x50, 0x1c, 0xff, 0x2f, 0xff, 0xff, 0xff,
    0xff, 0xff, 0xff, 0xff, 0x2, 0xff, 0xc1, 0x0, 0x56, 0x1f, 0xff, 0xff, 0xff, 0xff, 0xff, 0xff,
    0xff, 0x1, 0x65, 0x0, 0x0, 0x0, 0xf, 0xff, 0xff, 0xff, 0xff, 0xff, 0xff, 0xff, 0x0, 0x0,
    0x0, 0x0, 0x56, 0x1f, 0xff, 0xff, 0xff, 0xff, 0xff, 0xff, 0xff, 0x1, 0x65, 0x0, 0x1c, 0xff,
    0x2f, 0xff, 0xff, 0xff, 0xff, 0xff, 0xff, 0xff, 0x2, 0xff, 0xc1, 0x5, 0xdd, 0x2f, 0xff, 0xff,
    0xff, 0xff, 0xff, 0xff, 0xff, 0x2, 0xdd, 0x50, 0x0, 0x0, 0xf, 0xff, 0xff, 0xff, 0xff, 0xff,
    0xff, 0xff, 0x0, 0x0, 0x0, 0x0, 0x0, 0xf, 0xff, 0xff, 0xff, 0xff, 0xff, 0xff, 0xff, 0x0,
    0x0, 0x0, 0x5, 0xdd, 0x2f, 0xff, 0xff, 0xff, 0xff, 0xff, 0xff, 0xff, 0x2, 0xdd, 0x50, 0x1c,
    0xff, 0x2f, 0xff, 0xff, 0xff, 0xff, 0xff, 0xff, 0xff, 0x2, 0xff, 0xc1, 0x0, 0x56, 0x1f, 0xff,
    0xff, 0xff, 0xff, 0xff, 0xff, 0xff, 0x1, 0x65, 0x0, 0x0, 0x0, 0xf, 0xff, 0xff, 0xff, 0xff,
    0xff, 0xff, 0xff, 0x0, 0x0, 0x0, 0x0, 0x56, 0x1f, 0xff, 0xff, 0xff, 0xff, 0xff, 0xff, 0xff,
    0x1, 0x65, 0x0, 0x1c, 0xff, 0x2f, 0xff, 0xff, 0xff, 0xff, 0xff, 0xff, 0xff, 0x2, 0xff, 0xc1,
    0x5, 0xdd, 0x2f, 0xff, 0xff, 0xff, 0xff, 0xff, 0xff, 0xff, 0x2, 0xdd, 0x50, 0x0, 0x0, 0xf,
    0xff, 0xff, 0xff, 0xff, 0xff, 0xff, 0xff, 0x0, 0x0, 0x0, 0x0, 0x0, 0xf, 0xff, 0xff, 0xff,
    0xff, 0xff, 0xff, 0xff, 0x0, 0x0, 0x0, 0x0, 0x0, 0xc, 0xff, 0xff, 0xff, 0xff, 0xff, 0xff,
    0xfc, 0x0, 0x0, 0x0, 0x0, 0x0, 0x3, 0xcf, 0xff, 0xff, 0xff, 0xff, 0xff, 0xc3, 0x0, 0x0,
    0x0, 0x0, 0x0, 0x0, 0x6, 0x88, 0x88, 0x86, 0x0, 0x0, 0x0, 0x0, 0x0, 0x0, 0x6, 0xff,
    0xff, 0xff, 0xf6, 0x0, 0x0, 0x0, 0xdf, 0xff, 0xff, 0xff, 0xff, 0xff, 0xff, 0xff, 0xff, 0xff,
    0xdf, 0xff, 0xff, 0xff, 0xff, 0xff, 0xff, 0xff, 0xff, 0xff, 0xff, 0xdf, 0xff, 0xff, 0xff, 0xff,
    0xff, 0xff, 0xff, 0xff, 0xff, 0xd0, 0x0, 0x0, 0x0, 0x0, 0x0, 0x0, 0x0, 0x0, 0x0, 0x0,
    0x8, 0xff, 0xff, 0xff, 0xff, 0xff, 0xff, 0xff, 0xff, 0xf8, 0x0, 0x8f, 0xff, 0xff, 0xff, 0xff,
    0xff, 0xff, 0xff, 0xff, 0x80, 0x8, 0xff, 0xff, 0xff, 0xff, 0xff, 0xff, 0xff, 0xff, 0xf8, 0x0,
    0x8f, 0xff, 0x66, 0xff, 0xd2, 0xdf, 0xf6, 0x6f, 0xff, 0x80, 0x8, 0xff, 0xf4, 0x4f, 0xfb, 0xb,
    0xff, 0x44, 0xff, 0xf8, 0x0, 0x8f, 0xff, 0x44, 0xff, 0xb0, 0xbf, 0xf4, 0x4f, 0xff, 0x80, 0x8,
    0xff, 0xf4, 0x4f, 0xfb, 0xb, 0xff, 0x44, 0xff, 0xf8, 0x0, 0x8f, 0xff, 0x44, 0xff, 0xb0, 0xbf,
    0xf4, 0x4f, 0xff, 0x80, 0x8, 0xff, 0xf4, 0x4f, 0xfb, 0xb, 0xff, 0x44, 0xff, 0xf8, 0x0, 0x8f,
    0xff, 0x44, 0xff, 0xb0, 0xbf, 0xf4, 0x4f, 0xff, 0x80, 0x8, 0xff, 0xf4, 0x4f, 0xfb, 0xb, 0xff,
    0x44, 0xff, 0xf8, 0x0, 0x8f, 0xff, 0x44, 0xff, 0xb0, 0xbf, 0xf4, 0x4f, 0xff, 0x80, 0x8, 0xff,
    0xf4, 0x4f, 0xfb, 0xb, 0xff, 0x44, 0xff, 0xf8, 0x0, 0x8f, 0xff, 0x44, 0xff, 0xb0, 0xbf, 0xf4,
    0x4f, 0xff, 0x80, 0x8, 0xff, 0xf6, 0x6f, 0xfd, 0x1d, 0xff, 0x66, 0xff, 0xf8, 0x0, 0x7f, 0xff,
    0xff, 0xff, 0xff, 0xff, 0xff, 0xff, 0xff, 0x70, 0x5, 0xff, 0xff, 0xff, 0xff, 0xff, 0xff, 0xff,
    0xff, 0xf5, 0x0, 0x8, 0xef, 0xff, 0xff, 0xff, 0xff, 0xff, 0xff, 0xe8, 0x0, 0x0, 0x0, 0x0,
    0x0, 0x0, 0x0, 0x0, 0x0, 0x6, 0xed, 0x50, 0x0, 0x0, 0x0, 0x0, 0x0, 0x0, 0x0, 0x0,
    0x0, 0x7f, 0xff, 0xf6, 0x0, 0x0, 0x0, 0x0, 0x0, 0x0, 0x0, 0x0, 0x7, 0xff, 0xff, 0xff,
    0x60, 0x0, 0x0, 0x0, 0x0, 0x0, 0x0, 0x0, 0x2e, 0xff, 0xff, 0xff, 0xf5, 0x0, 0x0, 0x0,
    0x0, 0x0, 0x0, 0x6, 0x13, 0xef, 0xff, 0xff, 0xfd, 0x0, 0x0, 0x0, 0x0, 0x0, 0x0, 0x7f,
    0xb1, 0x3e, 0xff, 0xff, 0xfe, 0x0, 0x0, 0x0, 0x0, 0x0, 0x7, 0xff, 0xfb, 0x13, 0xef, 0xff,
    0xf6, 0x0, 0x0, 0x0, 0x0, 0x0, 0x7f, 0xff, 0xff, 0xb1, 0x3e, 0xff, 0x70, 0x0, 0x0, 0x0,
    0x0, 0x7, 0xff, 0xff, 0xff, 0xfb, 0x13, 0xe7, 0x0, 0x0, 0x0, 0x0, 0x0, 0x7f, 0xff, 0xff,
    0xff, 0xff, 0xb1, 0x20, 0x0, 0x0, 0x0, 0x0, 0x7, 0xff, 0xff, 0xff, 0xff, 0xff, 0xf6, 0x0,
    0x0, 0x0, 0x0, 0x0, 0x7f, 0xff, 0xff, 0xff, 0xff, 0xff, 0x70, 0x0, 0x0, 0x0, 0x0, 0x7,
    0xff, 0xff, 0xff, 0xff, 0xff, 0xf7, 0x0, 0x0, 0x0, 0x0, 0x0, 0x7f, 0xff, 0xff, 0xff, 0xff,
    0xff, 0x70, 0x0, 0x0, 0x0, 0x0, 0x7, 0xff, 0xff, 0xff, 0xff, 0xff, 0xf7, 0x0, 0x0, 0x0,
    0x0, 0x0, 0x7f, 0xff, 0xff, 0xff, 0xff, 0xff, 0x70, 0x0, 0x0, 0x0, 0x0, 0x7, 0xff, 0xff,
    0xff, 0xff, 0xff, 0xf7, 0x0, 0x0, 0x0, 0x0, 0x0, 0x5f, 0xff, 0xff, 0xff, 0xff, 0xff, 0x70,
    0x0, 0x0, 0x0, 0x0, 0x0, 0x8f, 0xff, 0xff, 0xff, 0xff, 0xf7, 0x0, 0x0, 0x0, 0x0, 0x0,
    0x0, 0xaf, 0xff, 0xff, 0xff, 0xff, 0x70, 0x0, 0x0, 0x0, 0x0, 0x0, 0x0, 0xbf, 0xff, 0xff,
    0xff, 0xf7, 0x0, 0x0, 0x0, 0x0, 0x0, 0x0, 0x0, 0xdf, 0xff, 0xff, 0xff, 0x70, 0x0, 0x0,
    0x0, 0x0, 0x0, 0x0, 0x0, 0xff, 0xff, 0xff, 0xf7, 0x0, 0x0, 0x0, 0x0, 0x0, 0x0, 0x0,
    0x0, 0xbf, 0xdb, 0xa8, 0x50, 0x0, 0x0, 0x0, 0x0, 0x0, 0x0, 0x0, 0x0, 0x0, 0x0, 0x0,
    0x0, 0x15, 0xac, 0xef, 0xec, 0xa5, 0x10, 0x0, 0x0, 0x0, 0x0, 0x0, 0x0, 0x1, 0x8f, 0xff,
    0xff, 0xff, 0xff, 0xff, 0x81, 0x0, 0x0, 0x0, 0x0, 0x0, 0x5, 0xef, 0xff, 0xff, 0xff, 0xff,
    0xff, 0xff, 0xe5, 0x0, 0x0, 0x0, 0x0, 0x7, 0xff, 0xff, 0xff, 0xf8, 0x18, 0xff, 0xff, 0xff,
    0xf7, 0x0, 0x0, 0x0, 0x7, 0xff, 0xff, 0xff, 0xff, 0x10, 0x4f, 0x83, 0xdf, 0xff, 0xf7, 0x0,
    0x0, 0x5, 0xff, 0xff, 0xff, 0xff, 0xf7, 0x1a, 0xe0, 0xa, 0xff, 0xff, 0xf5, 0x0, 0x1, 0xef,
    0xfa, 0x14, 0xff, 0xff, 0xff, 0xf9, 0x0, 0xe9, 0x1b, 0xff, 0xe1, 0x0, 0x9f, 0xff, 0x40, 0xc,
    0xff, 0xff, 0xff, 0x40, 0x5f, 0x40, 0x5f, 0xff, 0x80, 0x1f, 0xff, 0xfa, 0x14, 0xff, 0xff, 0xff,
    0xe0, 0xa, 0xf4, 0x1a, 0xff, 0xff, 0x15, 0xff, 0xff, 0xff, 0xff, 0xff, 0xff, 0xfa, 0x0, 0xef,
    0xff, 0xff, 0xff, 0xf5, 0xaf, 0xff, 0xff, 0xff, 0xff, 0xff, 0xff, 0x50, 0x5f, 0xff, 0xff, 0xff,
    0xff, 0xac, 0xff, 0xff, 0xff, 0xff, 0xff, 0xff, 0xe0, 0xa, 0xff, 0xff, 0xff, 0xff, 0xfc, 0xef,
    0xff, 0xff, 0xff, 0xff, 0xff, 0xfa, 0x1, 0xef, 0xff, 0xff, 0xff, 0xff, 0xef, 0xff, 0xd8, 0xdf,
    0xff, 0xff, 0xfb, 0x30, 0x5f, 0xff, 0xff, 0xd8, 0xdf, 0xff, 0xef, 0xf2, 0x2, 0xff, 0xff, 0xf6,
    0x0, 0x5, 0xff, 0xff, 0xf2, 0x2, 0xff, 0xed, 0xff, 0x20, 0x2f, 0xff, 0xfb, 0x0, 0x0, 0xb,
    0xff, 0xff, 0x20, 0x2f, 0xfd, 0xaf, 0xfd, 0x8d, 0xff, 0xff, 0x80, 0x0, 0x0, 0x8f, 0xff, 0xfd,
    0x8d, 0xff, 0xa6, 0xff, 0xff, 0xff, 0xff, 0xfb, 0x0, 0x0, 0xb, 0xff, 0xff, 0xff, 0xff, 0xf6,
    0x1f, 0xff, 0xff, 0xff, 0xff, 0xff, 0xff, 0xff, 0xff, 0xff, 0xff, 0xff, 0xff, 0x10, 0x9f, 0xff,
    0xff, 0xff, 0xff, 0xff, 0xff, 0xff, 0xff, 0xff, 0xff, 0xff, 0x90, 0x1, 0xcf, 0xff, 0xff, 0xff,
    0xff, 0xff, 0xff, 0xff, 0xff, 0xff, 0xff, 0xc1, 0x0, 0x0, 0x0, 0x0, 0x0, 0x0, 0x2, 0xae,
    0xfc, 0x60, 0x0, 0x0, 0x0, 0x0, 0x0, 0x0, 0x0, 0x0, 0x0, 0x2, 0xef, 0xff, 0xff, 0x90,
    0x0, 0x0, 0x0, 0x0, 0x0, 0x0, 0x0, 0x0, 0x0, 0xcf, 0xff, 0xff, 0xff, 0x40, 0x0, 0x0,
    0x0, 0x0, 0x0, 0x0, 0x0, 0x0, 0x2f, 0xff, 0xff, 0xff, 0xf9, 0x0, 0x0, 0x0, 0x0, 0x0,
    0x0, 0x0, 0x0, 0x3, 0xa8, 0x88, 0x88, 0x88, 0x60, 0x15, 0x77, 0x0, 0x0, 0x0, 0x0, 0x0,
    0x0, 0x0, 0x0, 0x0, 0x0, 0x0, 0x5e, 0xff, 0xb0, 0x0, 0x0, 0x0, 0x0, 0x0, 0x28, 0xde,
    0xff, 0xff, 0xff, 0xef, 0xff, 0xf7, 0x0, 0x0, 0x0, 0x0, 0x0, 0x7f, 0xff, 0xff, 0xff, 0xff,
    0xff, 0xff, 0xff, 0x40, 0x0, 0x7, 0xb0, 0x0, 0x9f, 0xff, 0xff, 0xff, 0xff, 0xff, 0xff, 0xff,
    0xf7, 0x0, 0x9, 0xfc, 0x0, 0x5f, 0xff, 0xff, 0xff, 0xff, 0xff, 0xff, 0xff, 0xff, 0xf4, 0x0,
    0xe9, 0x0, 0xd, 0xff, 0xff, 0xff, 0xff, 0xff, 0xff, 0xff, 0xff, 0xff, 0xd8, 0x5d, 0xb1, 0x3,
    0xff, 0xff, 0xff, 0xff, 0xff, 0xff, 0xff, 0xff, 0xff, 0xff, 0xff, 0x5f, 0xff, 0xff, 0xff, 0xff,
    0xff, 0xff, 0xff, 0xff, 0xfa, 0x3f, 0xff, 0xff, 0xf0, 0x37, 0x8b, 0xff, 0xff, 0xff, 0xff, 0xff,
    0xff, 0xff, 0xda, 0xff, 0xff, 0xff, 0x0, 0x0, 0x6f, 0xff, 0xff, 0xff, 0xff, 0xff, 0xff, 0xff,
    0xff, 0xff, 0xff, 0xf0, 0x0, 0x3, 0xff, 0xff, 0xff, 0xff, 0xff, 0xff, 0xff, 0xff, 0xff, 0xff,
    0xff, 0x0, 0x0, 0xd, 0xff, 0xff, 0xff, 0xff, 0xff, 0xff, 0xff, 0xff, 0xff, 0xff, 0xf0, 0x0,
    0x0, 0x5f, 0xff, 0xff, 0xff, 0xff, 0xff, 0xff, 0xff, 0xff, 0xff, 0xfd, 0x0, 0x0, 0x0, 0x7f,
    0xff, 0xff, 0xff, 0xff, 0xff, 0xff, 0xff, 0xf7, 0x0, 0x0, 0x0, 0x0, 0x0, 0x9f, 0xff, 0xff,
    0xff, 0xff, 0xff, 0xff, 0xf9, 0x0, 0x0, 0x0, 0x0, 0x0, 0x8, 0xff, 0xff, 0xff, 0xff, 0xff,
    0xff, 0xff, 0x80, 0x0, 0x0, 0x0, 0x0, 0x0, 0x8f, 0xff, 0xf0, 0x0, 0x0, 0xf, 0xff, 0xf8,
    0x0, 0x0, 0x0, 0x0, 0x0, 0x8, 0xff, 0xff, 0x0, 0x0, 0x0, 0xff, 0xff, 0x80, 0x0, 0x0,
    0x0, 0x0, 0x0, 0x5f, 0xff, 0xd0, 0x0, 0x0, 0xd, 0xff, 0xf5, 0x0, 0x0, 0xb, 0xff, 0x30,
    0x0, 0x0, 0x0, 0x0, 0x0, 0x0, 0x0, 0x0, 0x0, 0x3, 0xff, 0xb0, 0x3f, 0xff, 0x10, 0x0,
    0x0, 0x0, 0x0, 0x0, 0x0, 0x0, 0x0, 0x0, 0x1, 0xff, 0xf3, 0x8f, 0xfa, 0x0, 0x0, 0x0,
    0x0, 0x0, 0x0, 0x0, 0x0, 0x0, 0x0, 0x0, 0xaf, 0xf8, 0xbf, 0xf4, 0x0, 0x8f, 0xf4, 0x0,
    0x8, 0xee, 0x80, 0x0, 0x4f, 0xf8, 0x0, 0x5f, 0xfb, 0xef, 0xf2, 0x0, 0xdf, 0xf3, 0x0, 0x8f,
    0xff, 0xf8, 0x0, 0x3f, 0xfd, 0x0, 0x2f, 0xfe, 0xff, 0xf1, 0x0, 0xef, 0xf1, 0x0, 0xef, 0xff,
    0xfe, 0x0, 0x1f, 0xfe, 0x0, 0x1f, 0xff, 0xff, 0xf1, 0x0, 0xef, 0xf1, 0x0, 0xef, 0xff, 0xfe,
    0x0, 0x1f, 0xfe, 0x0, 0x1f, 0xff, 0xef, 0xf2, 0x0, 0xdf, 0xf3, 0x0, 0x9f, 0xff, 0xf9, 0x0,
    0x3f, 0xfd, 0x0, 0x3f, 0xfe, 0xbf, 0xf5, 0x0, 0x8f, 0xf4, 0x0, 0xcf, 0xff, 0xfc, 0x0, 0x4f,
    0xf8, 0x0, 0x5f, 0xfb, 0x7f, 0xfa, 0x0, 0x0, 0x0, 0x4, 0xff, 0xee, 0xff, 0x40, 0x0, 0x0,
    0x0, 0xaf, 0xf8, 0x3f, 0xff, 0x10, 0x0, 0x0, 0xa, 0xff, 0x99, 0xff, 0xa0, 0x0, 0x0, 0x1,
    0xff, 0xf3, 0xb, 0xff, 0x30, 0x0, 0x0, 0x1f, 0xff, 0x33, 0xff, 0xf1, 0x0, 0x0, 0x3, 0xff,
    0xb0, 0x0, 0x0, 0x0, 0x0, 0x0, 0x7f, 0xfc, 0x0, 0xcf, 0xf7, 0x0, 0x0, 0x0, 0x0, 0x0,
    0x0, 0x0, 0x0, 0x0, 0x0, 0xdf, 0xf6, 0x0, 0x6f, 0xfd, 0x0, 0x0, 0x0, 0x0, 0x0, 0x0,
    0x0, 0x0, 0x0, 0x5, 0xff, 0xe0, 0x0, 0xe, 0xff, 0x50, 0x0, 0x0, 0x0, 0x0, 0x0, 0x0,
    0x0, 0x0, 0xb, 0xff, 0xff, 0xff, 0xff, 0xff, 0xb0, 0x0, 0x0, 0x0, 0x0, 0x0, 0x0, 0x0,
    0x0, 0x2f, 0xff, 0xff, 0xff, 0xff, 0xff, 0xf2, 0x0, 0x0, 0x0, 0x0, 0x0, 0x0, 0x0, 0x0,
    0x8f, 0xff, 0xff, 0xff, 0xff, 0xff, 0xf8, 0x0, 0x0, 0x0, 0x0, 0x0, 0x0, 0x0, 0x0, 0xef,
    0xf4, 0x0, 0x0, 0x0, 0x4f, 0xfe, 0x0, 0x0, 0x0, 0x0, 0x0, 0x0, 0x0, 0x6, 0xff, 0xd0,
    0x0, 0x0, 0x0, 0xd, 0xff, 0x60, 0x0, 0x0, 0x0, 0x0, 0x0, 0x0, 0xc, 0xff, 0x70, 0x0,
    0x0, 0x0, 0x7, 0xff, 0xc0, 0x0, 0x0, 0x0, 0x0, 0x0, 0x0, 0x3f, 0xfe, 0x10, 0x0, 0x0,
    0x0, 0x1, 0xef, 0xf3, 0x0, 0x0, 0x0, 0x0, 0x0, 0x0, 0x8f, 0xf9, 0x0, 0x0, 0x0, 0x0,
    0x0, 0x9f, 0xf8, 0x0, 0x0, 0x0, 0x0, 0x0, 0x0, 0x2a, 0xe3, 0x0, 0x0, 0x0, 0x0, 0x0,
    0x3e, 0xa2, 0x0, 0x0, 0x0, 0x0, 0x0, 0x0, 0x0, 0x15, 0x9b, 0xde, 0xff, 0xed, 0xb9, 0x51,
    0x0, 0x0, 0x0, 0x0, 0x19, 0xff, 0xff, 0xff, 0xff, 0xff, 0xff, 0xff, 0x91, 0x0, 0x0, 0x0,
    0xcf, 0xff, 0xff, 0xff, 0xff, 0xff, 0xff, 0xff, 0xfc, 0x0, 0x0, 0x0, 0xcf, 0xff, 0xff, 0xff,
    0xff, 0xff, 0xff, 0xff, 0xfc, 0x0, 0x0, 0x0, 0x19, 0xff, 0xff, 0xff, 0xff, 0xff, 0xff, 0xff,
    0x91, 0x0, 0x0, 0x0, 0x0, 0x15, 0x9b, 0xde, 0xff, 0xed, 0xb9, 0x51, 0x4, 0x0, 0x0, 0x0,
    0x0, 0x0, 0x0, 0x0, 0x0, 0x0, 0x0, 0x15, 0xbf, 0x0, 0x0, 0x3, 0x57, 0x77, 0x75, 0x30,
    0x0, 0x19, 0xbd, 0xff, 0xff, 0x0, 0x5a, 0xef, 0xff, 0xff, 0xff, 0xfe, 0xa5, 0x2, 0xcf, 0xff,
    0xf7, 0x2c, 0xff, 0xff, 0xff, 0xff, 0xff, 0xff, 0xff, 0xc2, 0x2e, 0xd8, 0x20, 0xcf, 0xff, 0xff,
    0xff, 0xff, 0xff, 0xff, 0xff, 0xfc, 0x1, 0x0, 0x3b, 0xef, 0xff, 0xff, 0xff, 0xff, 0xff, 0xff,
    0xff, 0xfe, 0x3, 0x9d, 0xff, 0x7f, 0xff, 0xff, 0xff, 0xff, 0xff, 0xff, 0xff, 0xf7, 0x8, 0xff,
    0xfc, 0x5, 0xcf, 0xff, 0xff, 0xff, 0xff, 0xff, 0xfc, 0x50, 0x8, 0xff, 0xa1, 0x80, 0x3, 0x7b,
    0xde, 0xff, 0xed, 0xb7, 0x30, 0x8, 0x4, 0x51, 0x0, 0xfc, 0x40, 0x0, 0x0, 0x0, 0x0, 0x0,
    0x4, 0xcf, 0x0, 0x0, 0x0, 0xff, 0xfd, 0x96, 0x32, 0x10, 0x13, 0x58, 0xdf, 0xff, 0x0, 0x0,
    0x0, 0xaf, 0xff, 0xff, 0xff, 0xff, 0xff, 0xff, 0xff, 0xfa, 0x0, 0x0, 0x0, 0x8, 0xef, 0xff,
    0xff, 0xff, 0xff, 0xff, 0xfe, 0x70, 0x0, 0x0, 0x0, 0x50, 0x4, 0x8b, 0xde, 0xff, 0xed, 0xb8,
    0x40, 0x5, 0x0, 0x0, 0x0, 0xfe, 0xa6, 0x42, 0x11, 0x0, 0x11, 0x24, 0x6a, 0xef, 0x0, 0x0,
    0x0, 0xef, 0xff, 0xff, 0xff, 0xff, 0xff, 0xff, 0xff, 0xfe, 0x0, 0x0, 0x0, 0x3b, 0xff, 0xff,
    0xff, 0xff, 0xff, 0xff, 0xff, 0xb3, 0x0, 0x0, 0x0, 0x0, 0x26, 0x9c, 0xde, 0xff, 0xed, 0xc9,
    0x62, 0x0, 0x0, 0x0, 0x0, 0x0, 0x0, 0x0, 0x0, 0x0, 0x0, 0x0, 0x0, 0x0, 0x0, 0x0,
    0x1, 0x10, 0x0, 0x0, 0x0, 0x0, 0x0, 0x0, 0x0, 0x0, 0x0, 0x0, 0x3, 0x69, 0xce, 0xff,
    0xff, 0xc9, 0x40, 0x0, 0x0, 0x0, 0x0, 0x0, 0x0, 0x14, 0x8b, 0xff, 0xff, 0xff, 0xff, 0xff,
    0xff, 0xfa, 0x7d, 0xa7, 0x54, 0x34, 0x57, 0xad, 0xff, 0xff, 0xff, 0xff, 0xff, 0xff, 0xf6, 0x7c,
    0xff, 0xff, 0xff, 0xff, 0xff, 0xff, 0xff, 0xff, 0xff, 0xff, 0xff, 0xff, 0xff, 0xf6, 0x2, 0xff,
    0xff, 0xbd, 0xef, 0xff, 0xff, 0xff, 0xff, 0xff, 0xff, 0xff, 0xff, 0xff, 0xfe, 0x53, 0xff, 0xff,
    0x20, 0xd, 0xff, 0xff, 0xff, 0xff, 0xee, 0xff, 0xff, 0xff, 0xff, 0xff, 0xfe, 0xff, 0xff, 0x20,
    0x9f, 0xff, 0xff, 0xff, 0xd4, 0x0, 0x4d, 0xff, 0xff, 0xff, 0xff, 0xff, 0xff, 0xff, 0xad, 0xff,
    0xff, 0xff, 0xfe, 0x20, 0x0, 0x2, 0xef, 0xff, 0xff, 0xff, 0xff, 0xff, 0xff, 0xff, 0xff, 0xff,
    0xff, 0xf8, 0x0, 0x0, 0x0, 0x8f, 0xff, 0xff, 0xff, 0xff, 0xff, 0xff, 0xff, 0xff, 0xff, 0xff,
    0xf4, 0x0, 0x0, 0x0, 0x4f, 0xff, 0xff, 0xff, 0xff, 0xff, 0xff, 0xff, 0xff, 0xff, 0xff, 0xf3,
    0x0, 0x0, 0x0, 0x3f, 0xff, 0xff, 0xff, 0xff, 0xff, 0xff, 0xff, 0xff, 0xff, 0xff, 0xf4, 0x0,
    0x0, 0x0, 0x4f, 0xff, 0xff, 0xff, 0xff, 0xff, 0xff, 0xff, 0xff, 0xff, 0xff, 0xf9, 0x0, 0x0,
    0x0, 0x9f, 0xff, 0xff, 0xff, 0xff, 0xff, 0xff, 0xff, 0xff, 0xff, 0xff, 0xff, 0x40, 0x0, 0x4,
    0xff, 0xff, 0xff, 0xff, 0xea, 0xff, 0xff, 0xff, 0xff, 0xff, 0xff, 0xff, 0xe7, 0x22, 0x7e, 0xff,
    0xff, 0xff, 0xfc, 0x12, 0xff, 0xff, 0xce, 0xff, 0xff, 0xff, 0xff, 0xff, 0xff, 0xff, 0xff, 0xff,
    0xff, 0xf6, 0x12, 0xff, 0xff, 0x21, 0xaf, 0xff, 0xff, 0xff, 0xff, 0xff, 0xff, 0xff, 0xff, 0xff,
    0xff, 0xfd, 0xff, 0xff, 0x20, 0x1e, 0xff, 0xff, 0xff, 0xff, 0xff, 0xff, 0xff, 0xff, 0xff, 0xff,
    0xff, 0xfd, 0xdf, 0xeb, 0x9d, 0xff, 0xff, 0xff, 0xff, 0xff, 0xeb, 0x96, 0x42, 0x10, 0x12, 0x47,
    0x83, 0x3b, 0xff, 0xff, 0xff, 0xff, 0xfe, 0xb8, 0x52, 0x0, 0x0, 0x0, 0x0, 0x0, 0x0, 0x0,
    0x0, 0x14, 0x67, 0x77, 0x54, 0x10, 0x0, 0x0, 0x0, 0x0, 0x0, 0x0, 0x0, 0x0, 0x0, 0x8,
    0xef, 0xff, 0xff, 0xff, 0xff, 0xff, 0xff, 0xff, 0xff, 0xe8, 0x0, 0x8f, 0xff, 0xff, 0xff, 0xff,
    0xff, 0xff, 0xff, 0xff, 0xff, 0xff, 0x50, 0xef, 0xff, 0xff, 0xff, 0xff, 0xff, 0xff, 0xff, 0xff,
    0xff, 0xff, 0x50, 0xff, 0xf3, 0x0, 0x0, 0x0, 0x0, 0x0, 0x0, 0x0, 0x0, 0x0, 0x0, 0xff,
    0xff, 0xff, 0xff, 0xff, 0xff, 0xff, 0xff, 0xff, 0xff, 0xff, 0xc2, 0xff, 0xff, 0xff, 0xff, 0xff,
    0xff, 0xff, 0xff, 0xff, 0xff, 0xff, 0xfc, 0xff, 0xff, 0xff, 0xff, 0xff, 0xff, 0xff, 0xff, 0xff,
    0xff, 0xff, 0xff, 0xff, 0xff, 0xff, 0xff, 0xff, 0xff, 0xff, 0xff, 0xff, 0xff, 0xff, 0xff, 0xff,
    0xff, 0xff, 0xff, 0xff, 0xff, 0xff, 0xff, 0xff, 0xff, 0xff, 0xff, 0xff, 0xff, 0xff, 0xff, 0xff,
    0xff, 0xff, 0xff, 0xff, 0xff, 0xff, 0xff, 0xff, 0xff, 0xff, 0xff, 0xff, 0xff, 0xff, 0xff, 0xff,
    0xfc, 0xff, 0xff, 0xff, 0xff, 0xff, 0xff, 0xff, 0xff, 0xff, 0xff, 0xff, 0x50, 0x5f, 0xff, 0xff,
    0xff, 0xff, 0xff, 0xff, 0xff, 0xff, 0xff, 0xff, 0x10, 0x1f, 0xff, 0xff, 0xff, 0xff, 0xff, 0xff,
    0xff, 0xff, 0xff, 0xff, 0x81, 0x8f, 0xff, 0xff, 0xff, 0xff, 0xff, 0xff, 0xff, 0xff, 0xff, 0xff,
    0xff, 0xff, 0xff, 0xff, 0xff, 0xff, 0xff, 0xff, 0xff, 0xff, 0xff, 0xff, 0xff, 0xff, 0xff, 0xff,
    0xff, 0xff, 0xff, 0xff, 0xff, 0xff, 0xff, 0xff, 0xff, 0xff, 0xff, 0xff, 0xff, 0xff, 0xff, 0xff,
    0xff, 0xff, 0xff, 0xff, 0xff, 0xff, 0xff, 0xdf, 0xff, 0xff, 0xff, 0xff, 0xff, 0xff, 0xff, 0xff,
    0xff, 0xff, 0xff, 0x6f, 0xff, 0xff, 0xff, 0xff, 0xff, 0xff, 0xff, 0xff, 0xff, 0xff, 0xfa, 0x5,
    0xab, 0xbb, 0xbb, 0xbb, 0xbb, 0xbb, 0xbb, 0xbb, 0xbb, 0xbb, 0x81, 0x0, 0x0, 0x0, 0x2, 0xbe,
    0xff, 0xff, 0xff, 0xff, 0xff, 0xff, 0xff, 0xff, 0xfe, 0x80, 0x0, 0x0, 0x0, 0x3e, 0xff, 0xff,
    0xff, 0xff, 0xff, 0xff, 0xff, 0xff, 0xff, 0xff, 0xf8, 0x0, 0x0, 0x3, 0xef, 0xff, 0xff, 0xff,
    0xff, 0xff, 0xff, 0xff, 0xff, 0xff, 0xff, 0xfe, 0x0, 0x0, 0x3e, 0xff, 0xff, 0xff, 0xff, 0xcf,
    0xff, 0xff, 0xfc, 0xff, 0xff, 0xff, 0xff, 0x0, 0x3, 0xef, 0xff, 0xff, 0xff, 0xf7, 0x6, 0xff,
    0xff, 0x60, 0x8f, 0xff, 0xff, 0xff, 0x0, 0x3e, 0xff, 0xff, 0xff, 0xff, 0xc0, 0x0, 0x6f, 0xf6,
    0x0, 0xc, 0xff, 0xff, 0xff, 0x3, 0xef, 0xff, 0xff, 0xff, 0xff, 0xf6, 0x0, 0x6, 0x60, 0x0,
    0x6f, 0xff, 0xff, 0xff, 0x3e, 0xff, 0xff, 0xff, 0xff, 0xff, 0xff, 0x60, 0x0, 0x0, 0x6, 0xff,
    0xff, 0xff, 0xff, 0xdf, 0xff, 0xff, 0xff, 0xff, 0xff, 0xff, 0xf6, 0x0, 0x0, 0x6f, 0xff, 0xff,
    0xff, 0xff, 0xdf, 0xff, 0xff, 0xff, 0xff, 0xff, 0xff, 0xf6, 0x0, 0x0, 0x6f, 0xff, 0xff, 0xff,
    0xff, 0x3e, 0xff, 0xff, 0xff, 0xff, 0xff, 0xff, 0x60, 0x0, 0x0, 0x6, 0xff, 0xff, 0xff, 0xff,
    0x3, 0xef, 0xff, 0xff, 0xff, 0xff, 0xf6, 0x0, 0x6, 0x60, 0x0, 0x6f, 0xff, 0xff, 0xff, 0x0,
    0x3e, 0xff, 0xff, 0xff, 0xff, 0xc0, 0x0, 0x6f, 0xf6, 0x0, 0xc, 0xff, 0xff, 0xff, 0x0, 0x3,
    0xef, 0xff, 0xff, 0xff, 0xf8, 0x6, 0xff, 0xff, 0x60, 0x7f, 0xff, 0xff, 0xff, 0x0, 0x0, 0x3e,
    0xff, 0xff, 0xff, 0xff, 0xcf, 0xff, 0xff, 0xfc, 0xff, 0xff, 0xff, 0xff, 0x0, 0x0, 0x3, 0xef,
    0xff, 0xff, 0xff, 0xff, 0xff, 0xff, 0xff, 0xff, 0xff, 0xff, 0xfe, 0x0, 0x0, 0x0, 0x3e, 0xff,
    0xff, 0xff, 0xff, 0xff, 0xff, 0xff, 0xff, 0xff, 0xff, 0xf8, 0x0, 0x0, 0x0, 0x2, 0xbe, 0xff,
    0xff, 0xff, 0xff, 0xff, 0xff, 0xff, 0xff, 0xfe, 0x80, 0x0, 0x2c, 0xff, 0xff, 0xff, 0xff, 0xff,
    0xff, 0xff, 0xff, 0xff, 0xff, 0xff, 0xd2, 0x0, 0x0, 0x7f, 0xff, 0xff, 0xff, 0xff, 0xff, 0xff,
    0xff, 0xff, 0xff, 0xff, 0xff, 0xf7, 0x0, 0x0, 0xaf, 0xff, 0xff, 0xff, 0xff, 0xff, 0xff, 0xff,
    0xff, 0xff, 0xff, 0xff, 0xf9, 0x0, 0x0, 0xcf, 0xf5, 0x0, 0x2, 0xff, 0x20, 0x0, 0x2, 0xff,
    0x20, 0x0, 0x5f, 0xfc, 0x0, 0x0, 0xef, 0xf2, 0x0, 0x4, 0xff, 0x10, 0x0, 0x1, 0xff, 0x40,
    0x0, 0x2f, 0xfe, 0x0, 0x2, 0xff, 0xf0, 0x0, 0x5, 0xfe, 0x0, 0x0, 0x0, 0xef, 0x50, 0x0,
    0xf, 0xff, 0x20, 0x5, 0xff, 0xc0, 0x0, 0x7, 0xfd, 0x0, 0x0, 0x0, 0xdf, 0x70, 0x0, 0xc,
    0xff, 0x50, 0x7, 0xff, 0xb2, 0x22, 0x29, 0xfc, 0x22, 0x22, 0x22, 0xcf, 0x92, 0x22, 0x2b, 0xff,
    0x70, 0xa, 0xff, 0xff, 0xff, 0xff, 0xff, 0xff, 0xff, 0xff, 0xff, 0xff, 0xff, 0xff, 0xff, 0xa0,
    0xc, 0xff, 0xff, 0xff, 0xff, 0xff, 0xff, 0xff, 0xff, 0xff, 0xff, 0xff, 0xff, 0xff, 0xc0, 0xf,
    0xff, 0x20, 0x0, 0xd, 0xf6, 0x0, 0x0, 0x0, 0x7f, 0xd0, 0x0, 0x2, 0xff, 0xf0, 0x3f, 0xfe,
    0x0, 0x0, 0xf, 0xf5, 0x0, 0x0, 0x0, 0x5f, 0xe0, 0x0, 0x0, 0xef, 0xf2, 0x5f, 0xfc, 0x0,
    0x0, 0x1f, 0xf3, 0x0, 0x0, 0x0, 0x3f, 0xf1, 0x0, 0x0, 0xcf, 0xf5, 0x8f, 0xf9, 0x0, 0x0,
    0x3f, 0xf2, 0x0, 0x0, 0x0, 0x2f, 0xf3, 0x0, 0x0, 0x9f, 0xf7, 0xaf, 0xf6, 0x0, 0x0, 0x4f,
    0xf0, 0x0, 0x0, 0x0, 0xf, 0xf4, 0x0, 0x0, 0x6f, 0xfa, 0xdf, 0xff, 0xff, 0xff, 0xff, 0xff,
    0xff, 0xff, 0xff, 0xff, 0xff, 0xff, 0xff, 0xff, 0xfd, 0xef, 0xff, 0xff, 0xff, 0xff, 0xff, 0xff,
    0xff, 0xff, 0xff, 0xff, 0xff, 0xff, 0xff, 0xfe, 0x8f, 0xff, 0xff, 0xff, 0xff, 0xff, 0xff, 0xff,
    0xff, 0xff, 0xff, 0xff, 0xff, 0xff, 0xe7, 0x0, 0x0, 0x0, 0x0, 0x0, 0x0, 0x0, 0x0, 0x0,
    0x0, 0x0, 0x0, 0x0, 0x0, 0x0, 0x0, 0x0, 0x0, 0x0, 0x0, 0x0, 0x88, 0x88, 0x88, 0x0,
    0x0, 0x0, 0x0, 0x0, 0x0, 0x0, 0x0, 0x0, 0x0, 0x0, 0x0, 0xff, 0xff, 0xff, 0x0, 0x0,
    0x0, 0x0, 0x0, 0x0, 0x0, 0x0, 0x0, 0x0, 0xd, 0xff, 0xff, 0xff, 0xff, 0xff, 0xd0, 0x0,
    0x0, 0x0, 0x0, 0x0, 0x0, 0x0, 0x0, 0xf, 0xff, 0xff, 0xff, 0xff, 0xff, 0xf0, 0x0, 0x0,
    0x0, 0x0, 0x0, 0x0, 0x0, 0x0, 0xd, 0xff, 0xff, 0xff, 0xff, 0xff, 0xc0, 0x0, 0x0, 0x0,
    0x0, 0x0, 0x0, 0x7, 0xff, 0xff, 0xff, 0xff, 0xfe, 0x80, 0x0, 0x0, 0x7f, 0xff, 0xff, 0xff,
    0xff, 0xff, 0xf8, 0x0, 0x7, 0xff, 0xff, 0xff, 0xff, 0xff, 0xff, 0xfe, 0x0, 0x7f, 0xf4, 0x8,
    0xf0, 0xf, 0x80, 0xf, 0xff, 0x7, 0xff, 0xf4, 0x8, 0xf0, 0xf, 0x80, 0xf, 0xff, 0x7f, 0xff,
    0xf4, 0x8, 0xf0, 0xf, 0x80, 0xf, 0xff, 0xff, 0xff, 0xf4, 0x8, 0xf0, 0xf, 0x80, 0xf, 0xff,
    0xff, 0xff, 0xf9, 0x8b, 0xf8, 0x8f, 0xb8, 0x8f, 0xff, 0xff, 0xff, 0xff, 0xff, 0xff, 0xff, 0xff,
    0xff, 0xff, 0xff, 0xff, 0xff, 0xff, 0xff, 0xff, 0xff, 0xff, 0xff, 0xff, 0xff, 0xff, 0xff, 0xff,
    0xff, 0xff, 0xff, 0xff, 0xff, 0xff, 0xff, 0xff, 0xff, 0xff, 0xff, 0xff, 0xff, 0xff, 0xff, 0xff,
    0xff, 0xff, 0xff, 0xff, 0xff, 0xff, 0xff, 0xff, 0xff, 0xff, 0xff, 0xff, 0xff, 0xff, 0xff, 0xff,
    0xff, 0xff, 0xff, 0xff, 0xff, 0xff, 0xff, 0xff, 0xff, 0xff, 0xff, 0xff, 0xff, 0xff, 0xff, 0xff,
    0xff, 0xff, 0xff, 0xff, 0xff, 0xff, 0xff, 0xff, 0xff, 0xff, 0xff, 0xff, 0xff, 0xff, 0xff, 0xff,
    0xff, 0xff, 0xff, 0xff, 0xff, 0xff, 0xff, 0xff, 0xff, 0xff, 0xff, 0xff, 0xff, 0xff, 0xff, 0xff,
    0xff, 0xff, 0xff, 0xff, 0xff, 0xff, 0xff, 0xff, 0xff, 0xff, 0xff, 0xff, 0xff, 0xff, 0xef, 0xff,
    0xff, 0xff, 0xff, 0xff, 0xff, 0xff, 0xfe, 0x8f, 0xff, 0xff, 0xff, 0xff, 0xff, 0xff, 0xff, 0xf8,
    0x8, 0xef, 0xff, 0xff, 0xff, 0xff, 0xff, 0xfe, 0x80, 0x0, 0x0, 0x0, 0x0, 0x0, 0x0, 0x0,
    0x0, 0x0, 0x0, 0x0, 0x4d, 0x0, 0x0, 0x0, 0x0, 0x0, 0x0, 0x0, 0x0, 0x0, 0x0, 0x4,
    0xff, 0x0, 0x0, 0x0, 0x0, 0x0, 0x0, 0x0, 0x0, 0x0, 0x0, 0x4f, 0xff, 0x0, 0x0, 0x9,
    0xe4, 0x0, 0x0, 0x0, 0x0, 0x0, 0x0, 0xbf, 0xff, 0x0, 0x0, 0xaf, 0xf7, 0x0, 0x0, 0x0,
    0x0, 0x0, 0x0, 0xbf, 0xff, 0x0, 0x1b, 0xff, 0xf8, 0x0, 0x0, 0x0, 0x0, 0x0, 0x0, 0xbf,
    0xff, 0x1, 0xcf, 0xff, 0xf8, 0x0, 0x0, 0x0, 0x0, 0x0, 0x0, 0xbf, 0xff, 0x1c, 0xff, 0xff,
    0xfe, 0xdd, 0xdd, 0xdd, 0xdd, 0xdd, 0xdd, 0xff, 0xff, 0xcf, 0xff, 0xff, 0xff, 0xff, 0xff, 0xff,
    0xff, 0xff, 0xff, 0xff, 0xff, 0xcf, 0xff, 0xff, 0xff, 0xff, 0xff, 0xff, 0xff, 0xff, 0xff, 0xff,
    0xff, 0x1c, 0xff, 0xff, 0xfe, 0xdd, 0xdd, 0xdd, 0xdd, 0xdd, 0xdd, 0xdd, 0xd9, 0x1, 0xcf, 0xff,
    0xf8, 0x0, 0x0, 0x0, 0x0, 0x0, 0x0, 0x0, 0x0, 0x0, 0x1b, 0xff, 0xf8, 0x0, 0x0, 0x0,
    0x0, 0x0, 0x0, 0x0, 0x0, 0x0, 0x0, 0xaf, 0xf7, 0x0, 0x0, 0x0, 0x0, 0x0, 0x0, 0x0,
    0x0, 0x0, 0x0, 0x9, 0xe4, 0x0, 0x0, 0x0, 0x0, 0x0, 0x0, 0x0, 0x0,
};

static const lv_font_fmt_txt_glyph_dsc_t glyph_dsc[] = {
    {.bitmap_index = 0, .adv_w = 0, .box_w = 0, .box_h = 0, .ofs_x = 0, .ofs_y = 0} /* id = 0 reserved */,
    {.bitmap_index = 0, .adv_w = 103, .box_w = 0, .box_h = 0, .ofs_x = 0, .ofs_y = 0}, /* U+0020 */
    {.bitmap_index = 0, .adv_w = 103, .box_w = 4, .box_h = 17, .ofs_x = 1, .ofs_y = 0}, /* U+0021 */
    {.bitmap_index = 34, .adv_w = 150, .box_w = 7, .box_h = 7, .ofs_x = 1, .ofs_y = 10}, /* U+0022 */
    {.bitmap_index = 59, .adv_w = 270, .box_w = 17, .box_h = 17, .ofs_x = 0, .ofs_y = 0}, /* U+0023 */
    {.bitmap_index = 204, .adv_w = 238, .box_w = 13, .box_h = 23, .ofs_x = 1, .ofs_y = -3}, /* U+0024 */
    {.bitmap_index = 354, .adv_w = 324, .box_w = 20, .box_h = 17, .ofs_x = 0, .ofs_y = 0}, /* U+0025 */
    {.bitmap_index = 524, .adv_w = 264, .box_w = 16, .box_h = 17, .ofs_x = 1, .ofs_y = 0}, /* U+0026 */
    {.bitmap_index = 660, .adv_w = 81, .box_w = 3, .box_h = 7, .ofs_x = 1, .ofs_y = 10}, /* U+0027 */
    {.bitmap_index = 671, .adv_w = 130, .box_w = 6, .box_h = 23, .ofs_x = 2, .ofs_y = -5}, /* U+0028 */
    {.bitmap_index = 740, .adv_w = 130, .box_w = 6, .box_h = 23, .ofs_x = 0, .ofs_y = -5}, /* U+0029 */
    {.bitmap_index = 809, .adv_w = 154, .box_w = 10, .box_h = 9, .ofs_x = 0, .ofs_y = 9}, /* U+002A */
    {.bitmap_index = 854, .adv_w = 224, .box_w = 12, .box_h = 11, .ofs_x = 1, .ofs_y = 3}, /* U+002B */
    {.bitmap_index = 920, .adv_w = 87, .box_w = 4, .box_h = 7, .ofs_x = 1, .ofs_y = -4}, /* U+002C */
    {.bitmap_index = 934, .adv_w = 147, .box_w = 7, .box_h = 3, .ofs_x = 1, .ofs_y = 6}, /* U+002D */
    {.bitmap_index = 945, .adv_w = 87, .box_w = 4, .box_h = 3, .ofs_x = 1, .ofs_y = 0}, /* U+002E */
    {.bitmap_index = 951, .adv_w = 135, .box_w = 11, .box_h = 23, .ofs_x = -1, .ofs_y = -2}, /* U+002F */
    {.bitmap_index = 1078, .adv_w = 256, .box_w = 14, .box_h = 17, .ofs_x = 1, .ofs_y = 0}, /* U+0030 */
    {.bitmap_index = 1197, .adv_w = 142, .box_w = 7, .box_h = 17, .ofs_x = 0, .ofs_y = 0}, /* U+0031 */
    {.bitmap_index = 1257, .adv_w = 220, .box_w = 13, .box_h = 17, .ofs_x = 0, .ofs_y = 0}, /* U+0032 */
    {.bitmap_index = 1368, .adv_w = 220, .box_w = 13, .box_h = 17, .ofs_x = 0, .ofs_y = 0}, /* U+0033 */
    {.bitmap_index = 1479, .adv_w = 257, .box_w = 16, .box_h = 17, .ofs_x = 0, .ofs_y = 0}, /* U+0034 */
    {.bitmap_index = 1615, .adv_w = 220, .box_w = 13, .box_h = 17, .ofs_x = 0, .ofs_y = 0}, /* U+0035 */
    {.bitmap_index = 1726, .adv_w = 237, .box_w = 14, .box_h = 17, .ofs_x = 1, .ofs_y = 0}, /* U+0036 */
    {.bitmap_index = 1845, .adv_w = 230, .box_w = 14, .box_h = 17, .ofs_x = 0, .ofs_y = 0}, /* U+0037 */
    {.bitmap_index = 1964, .adv_w = 247, .box_w = 14, .box_h = 17, .ofs_x = 1, .ofs_y = 0}, /* U+0038 */
    {.bitmap_index = 2083, .adv_w = 237, .box_w = 14, .box_h = 17, .ofs_x = 0, .ofs_y = 0}, /* U+0039 */
    {.bitmap_index = 2202, .adv_w = 87, .box_w = 4, .box_h = 13, .ofs_x = 1, .ofs_y = 0}, /* U+003A */
    {.bitmap_index = 2228, .adv_w = 87, .box_w = 4, .box_h = 17, .ofs_x = 1, .ofs_y = -4}, /* U+003B */
    {.bitmap_index = 2262, .adv_w = 224, .box_w = 12, .box_h = 11, .ofs_x = 1, .ofs_y = 3}, /* U+003C */
    {.bitmap_index = 2328, .adv_w = 224, .box_w = 12, .box_h = 8, .ofs_x = 1, .ofs_y = 5}, /* U+003D */
    {.bitmap_index = 2376, .adv_w = 224, .box_w = 12, .box_h = 11, .ofs_x = 1, .ofs_y = 3}, /* U+003E */
    {.bitmap_index = 2442, .adv_w = 220, .box_w = 13, .box_h = 17, .ofs_x = 0, .ofs_y = 0}, /* U+003F */
    {.bitmap_index = 2553, .adv_w = 397, .box_w = 23, .box_h = 22, .ofs_x = 1, .ofs_y = -5}, /* U+0040 */
    {.bitmap_index = 2806, .adv_w = 281, .box_w = 18, .box_h = 17, .ofs_x = 0, .ofs_y = 0}, /* U+0041 */
    {.bitmap_index = 2959, .adv_w = 291, .box_w = 15, .box_h = 17, .ofs_x = 2, .ofs_y = 0}, /* U+0042 */
    {.bitmap_index = 3087, .adv_w = 278, .box_w = 16, .box_h = 17, .ofs_x = 1, .ofs_y = 0}, /* U+0043 */
    {.bitmap_index = 3223, .adv_w = 317, .box_w = 17, .box_h = 17, .ofs_x = 2, .ofs_y = 0}, /* U+0044 */
    {.bitmap_index = 3368, .adv_w = 257, .box_w = 13, .box_h = 17, .ofs_x = 2, .ofs_y = 0}, /* U+0045 */
    {.bitmap_index = 3479, .adv_w = 244, .box_w = 13, .box_h = 17, .ofs_x = 2, .ofs_y = 0}, /* U+0046 */
    {.bitmap_index = 3590, .adv_w = 296, .box_w = 16, .box_h = 17, .ofs_x = 1, .ofs_y = 0}, /* U+0047 */
    {.bitmap_index = 3726, .adv_w = 312, .box_w = 15, .box_h = 17, .ofs_x = 2, .ofs_y = 0}, /* U+0048 */
    {.bitmap_index = 3854, .adv_w = 119, .box_w = 3, .box_h = 17, .ofs_x = 2, .ofs_y = 0}, /* U+0049 */
    {.bitmap_index = 3880, .adv_w = 197, .box_w = 11, .box_h = 17, .ofs_x = -1, .ofs_y = 0}, /* U+004A */
    {.bitmap_index = 3974, .adv_w = 276, .box_w = 16, .box_h = 17, .ofs_x = 2, .ofs_y = 0}, /* U+004B */
    {.bitmap_index = 4110, .adv_w = 228, .box_w = 13, .box_h = 17, .ofs_x = 2, .ofs_y = 0}, /* U+004C */
    {.bitmap_index = 4221, .adv_w = 367, .box_w = 19, .box_h = 17, .ofs_x = 2, .ofs_y = 0}, /* U+004D */
    {.bitmap_index = 4383, .adv_w = 312, .box_w = 15, .box_h = 17, .ofs_x = 2, .ofs_y = 0}, /* U+004E */
    {.bitmap_index = 4511, .adv_w = 322, .box_w = 18, .box_h = 17, .ofs_x = 1, .ofs_y = 0}, /* U+004F */
    {.bitmap_index = 4664, .adv_w = 277, .box_w = 15, .box_h = 17, .ofs_x = 2, .ofs_y = 0}, /* U+0050 */
    {.bitmap_index = 4792, .adv_w = 322, .box_w = 19, .box_h = 20, .ofs_x = 1, .ofs_y = -3}, /* U+0051 */
    {.bitmap_index = 4982, .adv_w = 279, .box_w = 15, .box_h = 17, .ofs_x = 2, .ofs_y = 0}, /* U+0052 */
    {.bitmap_index = 5110, .adv_w = 238, .box_w = 13, .box_h = 17, .ofs_x = 1, .ofs_y = 0}, /* U+0053 */
    {.bitmap_index = 5221, .adv_w = 226, .box_w = 14, .box_h = 17, .ofs_x = 0, .ofs_y = 0}, /* U+0054 */
    {.bitmap_index = 5340, .adv_w = 304, .box_w = 15, .box_h = 17, .ofs_x = 2, .ofs_y = 0}, /* U+0055 */
    {.bitmap_index = 5468, .adv_w = 274, .box_w = 18, .box_h = 17, .ofs_x = 0, .ofs_y = 0}, /* U+0056 */
    {.bitmap_index = 5621, .adv_w = 432, .box_w = 27, .box_h = 17, .ofs_x = 0, .ofs_y = 0}, /* U+0057 */
    {.bitmap_index = 5851, .adv_w = 258, .box_w = 16, .box_h = 17, .ofs_x = 0, .ofs_y = 0}, /* U+0058 */
    {.bitmap_index = 5987, .adv_w = 248, .box_w = 17, .box_h = 17, .ofs_x = -1, .ofs_y = 0}, /* U+0059 */
    {.bitmap_index = 6132, .adv_w = 252, .box_w = 15, .box_h = 17, .ofs_x = 1, .ofs_y = 0}, /* U+005A */
    {.bitmap_index = 6260, .adv_w = 128, .box_w = 6, .box_h = 23, .ofs_x = 2, .ofs_y = -5}, /* U+005B */
    {.bitmap_index = 6329, .adv_w = 135, .box_w = 11, .box_h = 23, .ofs_x = -1, .ofs_y = -2}, /* U+005C */
    {.bitmap_index = 6456, .adv_w = 128, .box_w = 6, .box_h = 23, .ofs_x = 0, .ofs_y = -5}, /* U+005D */
    {.bitmap_index = 6525, .adv_w = 224, .box_w = 12, .box_h = 10, .ofs_x = 1, .ofs_y = 3}, /* U+005E */
    {.bitmap_index = 6585, .adv_w = 192, .box_w = 12, .box_h = 3, .ofs_x = 0, .ofs_y = -1}, /* U+005F */
    {.bitmap_index = 6603, .adv_w = 230, .box_w = 7, .box_h = 3, .ofs_x = 2, .ofs_y = 15}, /* U+0060 */
    {.bitmap_index = 6614, .adv_w = 230, .box_w = 12, .box_h = 13, .ofs_x = 1, .ofs_y = 0}, /* U+0061 */
    {.bitmap_index = 6692, .adv_w = 262, .box_w = 14, .box_h = 18, .ofs_x = 2, .ofs_y = 0}, /* U+0062 */
    {.bitmap_index = 6818, .adv_w = 219, .box_w = 12, .box_h = 13, .ofs_x = 1, .ofs_y = 0}, /* U+0063 */
    {.bitmap_index = 6896, .adv_w = 262, .box_w = 14, .box_h = 18, .ofs_x = 1, .ofs_y = 0}, /* U+0064 */
    {.bitmap_index = 7022, .adv_w = 235, .box_w = 13, .box_h = 13, .ofs_x = 1, .ofs_y = 0}, /* U+0065 */
    {.bitmap_index = 7107, .adv_w = 136, .box_w = 10, .box_h = 18, .ofs_x = 0, .ofs_y = 0}, /* U+0066 */
    {.bitmap_index = 7197, .adv_w = 265, .box_w = 14, .box_h = 18, .ofs_x = 1, .ofs_y = -5}, /* U+0067 */
    {.bitmap_index = 7323, .adv_w = 262, .box_w = 13, .box_h = 18, .ofs_x = 2, .ofs_y = 0}, /* U+0068 */
    {.bitmap_index = 7440, .adv_w = 107, .box_w = 4, .box_h = 18, .ofs_x = 1, .ofs_y = 0}, /* U+0069 */
    {.bitmap_index = 7476, .adv_w = 109, .box_w = 8, .box_h = 23, .ofs_x = -3, .ofs_y = -5}, /* U+006A */
    {.bitmap_index = 7568, .adv_w = 236, .box_w = 13, .box_h = 18, .ofs_x = 2, .ofs_y = 0}, /* U+006B */
    {.bitmap_index = 7685, .adv_w = 107, .box_w = 3, .box_h = 18, .ofs_x = 2, .ofs_y = 0}, /* U+006C */
    {.bitmap_index = 7712, .adv_w = 406, .box_w = 22, .box_h = 13, .ofs_x = 2, .ofs_y = 0}, /* U+006D */
    {.bitmap_index = 7855, .adv_w = 262, .box_w = 13, .box_h = 13, .ofs_x = 2, .ofs_y = 0}, /* U+006E */
    {.bitmap_index = 7940, .adv_w = 244, .box_w = 14, .box_h = 13, .ofs_x = 1, .ofs_y = 0}, /* U+006F */
    {.bitmap_index = 8031, .adv_w = 262, .box_w = 14, .box_h = 18, .ofs_x = 2, .ofs_y = -5}, /* U+0070 */
    {.bitmap_index = 8157, .adv_w = 262, .box_w = 14, .box_h = 18, .ofs_x = 1, .ofs_y = -5}, /* U+0071 */
    {.bitmap_index = 8283, .adv_w = 158, .box_w = 8, .box_h = 13, .ofs_x = 2, .ofs_y = 0}, /* U+0072 */
    {.bitmap_index = 8335, .adv_w = 192, .box_w = 12, .box_h = 13, .ofs_x = 0, .ofs_y = 0}, /* U+0073 */
    {.bitmap_index = 8413, .adv_w = 159, .box_w = 10, .box_h = 16, .ofs_x = 0, .ofs_y = 0}, /* U+0074 */
    {.bitmap_index = 8493, .adv_w = 260, .box_w = 13, .box_h = 13, .ofs_x = 2, .ofs_y = 0}, /* U+0075 */
    {.bitmap_index = 8578, .adv_w = 215, .box_w = 14, .box_h = 13, .ofs_x = 0, .ofs_y = 0}, /* U+0076 */
    {.bitmap_index = 8669, .adv_w = 345, .box_w = 22, .box_h = 13, .ofs_x = 0, .ofs_y = 0}, /* U+0077 */
    {.bitmap_index = 8812, .adv_w = 212, .box_w = 13, .box_h = 13, .ofs_x = 0, .ofs_y = 0}, /* U+0078 */
    {.bitmap_index = 8897, .adv_w = 215, .box_w = 15, .box_h = 18, .ofs_x = -1, .ofs_y = -5}, /* U+0079 */
    {.bitmap_index = 9032, .adv_w = 200, .box_w = 12, .box_h = 13, .ofs_x = 0, .ofs_y = 0}, /* U+007A */
    {.bitmap_index = 9110, .adv_w = 135, .box_w = 7, .box_h = 23, .ofs_x = 1, .ofs_y = -5}, /* U+007B */
    {.bitmap_index = 9191, .adv_w = 115, .box_w = 3, .box_h = 23, .ofs_x = 2, .ofs_y = -5}, /* U+007C */
    {.bitmap_index = 9226, .adv_w = 135, .box_w = 8, .box_h = 23, .ofs_x = 0, .ofs_y = -5}, /* U+007D */
    {.bitmap_index = 9318, .adv_w = 224, .box_w = 12, .box_h = 5, .ofs_x = 1, .ofs_y = 7}, /* U+007E */
    {.bitmap_index = 9348, .adv_w = 248, .box_w = 16, .box_h = 17, .ofs_x = 0, .ofs_y = 0}, /* U+00A3 */
    {.bitmap_index = 9484, .adv_w = 161, .box_w = 8, .box_h = 9, .ofs_x = 1, .ofs_y = 9}, /* U+00B0 */
    {.bitmap_index = 9520, .adv_w = 224, .box_w = 12, .box_h = 15, .ofs_x = 1, .ofs_y = 0}, /* U+00B1 */
    {.bitmap_index = 9610, .adv_w = 102, .box_w = 4, .box_h = 3, .ofs_x = 1, .ofs_y = 5}, /* U+00B7 */
    {.bitmap_index = 9616, .adv_w = 322, .box_w = 18, .box_h = 21, .ofs_x = 1, .ofs_y = 0}, /* U+00D3 */
    {.bitmap_index = 9805, .adv_w = 224, .box_w = 10, .box_h = 10, .ofs_x = 2, .ofs_y = 3}, /* U+00D7 */
    {.bitmap_index = 9855, .adv_w = 244, .box_w = 14, .box_h = 18, .ofs_x = 1, .ofs_y = 0}, /* U+00F3 */
    {.bitmap_index = 9981, .adv_w = 281, .box_w = 19, .box_h = 23, .ofs_x = 0, .ofs_y = -6}, /* U+0104 */
    {.bitmap_index = 10200, .adv_w = 230, .box_w = 12, .box_h = 19, .ofs_x = 1, .ofs_y = -6}, /* U+0105 */
    {.bitmap_index = 10314, .adv_w = 278, .box_w = 16, .box_h = 21, .ofs_x = 1, .ofs_y = 0}, /* U+0106 */
    {.bitmap_index = 10482, .adv_w = 219, .box_w = 12, .box_h = 18, .ofs_x = 1, .ofs_y = 0}, /* U+0107 */
    {.bitmap_index = 10590, .adv_w = 257, .box_w = 14, .box_h = 23, .ofs_x = 2, .ofs_y = -6}, /* U+0118 */
    {.bitmap_index = 10751, .adv_w = 235, .box_w = 13, .box_h = 19, .ofs_x = 1, .ofs_y = -6}, /* U+0119 */
    {.bitmap_index = 10875, .adv_w = 231, .box_w = 15, .box_h = 17, .ofs_x = 0, .ofs_y = 0}, /* U+0141 */
    {.bitmap_index = 11003, .adv_w = 113, .box_w = 9, .box_h = 18, .ofs_x = -1, .ofs_y = 0}, /* U+0142 */
    {.bitmap_index = 11084, .adv_w = 312, .box_w = 15, .box_h = 21, .ofs_x = 2, .ofs_y = 0}, /* U+0143 */
    {.bitmap_index = 11242, .adv_w = 262, .box_w = 13, .box_h = 18, .ofs_x = 2, .ofs_y = 0}, /* U+0144 */
    {.bitmap_index = 11359, .adv_w = 238, .box_w = 13, .box_h = 21, .ofs_x = 1, .ofs_y = 0}, /* U+015A */
    {.bitmap_index = 11496, .adv_w = 192, .box_w = 12, .box_h = 18, .ofs_x = 0, .ofs_y = 0}, /* U+015B */
    {.bitmap_index = 11604, .adv_w = 252, .box_w = 15, .box_h = 21, .ofs_x = 1, .ofs_y = 0}, /* U+0179 */
    {.bitmap_index = 11762, .adv_w = 200, .box_w = 12, .box_h = 18, .ofs_x = 0, .ofs_y = 0}, /* U+017A */
    {.bitmap_index = 11870, .adv_w = 252, .box_w = 15, .box_h = 22, .ofs_x = 1, .ofs_y = 0}, /* U+017B */
    {.bitmap_index = 12035, .adv_w = 200, .box_w = 12, .box_h = 18, .ofs_x = 0, .ofs_y = 0}, /* U+017C */
    {.bitmap_index = 12143, .adv_w = 192, .box_w = 12, .box_h = 3, .ofs_x = 0, .ofs_y = 6}, /* U+2013 */
    {.bitmap_index = 12161, .adv_w = 160, .box_w = 8, .box_h = 7, .ofs_x = 1, .ofs_y = 11}, /* U+201C */
    {.bitmap_index = 12189, .adv_w = 160, .box_w = 8, .box_h = 7, .ofs_x = 1, .ofs_y = 11}, /* U+201D */
    {.bitmap_index = 12217, .adv_w = 160, .box_w = 8, .box_h = 7, .ofs_x = 1, .ofs_y = -4}, /* U+201E */
    {.bitmap_index = 12245, .adv_w = 120, .box_w = 5, .box_h = 4, .ofs_x = 1, .ofs_y = 4}, /* U+2022 */
    {.bitmap_index = 12255, .adv_w = 265, .box_w = 15, .box_h = 3, .ofs_x = 1, .ofs_y = 0}, /* U+2026 */
    {.bitmap_index = 12278, .adv_w = 310, .box_w = 19, .box_h = 17, .ofs_x = 0, .ofs_y = 0}, /* U+20AC */
    {.bitmap_index = 12440, .adv_w = 224, .box_w = 12, .box_h = 2, .ofs_x = 1, .ofs_y = 7}, /* U+2212 */
    {.bitmap_index = 12452, .adv_w = 384, .box_w = 24, .box_h = 24, .ofs_x = 0, .ofs_y = -3}, /* U+F001 */
    {.bitmap_index = 12740, .adv_w = 384, .box_w = 25, .box_h = 25, .ofs_x = 0, .ofs_y = -4}, /* U+F002 */
    {.bitmap_index = 13053, .adv_w = 384, .box_w = 24, .box_h = 18, .ofs_x = 0, .ofs_y = 0}, /* U+F008 */
    {.bitmap_index = 13269, .adv_w = 384, .box_w = 24, .box_h = 21, .ofs_x = 0, .ofs_y = -2}, /* U+F00B */
    {.bitmap_index = 13521, .adv_w = 384, .box_w = 24, .box_h = 18, .ofs_x = 0, .ofs_y = 0}, /* U+F00C */
    {.bitmap_index = 13737, .adv_w = 264, .box_w = 17, .box_h = 17, .ofs_x = 0, .ofs_y = 1}, /* U+F00D */
    {.bitmap_index = 13882, .adv_w = 384, .box_w = 24, .box_h = 24, .ofs_x = 0, .ofs_y = -3}, /* U+F011 */
    {.bitmap_index = 14170, .adv_w = 384, .box_w = 24, .box_h = 24, .ofs_x = 0, .ofs_y = -3}, /* U+F013 */
    {.bitmap_index = 14458, .adv_w = 432, .box_w = 27, .box_h = 21, .ofs_x = 0, .ofs_y = -2}, /* U+F015 */
    {.bitmap_index = 14742, .adv_w = 384, .box_w = 23, .box_h = 24, .ofs_x = 0, .ofs_y = -3}, /* U+F017 */
    {.bitmap_index = 15018, .adv_w = 384, .box_w = 24, .box_h = 24, .ofs_x = 0, .ofs_y = -3}, /* U+F019 */
    {.bitmap_index = 15306, .adv_w = 432, .box_w = 27, .box_h = 18, .ofs_x = 0, .ofs_y = 0}, /* U+F01C */
    {.bitmap_index = 15549, .adv_w = 384, .box_w = 24, .box_h = 26, .ofs_x = 0, .ofs_y = -4}, /* U+F021 */
    {.bitmap_index = 15861, .adv_w = 192, .box_w = 12, .box_h = 19, .ofs_x = 0, .ofs_y = -1}, /* U+F026 */
    {.bitmap_index = 15975, .adv_w = 288, .box_w = 18, .box_h = 19, .ofs_x = 0, .ofs_y = -1}, /* U+F027 */
    {.bitmap_index = 16146, .adv_w = 432, .box_w = 27, .box_h = 24, .ofs_x = 0, .ofs_y = -3}, /* U+F028 */
    {.bitmap_index = 16470, .adv_w = 384, .box_w = 24, .box_h = 18, .ofs_x = 0, .ofs_y = 0}, /* U+F03E */
    {.bitmap_index = 16686, .adv_w = 264, .box_w = 16, .box_h = 24, .ofs_x = 0, .ofs_y = -3}, /* U+F043 */
    {.bitmap_index = 16878, .adv_w = 336, .box_w = 15, .box_h = 23, .ofs_x = 3, .ofs_y = -3}, /* U+F048 */
    {.bitmap_index = 17051, .adv_w = 336, .box_w = 21, .box_h = 24, .ofs_x = 0, .ofs_y = -3}, /* U+F04B */
    {.bitmap_index = 17303, .adv_w = 336, .box_w = 21, .box_h = 21, .ofs_x = 0, .ofs_y = -1}, /* U+F04C */
    {.bitmap_index = 17524, .adv_w = 336, .box_w = 21, .box_h = 21, .ofs_x = 0, .ofs_y = -2}, /* U+F04D */
    {.bitmap_index = 17745, .adv_w = 336, .box_w = 15, .box_h = 23, .ofs_x = 3, .ofs_y = -3}, /* U+F051 */
    {.bitmap_index = 17918, .adv_w = 336, .box_w = 21, .box_h = 22, .ofs_x = 0, .ofs_y = -2}, /* U+F052 */
    {.bitmap_index = 18149, .adv_w = 240, .box_w = 13, .box_h = 22, .ofs_x = 1, .ofs_y = -2}, /* U+F053 */
    {.bitmap_index = 18292, .adv_w = 240, .box_w = 13, .box_h = 22, .ofs_x = 1, .ofs_y = -2}, /* U+F054 */
    {.bitmap_index = 18435, .adv_w = 384, .box_w = 24, .box_h = 24, .ofs_x = 0, .ofs_y = -3}, /* U+F05A */
    {.bitmap_index = 18723, .adv_w = 336, .box_w = 21, .box_h = 22, .ofs_x = 0, .ofs_y = -2}, /* U+F060 */
    {.bitmap_index = 18954, .adv_w = 336, .box_w = 21, .box_h = 22, .ofs_x = 0, .ofs_y = -2}, /* U+F061 */
    {.bitmap_index = 19185, .adv_w = 336, .box_w = 22, .box_h = 21, .ofs_x = 0, .ofs_y = -2}, /* U+F062 */
    {.bitmap_index = 19416, .adv_w = 336, .box_w = 22, .box_h = 21, .ofs_x = 0, .ofs_y = -2}, /* U+F063 */
    {.bitmap_index = 19647, .adv_w = 336, .box_w = 21, .box_h = 21, .ofs_x = 0, .ofs_y = -2}, /* U+F067 */
    {.bitmap_index = 19868, .adv_w = 336, .box_w = 21, .box_h = 5, .ofs_x = 0, .ofs_y = 7}, /* U+F068 */
    {.bitmap_index = 19921, .adv_w = 432, .box_w = 27, .box_h = 25, .ofs_x = 0, .ofs_y = -4}, /* U+F06C */
    {.bitmap_index = 20259, .adv_w = 432, .box_w = 27, .box_h = 18, .ofs_x = 0, .ofs_y = 0}, /* U+F06E */
    {.bitmap_index = 20502, .adv_w = 480, .box_w = 31, .box_h = 24, .ofs_x = -1, .ofs_y = -3}, /* U+F070 */
    {.bitmap_index = 20874, .adv_w = 432, .box_w = 27, .box_h = 24, .ofs_x = 0, .ofs_y = -3}, /* U+F071 */
    {.bitmap_index = 21198, .adv_w = 384, .box_w = 24, .box_h = 22, .ofs_x = 0, .ofs_y = -2}, /* U+F074 */
    {.bitmap_index = 21462, .adv_w = 336, .box_w = 21, .box_h = 14, .ofs_x = 0, .ofs_y = 2}, /* U+F077 */
    {.bitmap_index = 21609, .adv_w = 336, .box_w = 21, .box_h = 14, .ofs_x = 0, .ofs_y = 2}, /* U+F078 */
    {.bitmap_index = 21756, .adv_w = 480, .box_w = 31, .box_h = 19, .ofs_x = -1, .ofs_y = -1}, /* U+F079 */
    {.bitmap_index = 22051, .adv_w = 384, .box_w = 24, .box_h = 18, .ofs_x = 0, .ofs_y = 0}, /* U+F07B */
    {.bitmap_index = 22267, .adv_w = 384, .box_w = 24, .box_h = 24, .ofs_x = 0, .ofs_y = -3}, /* U+F093 */
    {.bitmap_index = 22555, .adv_w = 384, .box_w = 24, .box_h = 24, .ofs_x = 0, .ofs_y = -3}, /* U+F095 */
    {.bitmap_index = 22843, .adv_w = 336, .box_w = 21, .box_h = 21, .ofs_x = 0, .ofs_y = -2}, /* U+F0C4 */
    {.bitmap_index = 23064, .adv_w = 336, .box_w = 21, .box_h = 24, .ofs_x = 0, .ofs_y = -3}, /* U+F0C5 */
    {.bitmap_index = 23316, .adv_w = 336, .box_w = 21, .box_h = 21, .ofs_x = 0, .ofs_y = -2}, /* U+F0C7 */
    {.bitmap_index = 23537, .adv_w = 336, .box_w = 21, .box_h = 20, .ofs_x = 0, .ofs_y = -1}, /* U+F0C9 */
    {.bitmap_index = 23747, .adv_w = 384, .box_w = 24, .box_h = 18, .ofs_x = 0, .ofs_y = 0}, /* U+F0E0 */
    {.bitmap_index = 23963, .adv_w = 240, .box_w = 15, .box_h = 24, .ofs_x = 0, .ofs_y = -3}, /* U+F0E7 */
    {.bitmap_index = 24143, .adv_w = 336, .box_w = 21, .box_h = 24, .ofs_x = 0, .ofs_y = -3}, /* U+F0EA */
    {.bitmap_index = 24395, .adv_w = 336, .box_w = 21, .box_h = 24, .ofs_x = 0, .ofs_y = -3}, /* U+F0F3 */
    {.bitmap_index = 24647, .adv_w = 432, .box_w = 27, .box_h = 18, .ofs_x = 0, .ofs_y = 0}, /* U+F11C */
    {.bitmap_index = 24890, .adv_w = 384, .box_w = 24, .box_h = 24, .ofs_x = 0, .ofs_y = -3}, /* U+F124 */
    {.bitmap_index = 25178, .adv_w = 336, .box_w = 21, .box_h = 24, .ofs_x = 0, .ofs_y = -3}, /* U+F133 */
    {.bitmap_index = 25430, .adv_w = 288, .box_w = 18, .box_h = 24, .ofs_x = 0, .ofs_y = -3}, /* U+F15B */
    {.bitmap_index = 25646, .adv_w = 384, .box_w = 24, .box_h = 24, .ofs_x = 0, .ofs_y = -3}, /* U+F185 */
    {.bitmap_index = 25934, .adv_w = 384, .box_w = 24, .box_h = 18, .ofs_x = 0, .ofs_y = 0}, /* U+F1B9 */
    {.bitmap_index = 26150, .adv_w = 288, .box_w = 18, .box_h = 25, .ofs_x = 0, .ofs_y = -4}, /* U+F1E6 */
    {.bitmap_index = 26375, .adv_w = 480, .box_w = 30, .box_h = 22, .ofs_x = 0, .ofs_y = -2}, /* U+F1EB */
    {.bitmap_index = 26705, .adv_w = 384, .box_w = 24, .box_h = 18, .ofs_x = 0, .ofs_y = 0}, /* U+F201 */
    {.bitmap_index = 26921, .adv_w = 480, .box_w = 30, .box_h = 15, .ofs_x = 0, .ofs_y = 1}, /* U+F240 */
    {.bitmap_index = 27146, .adv_w = 480, .box_w = 30, .box_h = 15, .ofs_x = 0, .ofs_y = 1}, /* U+F241 */
    {.bitmap_index = 27371, .adv_w = 480, .box_w = 30, .box_h = 15, .ofs_x = 0, .ofs_y = 1}, /* U+F242 */
    {.bitmap_index = 27596, .adv_w = 480, .box_w = 30, .box_h = 15, .ofs_x = 0, .ofs_y = 1}, /* U+F243 */
    {.bitmap_index = 27821, .adv_w = 480, .box_w = 30, .box_h = 15, .ofs_x = 0, .ofs_y = 1}, /* U+F244 */
    {.bitmap_index = 28046, .adv_w = 384, .box_w = 24, .box_h = 21, .ofs_x = 0, .ofs_y = -2}, /* U+F275 */
    {.bitmap_index = 28298, .adv_w = 480, .box_w = 31, .box_h = 18, .ofs_x = 0, .ofs_y = 0}, /* U+F287 */
    {.bitmap_index = 28577, .adv_w = 336, .box_w = 18, .box_h = 24, .ofs_x = 1, .ofs_y = -3}, /* U+F293 */
    {.bitmap_index = 28793, .adv_w = 192, .box_w = 12, .box_h = 24, .ofs_x = 0, .ofs_y = -3}, /* U+F2C9 */
    {.bitmap_index = 28937, .adv_w = 384, .box_w = 26, .box_h = 24, .ofs_x = -1, .ofs_y = -3}, /* U+F2DB */
    {.bitmap_index = 29249, .adv_w = 336, .box_w = 21, .box_h = 24, .ofs_x = 0, .ofs_y = -3}, /* U+F2ED */
    {.bitmap_index = 29501, .adv_w = 384, .box_w = 24, .box_h = 24, .ofs_x = 0, .ofs_y = -3}, /* U+F304 */
    {.bitmap_index = 29789, .adv_w = 432, .box_w = 27, .box_h = 21, .ofs_x = 0, .ofs_y = -2}, /* U+F3FD */
    {.bitmap_index = 30073, .adv_w = 432, .box_w = 27, .box_h = 24, .ofs_x = 0, .ofs_y = -3}, /* U+F4D3 */
    {.bitmap_index = 30397, .adv_w = 480, .box_w = 30, .box_h = 24, .ofs_x = 0, .ofs_y = -3}, /* U+F519 */
    {.bitmap_index = 30757, .adv_w = 384, .box_w = 24, .box_h = 24, .ofs_x = 0, .ofs_y = -3}, /* U+F51E */
    {.bitmap_index = 31045, .adv_w = 480, .box_w = 30, .box_h = 22, .ofs_x = 0, .ofs_y = -2}, /* U+F53A */
    {.bitmap_index = 31375, .adv_w = 384, .box_w = 24, .box_h = 21, .ofs_x = 0, .ofs_y = -2}, /* U+F555 */
    {.bitmap_index = 31627, .adv_w = 480, .box_w = 30, .box_h = 18, .ofs_x = 0, .ofs_y = 0}, /* U+F55A */
    {.bitmap_index = 31897, .adv_w = 480, .box_w = 30, .box_h = 24, .ofs_x = 0, .ofs_y = -3}, /* U+F5BA */
    {.bitmap_index = 32257, .adv_w = 288, .box_w = 18, .box_h = 24, .ofs_x = 0, .ofs_y = -3}, /* U+F7C2 */
    {.bitmap_index = 32473, .adv_w = 386, .box_w = 24, .box_h = 15, .ofs_x = 0, .ofs_y = 1}, /* U+F8A2 */
};

static const uint16_t unicode_list_1[] = {
    0x0, 0xd, 0xe, 0x14, 0x30, 0x34, 0x50, 0x61,
    0x62, 0x63, 0x64, 0x75, 0x76, 0x9e, 0x9f, 0xa0,
    0xa1, 0xb7, 0xb8, 0xd6, 0xd7, 0xd8, 0xd9, 0x1f70,
    0x1f79, 0x1f7a, 0x1f7b, 0x1f7f, 0x1f83, 0x2009, 0x216f, 0xef5e,
    0xef5f, 0xef65, 0xef68, 0xef69, 0xef6a, 0xef6e, 0xef70, 0xef72,
    0xef74, 0xef76, 0xef79, 0xef7e, 0xef83, 0xef84, 0xef85, 0xef9b,
    0xefa0, 0xefa5, 0xefa8, 0xefa9, 0xefaa, 0xefae, 0xefaf, 0xefb0,
    0xefb1, 0xefb7, 0xefbd, 0xefbe, 0xefbf, 0xefc0, 0xefc4, 0xefc5,
    0xefc9, 0xefcb, 0xefcd, 0xefce, 0xefd1, 0xefd4, 0xefd5, 0xefd6,
    0xefd8, 0xeff0, 0xeff2, 0xf021, 0xf022, 0xf024, 0xf026, 0xf03d,
    0xf044, 0xf047, 0xf050, 0xf079, 0xf081, 0xf090, 0xf0b8, 0xf0e2,
    0xf116, 0xf143, 0xf148, 0xf15e, 0xf19d, 0xf19e, 0xf19f, 0xf1a0,
    0xf1a1, 0xf1d2, 0xf1e4, 0xf1f0, 0xf226, 0xf238, 0xf24a, 0xf261,
    0xf35a, 0xf430, 0xf476, 0xf47b, 0xf497, 0xf4b2, 0xf4b7, 0xf517,
    0xf71f, 0xf7ff,
};

static const lv_font_fmt_txt_cmap_t cmaps[] = {
    {
        .range_start = 32, .range_length = 95, .glyph_id_start = 1,
        .unicode_list = NULL, .glyph_id_ofs_list = NULL, .list_length = 0, .type = LV_FONT_FMT_TXT_CMAP_FORMAT0_TINY
    },
    {
        .range_start = 163, .range_length = 63488, .glyph_id_start = 96,
        .unicode_list = unicode_list_1, .glyph_id_ofs_list = NULL, .list_length = 114, .type = LV_FONT_FMT_TXT_CMAP_SPARSE_TINY
    }
};

static const lv_font_fmt_txt_dsc_t font_dsc = {
    .glyph_bitmap = glyph_bitmap,
    .glyph_dsc = glyph_dsc,
    .cmaps = cmaps,
    .kern_dsc = NULL,
    .kern_scale = 0,
    .cmap_num = 2,
    .bpp = 4,
    .kern_classes = 0,
    .bitmap_format = 0,
};

extern const lv_font_t font_pl_24;   /* external linkage also when compiled as C++ */
const lv_font_t font_pl_24 = {
    .get_glyph_dsc = lv_font_get_glyph_dsc_fmt_txt,
    .get_glyph_bitmap = lv_font_get_bitmap_fmt_txt,
    .line_height = 28,
    .base_line = 6,
    .subpx = LV_FONT_SUBPX_NONE,
    .underline_position = -1,
    .underline_thickness = 1,
    .dsc = &font_dsc,
    .fallback = NULL,
    .user_data = NULL,
};
